job_id,job_title,employer_name,employer_logo,employer_website,job_publisher,job_employment_type,job_employment_types,job_apply_link,job_apply_is_direct
d-qbi3koyF3PCGXzAAAAAA==,FullStack Senior Software Engineer - Golang / Python,GoDaddy,,http://www.godaddy.com/,GoDaddy Careers,Full-time,['FULLTIME'],https://careers.godaddy/jobs/fullstack-senior-software-engineer-golang-python-india?utm_campaign=google_jobs_apply&utm_source=google_jobs_apply&utm_medium=organic,False
6-50Q70G7yi_AL9WAAAAAA==,Software Engineering Senior Analyst,The Cigna Group,https://encrypted-tbn0.gstatic.com/images?q=tbn:ANd9GcRbiM2lMDe9hA14IFZdSJw8Mz2cZQJcbXPKXxHS&s=0,https://www.thecignagroup.com/,Cigna - The Cigna Group,Full-time,['FULLTIME'],https://jobs.thecignagroup.com/us/en/job/25010390/Software-Engineering-Senior-Analyst?utm_campaign=google_jobs_apply&utm_source=google_jobs_apply&utm_medium=organic,False
o5k04IzXXV9fXFfGAAAAAA==,Senior Software Engineer - QT/QML CPP,Quest Global,https://encrypted-tbn0.gstatic.com/images?q=tbn:ANd9GcQZHaMCdGGIK0oanecRqJSp1PlotM6YGnhF9VC2&s=0,http://www.questglobal.com/,Quest Global,Full-time,['FULLTIME'],https://careers.quest-global.com/global/en/job/P-110675/Senior-Software-Engineer-QT-QML-CPP?utm_campaign=google_jobs_apply&utm_source=google_jobs_apply&utm_medium=organic,False
xy4lWoXDpL2I35OhAAAAAA==,Senior Software Engineer in Test,Mastercard,https://encrypted-tbn0.gstatic.com/images?q=tbn:ANd9GcTnWxNA5w472wqgBWJbT6wqQd_uHMmklYpnLovn&s=0,https://www.mastercard.com,Mastercard Careers,Full-time,['FULLTIME'],https://careers.mastercard.com/us/en/job/R-254782/Senior-Software-Engineer-in-Test?utm_campaign=google_jobs_apply&utm_source=google_jobs_apply&utm_medium=organic,False
AMNDDCzvRfuwuy3BAAAAAA==,Software Engineer 3,eBay,https://encrypted-tbn0.gstatic.com/images?q=tbn:ANd9GcQ4jJ8mXgZgwBwf88jYM5si3QgvclxNqkf56J4G&s=0,http://www.ebay.com/,EBay Jobs - EBay Inc.,Full-time,['FULLTIME'],https://jobs.ebayinc.com/us/en/job/R0068615/Software-Engineer-3?utm_campaign=google_jobs_apply&utm_source=google_jobs_apply&utm_medium=organic,False
TTBc9-9avBolpBcUAAAAAA==,Software Engineer II A- GBS IND,Bank of America,https://encrypted-tbn0.gstatic.com/images?q=tbn:ANd9GcQtm0lhShYC8hON08VPDVGAlRQB88S4Na8DZ6gQ&s=0,http://www.bankofamerica.com/,Bank Of America Careers,Full-time,['FULLTIME'],https://careers.bankofamerica.com/en-us/job-detail/25029773/software-engineer-ii-a-gbs-ind-multiple-locations?utm_campaign=google_jobs_apply&utm_source=google_jobs_apply&utm_medium=organic,False
hu8BVbHHHkPU2GxCAAAAAA==,"Software Engineer, Data Platform",Zoom,https://encrypted-tbn0.gstatic.com/images?q=tbn:ANd9GcTtI43FzHeyFuGXCsm4MNhZ2cfe6-X3XpaYr3fp&s=0,http://www.zoom.com/,Zoom Careers,Full-time,['FULLTIME'],https://careers.zoom.us/jobs/software-engineer-data-platform-india-56ca73cd-6f5d-4ec4-9934-fd16a05392ec?utm_campaign=google_jobs_apply&utm_source=google_jobs_apply&utm_medium=organic,False
8QJu0lyYWxL-HljuAAAAAA==,Software Engineer - SAP FICA,Maersk,https://encrypted-tbn0.gstatic.com/images?q=tbn:ANd9GcSryb9HjIp8Panzi4ci6dMdEWbamuzvrH6y7vDc&s=0,https://www.maersk.com/,Maersk,Full-time,['FULLTIME'],https://www.maersk.com/careers/vacancies/wd/Software-Engineer---SAP-FICA_R148247/jt-software-engineer-sap-fica?utm_campaign=google_jobs_apply&utm_source=google_jobs_apply&utm_medium=organic,False
OjUZbRpK_yUsWL4vAAAAAA==,Software Engineer III Machine Learning Big Data Developer,JPMorganChase,https://encrypted-tbn0.gstatic.com/images?q=tbn:ANd9GcSJGlBBMSH3KKcmylT5lMvWctF0mf1Ywm-2xFv5&s=0,http://www.jpmorganchase.com/,LinkedIn,Full-time,['FULLTIME'],https://in.linkedin.com/jobs/view/software-engineer-iii-machine-learning-big-data-developer-at-jpmorganchase-4282663025?utm_campaign=google_jobs_apply&utm_source=google_jobs_apply&utm_medium=organic,False
4xhm-cc1yXzr6mWkAAAAAA==,Sr. Software Engineer I,Planview Incorporated,https://encrypted-tbn0.gstatic.com/images?q=tbn:ANd9GcTrgUm3NpYfcS4DP3rd7hQcXtQcl8PXd4bqXppB&s=0,http://www.planview.com/,Planview | Careers,Full-time,['FULLTIME'],https://careers.planview.com/careers-home/jobs/4711?lang=en-us&utm_campaign=google_jobs_apply&utm_source=google_jobs_apply&utm_medium=organic,True
82UF01EKFbIfQMXQAAAAAA==,Software Engineer 3,Comcast,,https://corporate.comcast.com,Comcast Careers - Xfinity,Full-time,['FULLTIME'],https://jobs.comcast.com/job/chennai/software-engineer-3/45483/82771527824?utm_campaign=google_jobs_apply&utm_source=google_jobs_apply&utm_medium=organic,False
OrCwE5gmWX0j-E_XAAAAAA==,Sr. SW Engineer- Machine learning,Roku,,https://www.roku.com,Roku Jobs,Full-time,['FULLTIME'],https://www.weareroku.com/jobs/sr-sw-engineer-machine-learning-bengaluru-karnataka-india?utm_campaign=google_jobs_apply&utm_source=google_jobs_apply&utm_medium=organic,False
aBd6UtpjI2uWsOe_AAAAAA==,"Software Engineer, Enterprise Quality, EDP",Morningstar,,https://www.morningstar.com,Morningstar Jobs,Full-time,['FULLTIME'],https://careers.morningstar.com/us/en/job/REQ-051936/Software-Engineer-Enterprise-Quality-EDP?utm_campaign=google_jobs_apply&utm_source=google_jobs_apply&utm_medium=organic,False
QMOVKjJtJ3b0uOwpAAAAAA==,Java full stack Engineer/Senior Software Engineer,HSBC,https://encrypted-tbn0.gstatic.com/images?q=tbn:ANd9GcRRePNFlIZg1jGCttAUyuoXU7B7RZTI8AZVfZlg&s=0,,LinkedIn,Full-time,['FULLTIME'],https://in.linkedin.com/jobs/view/java-full-stack-engineer-senior-software-engineer-at-hsbc-4282147139?utm_campaign=google_jobs_apply&utm_source=google_jobs_apply&utm_medium=organic,False
y8YkPLo7JX6Sx5LSAAAAAA==,Staff Software Engineer - C++ and .net,Vontier,https://encrypted-tbn0.gstatic.com/images?q=tbn:ANd9GcQNCHBApQRwGcdZsHa-xqp7w8DrkT19CQgOPlO4&s=0,https://www.vontier.com,Vontier Jobs,Full-time,['FULLTIME'],https://careers.vontier.com/us/en/job/INV001214/Staff-Software-Engineer-C-and-net?utm_campaign=google_jobs_apply&utm_source=google_jobs_apply&utm_medium=organic,False
pqGH0jrQjGohCQfqAAAAAA==,"Manager 3, Software Engineering",Intuit,https://encrypted-tbn0.gstatic.com/images?q=tbn:ANd9GcTn_Flout7UXwcKW-HyidblhEZLwv5KxQymI_mZ&s=0,https://www.intuit.com,Jobs At Intuit,Full-time,['FULLTIME'],https://jobs.intuit.com/job/bengaluru/manager-3-software-engineering/27595/83321423488?utm_campaign=google_jobs_apply&utm_source=google_jobs_apply&utm_medium=organic,False
7WktlLOXMOm7fuA4AAAAAA==,Software Engineer II,Mastercard,https://encrypted-tbn0.gstatic.com/images?q=tbn:ANd9GcTnWxNA5w472wqgBWJbT6wqQd_uHMmklYpnLovn&s=0,https://www.mastercard.com,Mastercard Careers,Full-time,['FULLTIME'],https://careers.mastercard.com/us/en/job/R-251749/Software-Engineer-II?utm_campaign=google_jobs_apply&utm_source=google_jobs_apply&utm_medium=organic,False
DJ6GwCqpIla2VYW7AAAAAA==,Senior Software Engineer – Java with C++ & SQL,EPAM Systems,,,EPAM,Full-time,['FULLTIME'],https://www.epam.com/careers/job-listings/job.epamgdo_blt94a735acab60d450_en-us_Hyderabad_India.senior-software-engineer-java-with-c-sql_hyderabad_india?utm_campaign=google_jobs_apply&utm_source=google_jobs_apply&utm_medium=organic,False
S6dLpUpAuKtvnPKVAAAAAA==,"Software Engineer, Platform - Delhi, India",Speechify,https://encrypted-tbn0.gstatic.com/images?q=tbn:ANd9GcQxY4mGdFSJBgNALiKenmBY_v5S9jNGrTn1wJLZ&s=0,https://speechify.com,Startup Jobs,Full-time,['FULLTIME'],https://startup.jobs/software-engineer-platform-delhi-india-speechify-7085270?utm_campaign=google_jobs_apply&utm_source=google_jobs_apply&utm_medium=organic,False
4i9fFC8RbIWH32wlAAAAAA==,"Software Senior Engineer - C, C++ & Python",Org_Subtype_BU022_Infrastructure_Solutions_Group,,,Dell Careers,Full-time,['FULLTIME'],https://jobs.dell.com/en/job/pune/software-senior-engineer-c-c-and-python/375/78206394640?utm_campaign=google_jobs_apply&utm_source=google_jobs_apply&utm_medium=organic,False
m02VqKZRhgR5NernAAAAAA==,Associate Software Engineer,Gallagher,,http://www.ajg.com/,Gallagher Careers,Full-time,['FULLTIME'],https://jobs.ajg.com/ajg-home/jobs/27144?lang=en-us&utm_campaign=google_jobs_apply&utm_source=google_jobs_apply&utm_medium=organic,True
n102flnAoUDRualuAAAAAA==,Senior Software Engineer - .Net,Maersk,https://encrypted-tbn0.gstatic.com/images?q=tbn:ANd9GcSryb9HjIp8Panzi4ci6dMdEWbamuzvrH6y7vDc&s=0,https://www.maersk.com/,Maersk,Full-time,['FULLTIME'],https://www.maersk.com/careers/vacancies/wd/Senior-Software-Engineer_R157758/jt-senior-software-engineer-net?utm_campaign=google_jobs_apply&utm_source=google_jobs_apply&utm_medium=organic,False
q2pwziIrKz8sCBxDAAAAAA==,Manager Software Engineer,Mastercard,https://encrypted-tbn0.gstatic.com/images?q=tbn:ANd9GcTnWxNA5w472wqgBWJbT6wqQd_uHMmklYpnLovn&s=0,https://www.mastercard.com,Mastercard Careers,Full-time,['FULLTIME'],https://careers.mastercard.com/us/en/job/R-237323/Manager-Software-Engineer?utm_campaign=google_jobs_apply&utm_source=google_jobs_apply&utm_medium=organic,False
1lt8FV-47D0_yqr0AAAAAA==,Staff Software Engineer-Fullstack,Toast,https://encrypted-tbn0.gstatic.com/images?q=tbn:ANd9GcRZkgf08MwHjvu5PcaJj-0M-_fpVRXp3lyy2tcc&s=0,http://www.toasttab.com/,Toast,Full-time,['FULLTIME'],https://careers.toasttab.com/jobs/staff-software-engineer-fullstack-bengaluru-karnataka-india?utm_campaign=google_jobs_apply&utm_source=google_jobs_apply&utm_medium=organic,False
wnbyzjfDYOhl3z9bAAAAAA==,Software Development Engineer IV,Avalara,,http://www.avalara.com/,Avalara Careers,Full-time,['FULLTIME'],https://careers.avalara.com/jobs/15767?lang=en-us&utm_campaign=google_jobs_apply&utm_source=google_jobs_apply&utm_medium=organic,True
eKe1r_XZjsQSvQ96AAAAAA==,Senior Software Engineer - Microsoft Stack (.NET/Azure),Experian,,http://www.experian.com/,Experian,Full-time,['FULLTIME'],https://jobs.experian.com/job/senior-software-engineer-microsoft-stack-net-azure-in-hyderabad-india-jid-1849?utm_campaign=google_jobs_apply&utm_source=google_jobs_apply&utm_medium=organic,False
4d8lXzkKD5XdZILkAAAAAA==,Sr Engineer - Software (Full Stack development),Baxter,,http://www.baxter.com/,Baxter,Full-time,['FULLTIME'],https://jobs.baxter.com/en/job/bengaluru/sr-engineer-software-full-stack-development/152/83797189104?utm_campaign=google_jobs_apply&utm_source=google_jobs_apply&utm_medium=organic,False
t02aYVv2R9Tr-TSHAAAAAA==,"Senior Software Engineer - .Net Core, React",Wells Fargo,,http://www.wellsfargo.com/,Wells Fargo,Full-time,['FULLTIME'],https://www.wellsfargojobs.com/en/jobs/r-473984/senior-software-engineer-net-core-react/?utm_campaign=google_jobs_apply&utm_source=google_jobs_apply&utm_medium=organic,False
ilUWcmw-84znPeeJAAAAAA==,Software Development Engineer 5.5 (Java),Adobe,,http://www.adobe.com/,Adobe Careers,Full-time,['FULLTIME'],https://careers.adobe.com/us/en/job/R153204/Software-Development-Engineer-5-5-Java?utm_campaign=google_jobs_apply&utm_source=google_jobs_apply&utm_medium=organic,False
SGcx81CKx-hAlPotAAAAAA==,"Senior Software Engineer, Build System Automation (C++) - Chennai, India.",Exasol,,http://www.exasol.com/,Exasol,Full-time,['FULLTIME'],https://careers.exasol.com/jobs/5802556-senior-software-engineer-build-system-automation-c-chennai-india?utm_campaign=google_jobs_apply&utm_source=google_jobs_apply&utm_medium=organic,False
VyV68pJf4LgUykH-AAAAAA==,Senior Software Developer/Engineer,Quest Global,https://encrypted-tbn0.gstatic.com/images?q=tbn:ANd9GcQZHaMCdGGIK0oanecRqJSp1PlotM6YGnhF9VC2&s=0,http://www.questglobal.com/,Quest Global,Full-time,['FULLTIME'],https://careers.quest-global.com/global/en/job/P-108949/Senior-Software-Developer-Engineer?utm_campaign=google_jobs_apply&utm_source=google_jobs_apply&utm_medium=organic,False
Zji2fxnYv15DAAPFAAAAAA==,"Senior Software Engineer , Android",Intuit,https://encrypted-tbn0.gstatic.com/images?q=tbn:ANd9GcTn_Flout7UXwcKW-HyidblhEZLwv5KxQymI_mZ&s=0,https://www.intuit.com,Jobs At Intuit,Full-time,['FULLTIME'],https://jobs.intuit.com/job/bengaluru/senior-software-engineer-android/27595/83565242544?utm_campaign=google_jobs_apply&utm_source=google_jobs_apply&utm_medium=organic,False
ZBfIXIFg5--ABqdqAAAAAA==,Software Engineer II (Shared Services) New,DigitalOcean,https://encrypted-tbn0.gstatic.com/images?q=tbn:ANd9GcSXR3El8rMWLkl2zoQk30VnbGR2VEJ-acLh5-ID&s=0,http://www.digitalocean.com/,Glassdoor,Full-time,['FULLTIME'],"https://www.glassdoor.co.in/job-listing/software-engineer-ii-shared-services-new-digitalocean-JV_KO0,40_KE41,53.htm?jl=1009839433557&utm_campaign=google_jobs_apply&utm_source=google_jobs_apply&utm_medium=organic",False
1bT6ACrr8mKxoJuaAAAAAA==,Senior Software Engineer Java Full Stack,Mastercard,https://encrypted-tbn0.gstatic.com/images?q=tbn:ANd9GcTnWxNA5w472wqgBWJbT6wqQd_uHMmklYpnLovn&s=0,https://www.mastercard.com,Mastercard Careers,Full-time,['FULLTIME'],https://careers.mastercard.com/us/en/job/R-252884/Senior-Software-Engineer-Java-Full-Stack?utm_campaign=google_jobs_apply&utm_source=google_jobs_apply&utm_medium=organic,False
RfB26b3jk6fvl-jDAAAAAA==,Senior Software Engineer - Collibra,EPAM Systems,,http://www.epam.com/,EPAM,Full-time,['FULLTIME'],https://www.epam.com/careers/job-listings/job.epamgdo_bltab23a1d22b038a81_en-us_Coimbatore_India.senior-software-engineer-collibra_coimbatore_india?utm_campaign=google_jobs_apply&utm_source=google_jobs_apply&utm_medium=organic,False
lFh29o-Fkgwt07YoAAAAAA==,"Manager, Software Development 2",eBay,https://encrypted-tbn0.gstatic.com/images?q=tbn:ANd9GcQ4jJ8mXgZgwBwf88jYM5si3QgvclxNqkf56J4G&s=0,http://www.ebay.com/,EBay Jobs - EBay Inc.,Full-time,['FULLTIME'],https://jobs.ebayinc.com/us/en/job/R0068658/Manager-Software-Development-2?utm_campaign=google_jobs_apply&utm_source=google_jobs_apply&utm_medium=organic,False
XIVoA2yRfxLm14ovAAAAAA==,Staff Software Engineer – Java Cloud (Bangalore),Mogi I/O : OTT/Podcast/Short Video Apps for you,https://encrypted-tbn0.gstatic.com/images?q=tbn:ANd9GcS8IoOWiWK7HkmpZtps-4TIwBgqFvm1MzqsTSzd&s=0,,LinkedIn,Full-time,['FULLTIME'],https://in.linkedin.com/jobs/view/staff-software-engineer-%E2%80%93-java-cloud-bangalore-at-mogi-i-o-ott-podcast-short-video-apps-for-you-4279436147?utm_campaign=google_jobs_apply&utm_source=google_jobs_apply&utm_medium=organic,False
Chv1BmUv0rC3h3oMAAAAAA==,Staff Software Engineer - Data Platform,WARNERMEDIA,,,WBD Careers - Warner Bros. Discovery,Full-time,['FULLTIME'],https://careers.wbd.com/pl/pl/job/R000080072/Staff-Software-Engineer-Data-Platform?utm_campaign=google_jobs_apply&utm_source=google_jobs_apply&utm_medium=organic,False
aHo2f6AV2AgENhOgAAAAAA==,Software Engineer Manager,Cognizant,,https://www.cognizant.com,Cognizant Careers,Full-time,['FULLTIME'],https://careers.cognizant.com/global-en/jobs/00058378901/software-engineer-manager/?utm_campaign=google_jobs_apply&utm_source=google_jobs_apply&utm_medium=organic,False
WqkobkZ-Ou3mjaR0AAAAAA==,"Software Engineer, Machine Learning (India)",Glean,https://encrypted-tbn0.gstatic.com/images?q=tbn:ANd9GcSAzCw02diP12bce8LFO-aGU-93iR2QrFfMG0OF&s=0,https://www.glean.com,VentureLoop,Full-time,['FULLTIME'],https://www.ventureloop.com/ventureloop/jobdetail.php?jobid=2676324&utm_campaign=google_jobs_apply&utm_source=google_jobs_apply&utm_medium=organic,False
vht-B0f3GPQNR1A-AAAAAA==,Software Engineer,thyssenkrupp India Pvt Ltd,,https://jobs.thyssenkrupp.com,Thyssenkrupp Jobs,Full-time,['FULLTIME'],https://jobs.thyssenkrupp.com/en/job/Software-Engineer-Pune?id=903325&utm_campaign=google_jobs_apply&utm_source=google_jobs_apply&utm_medium=organic,False
tpHAV6_y8Xsz-BRNAAAAAA==,Staff Engineer - EDA Software Development,Synopsys,,https://www.synopsys.com,Synopsys Careers,Full-time,['FULLTIME'],https://careers.synopsys.com/job/noida/staff-engineer-eda-software-development/44408/78844706848?utm_campaign=google_jobs_apply&utm_source=google_jobs_apply&utm_medium=organic,False
la3kmbv6yEUYHWbKAAAAAA==,"Engineer III, Software Development | Gurgaon, IN",S&P Global,https://encrypted-tbn0.gstatic.com/images?q=tbn:ANd9GcTUXUbgAhHAJi4nAFTnEkIF0tp_vJjtd_BMmaC4&s=0,https://www.spglobal.com,EFinancialCareers,Full-time,['FULLTIME'],https://www.efinancialcareers.com/jobs-India-Gurgaon-Engineer_III_Software_Development.id22866527?utm_campaign=google_jobs_apply&utm_source=google_jobs_apply&utm_medium=organic,True
Xw4ZEZNd8mBd9G5zAAAAAA==,Senior Software Engineer (Java),Naviga,https://encrypted-tbn0.gstatic.com/images?q=tbn:ANd9GcSNZLT4QDHAZ4B3NfkwylU4vSnmjkFO7dCIzeia&s=0,https://www.navigaglobal.com,Recruit.hirebridge.com,Full-time,['FULLTIME'],https://recruit.hirebridge.com/v3/CareerCenter/v2/details.aspx?cid=6970&jid=600699&locvalue=1119&bid=3&request_id=904550&utm_campaign=google_jobs_apply&utm_source=google_jobs_apply&utm_medium=organic,False
FgmfBiYBLTRAoT8MAAAAAA==,Technical Program Management/ Software Engineering/ Program Management,Mastercard,https://encrypted-tbn0.gstatic.com/images?q=tbn:ANd9GcTnWxNA5w472wqgBWJbT6wqQd_uHMmklYpnLovn&s=0,https://www.mastercard.com,Mastercard Careers,Full-time,['FULLTIME'],https://careers.mastercard.com/us/en/job/R-249209/Technical-Program-Management-Software-Engineering-Program-Management?utm_campaign=google_jobs_apply&utm_source=google_jobs_apply&utm_medium=organic,False
YP0i-nC4SX43HSjXAAAAAA==,Senior Software Engineer - HPC,NVIDIA,https://encrypted-tbn0.gstatic.com/images?q=tbn:ANd9GcRusgz2v0utEcgco_bD-XkEU-kwuHYLcjqVD_6Z&s=0,,LinkedIn,Full-time,['FULLTIME'],https://in.linkedin.com/jobs/view/senior-software-engineer-hpc-at-nvidia-4268856800?utm_campaign=google_jobs_apply&utm_source=google_jobs_apply&utm_medium=organic,False
c94hpSfCjkTJaJaUAAAAAA==,C# and Xamarin iOS,Anicalls (Pty) Ltd,,,WhatJobs,Full-time,['FULLTIME'],https://en-in.whatjobs.com/jobs/software-engineer?id=166730822&utm_campaign=google_jobs_apply&utm_source=google_jobs_apply&utm_medium=organic,False
F-9wUiolm75BvIr7AAAAAA==,Senior Software Engineer (.Net. Process/Industrial Automation,Baker Hughes,https://encrypted-tbn0.gstatic.com/images?q=tbn:ANd9GcSWakRdqOYks4LZwgtA2H2KhVZwEvJUsvcFjWrF&s=0,https://www.bakerhughes.com,Baker Hughes,Full-time,['FULLTIME'],https://careers.bakerhughes.com/global/en/job/R149749/Senior-Software-Engineer-Net-Process-Industrial-Automation?utm_campaign=google_jobs_apply&utm_source=google_jobs_apply&utm_medium=organic,False
Pa-JRNMiDF0Qpb6GAAAAAA==,Data Scientist III  IES Shopping Intelligence,Amazon,,https://www.amazon.com,Talentmate,Full-time,['FULLTIME'],https://www.talentmate.com/jobs/india/bengaluru/data-scientist-iii-ies-shopping-intelligence/2508-1832-916?utm_campaign=google_jobs_apply&utm_source=google_jobs_apply&utm_medium=organic,False
dvnS_7R79_jUbo_HAAAAAA==,Data Scientist – Azure ML & Data Quality,Teamware Solutions,https://encrypted-tbn0.gstatic.com/images?q=tbn:ANd9GcTj0yuGQub1NC07JzvCoy3FStZqsYghKNy6McSh&s=0,https://teamwaresolutions.net,LinkedIn,Full-time,['FULLTIME'],https://in.linkedin.com/jobs/view/data-scientist-%E2%80%93-azure-ml-data-quality-at-teamware-solutions-4283112234?utm_campaign=google_jobs_apply&utm_source=google_jobs_apply&utm_medium=organic,False
g7WWiG6uBY5bUmoLAAAAAA==,"Data Scientist, VP",NatWest Digital X,https://encrypted-tbn0.gstatic.com/images?q=tbn:ANd9GcTu6lhEsxQT1UOE-2wyjArdjztL1XAiD4j-IMNO&s=0,https://jobs.natwestgroup.com,NatWest Group Careers,Full-time,['FULLTIME'],https://jobs.natwestgroup.com/jobs/16388198-data-scientist-vp?utm_campaign=google_jobs_apply&utm_source=google_jobs_apply&utm_medium=organic,False
QXyfA-JbdjyrF_B8AAAAAA==,Data Scientist II,General Mills,https://encrypted-tbn0.gstatic.com/images?q=tbn:ANd9GcTKTDtrf3H_j_m8EWnp7hh9JXUtQ7TOCYlzU3bP&s=0,https://www.generalmills.com,General Mills Careers,Full-time,['FULLTIME'],https://careers.generalmills.com/careers/jobs/33450?lang=en-us&utm_campaign=google_jobs_apply&utm_source=google_jobs_apply&utm_medium=organic,True
1-ZZgFOW4QmE4y4AAAAAAA==,Senior Data Scientist,Mastercard,https://encrypted-tbn0.gstatic.com/images?q=tbn:ANd9GcTnWxNA5w472wqgBWJbT6wqQd_uHMmklYpnLovn&s=0,https://www.mastercard.com,Mastercard Careers,Full-time,['FULLTIME'],https://careers.mastercard.com/us/en/job/R-245505/Senior-Data-Scientist?utm_campaign=google_jobs_apply&utm_source=google_jobs_apply&utm_medium=organic,False
u5Im8yQkLeF92AoaAAAAAA==,Data Scientist ROAS Forecasting- Fulltime 3 Month Contract,Uplers,,https://www.uplers.com,Talentmate,Full-time,['FULLTIME'],https://www.talentmate.com/jobs/india/aurangabad/data-scientist-roas-forecasting-fulltime-3-month-contract/2508-5325-1376?utm_campaign=google_jobs_apply&utm_source=google_jobs_apply&utm_medium=organic,False
pCCA75IgDq-a_ehQAAAAAA==,"Data Scientist / Senior Data Scientist, India - BCG X",Boston Consulting Group,https://encrypted-tbn0.gstatic.com/images?q=tbn:ANd9GcQxMy3OJRSwXcqB_s6dIHtI8zYYudxFVfaOcfGQ&s=0,,Boston Consulting Group,Full-time,['FULLTIME'],https://careers.bcg.com/global/en/job/52492/Data-Scientist-Senior-Data-Scientist-India-BCG-X?utm_campaign=google_jobs_apply&utm_source=google_jobs_apply&utm_medium=organic,False
YGrGoI5eVORcd-8QAAAAAA==,Data Scientist Risk,Uber,https://encrypted-tbn0.gstatic.com/images?q=tbn:ANd9GcQrnrY2RBocwi6880j2OSqQFKoIisGklfEwXd_3&s=0,https://www.uber.com,Uber,Full-time,['FULLTIME'],https://www.uber.com/global/en/careers/list/145486/?utm_campaign=google_jobs_apply&utm_source=google_jobs_apply&utm_medium=organic,True
1lIIglxOOAsT1u2vAAAAAA==,Data Scientist,Barclays,https://encrypted-tbn0.gstatic.com/images?q=tbn:ANd9GcQGynjTIX-u7dO0i7gRSZgnEQlZXKEuAV1gahHi&s=0,,Barclays Careers,Full-time,['FULLTIME'],https://search.jobs.barclays/job/pune/data-scientist/13015/82392172944?utm_campaign=google_jobs_apply&utm_source=google_jobs_apply&utm_medium=organic,False
lj2kp_9I7-voewr6AAAAAA==,AI & Data Science,Jivi AI,https://encrypted-tbn0.gstatic.com/images?q=tbn:ANd9GcRnvZ7HonT6orlt95eoB3WQrsRPlzhf98cA8Qxx&s=0,https://www.jivi.ai,LinkedIn,Full-time,['FULLTIME'],https://in.linkedin.com/jobs/view/ai-data-science-at-jivi-ai-4281005312?utm_campaign=google_jobs_apply&utm_source=google_jobs_apply&utm_medium=organic,False
b80Hwh7baG9JLvqLAAAAAA==,Senior Data Scientist Specialist,ABB,,http://www.abb.com/,ABB Career,Full-time,['FULLTIME'],https://careers.abb/us/en/job/92946306/Senior-Data-Scientist-Specialist?utm_campaign=google_jobs_apply&utm_source=google_jobs_apply&utm_medium=organic,False
bOYSx-ZI_LP4z3OsAAAAAA==,Senior Manager Data Science,eBay,https://encrypted-tbn0.gstatic.com/images?q=tbn:ANd9GcQ4jJ8mXgZgwBwf88jYM5si3QgvclxNqkf56J4G&s=0,http://www.ebay.com/,EBay Jobs - EBay Inc.,Full-time,['FULLTIME'],https://jobs.ebayinc.com/us/en/job/R0067302/Senior-Manager-Data-Science?utm_campaign=google_jobs_apply&utm_source=google_jobs_apply&utm_medium=organic,False
3Ze6MJ8hLUGSUqa5AAAAAA==,Associate Data Scientist,Gartner Careers,,https://jobs.gartner.com,Gartner Careers,Full-time,['FULLTIME'],https://jobs.gartner.com/jobs/job/101739-associate-data-scientist/?utm_campaign=google_jobs_apply&utm_source=google_jobs_apply&utm_medium=organic,False
siSBOWOV8V7oXRRcAAAAAA==,Data Scientist - R/Python,Lemon Tree Hotels,https://encrypted-tbn0.gstatic.com/images?q=tbn:ANd9GcQg_r7S_XnF4bgfQtwlVax_f-GdxFBvTU82qCnD&s=0,http://www.lemontreehotels.com/,LinkedIn,Full-time,['FULLTIME'],https://in.linkedin.com/jobs/view/data-scientist-r-python-at-lemon-tree-hotels-4281954751?utm_campaign=google_jobs_apply&utm_source=google_jobs_apply&utm_medium=organic,False
yeqyP6rGQC62zgTAAAAAAA==,Data scientist- Python- AI/ML GEN AI- Across india,Capgemini Engineering,,http://www.altran.com/,Recruit.net,Full-time,['FULLTIME'],https://www.recruit.net/job/data-scientist-python-ai-ml-jobs/BEECEF6738062297?utm_campaign=google_jobs_apply&utm_source=google_jobs_apply&utm_medium=organic,False
t0d9F88m4L1GZW4YAAAAAA==,Senior Data Scientist,Caterpillar,,https://www.caterpillar.com,Caterpillar Careers,Full-time,['FULLTIME'],https://careers.caterpillar.com/en/jobs/r0000317802/senior-data-scientist/?utm_campaign=google_jobs_apply&utm_source=google_jobs_apply&utm_medium=organic,False
22JS2RzLt5ld-pFbAAAAAA==,Advanced Data Science Associate,ZS,https://encrypted-tbn0.gstatic.com/images?q=tbn:ANd9GcTJ9RNebBgqhRQX8tNR9QqsoQdmCI0dJjABir-j&s=0,http://www.zs.com/,"ZS Associates, Inc. Careers",Full-time,['FULLTIME'],https://jobs.zs.com/all/jobs/21860?lang=en-us&utm_campaign=google_jobs_apply&utm_source=google_jobs_apply&utm_medium=organic,True
zoa8WNvMiRtXGHBPAAAAAA==,NLP Scientist,Miimansa,https://encrypted-tbn0.gstatic.com/images?q=tbn:ANd9GcSLDfdPZrBVhS6Ou0FvDuwqCbJUf2_8YhS7ey0D&s=0,https://www.miimansa.com,LinkedIn,Full-time,['FULLTIME'],https://in.linkedin.com/jobs/view/nlp-scientist-at-miimansa-4213137665?utm_campaign=google_jobs_apply&utm_source=google_jobs_apply&utm_medium=organic,False
m6aV9_BWISr7p2SPAAAAAA==,Sr Data Scientist- Stores,Target India,,http://corporate.target.com/india/,Target Corporation,Full-time,['FULLTIME'],https://corporate.target.com/jobs/w29/46/sr-data-scientist-stores?utm_campaign=google_jobs_apply&utm_source=google_jobs_apply&utm_medium=organic,False
e-iJ-fgbPOPtQaPmAAAAAA==,Data Scientist - India,Netflix,https://encrypted-tbn0.gstatic.com/images?q=tbn:ANd9GcRCuTYSYm_x7KraWoxeYh6BYzjv9tR6vIcRjN9-&s=0,https://about.netflix.com,Jobaaj,Full-time,['FULLTIME'],https://www.jobaaj.com/job/netflix-data-scientist-india-mumbai-metropolitan-region-0-to-15-years-453795?utm_campaign=google_jobs_apply&utm_source=google_jobs_apply&utm_medium=organic,True
Xy1jtr3h2dKZuvE6AAAAAA==,Lead I - Data Science DWH,UST,https://encrypted-tbn0.gstatic.com/images?q=tbn:ANd9GcR1rLv4WKwc6Wb58tB6QjizWerFc8DTNzun-g3S&s=0,http://www.ust.com/,Iitjobs,Full-time,['FULLTIME'],https://www.iitjobs.com/job/lead-i-data-science-dwh-pune-maharashtra-india-ust-13107?utm_campaign=google_jobs_apply&utm_source=google_jobs_apply&utm_medium=organic,False
-iG1E7DK_BvUwrOiAAAAAA==,Senior Data Scientist – Value & Access,Amgen,,http://www.amgen.com/,JobRxiv,Full-time,['FULLTIME'],https://jobrxiv.org/job/senior-data-scientist-value-access-3/?utm_campaign=google_jobs_apply&utm_source=google_jobs_apply&utm_medium=organic,False
BoUXvHCBOk3TEt2FAAAAAA==,Data Scientist (SQL and Python),Weekday,https://encrypted-tbn0.gstatic.com/images?q=tbn:ANd9GcQ2uHqHOAPDlPfOmU7OPBccgoqpkUz4jAKKJ-BJ&s=0,https://www.weekday.com,PyJobs,Full-time,['FULLTIME'],https://www.pyjobs.com/job/data-scientist-sql-and-python-7GJ84mMo?utm_campaign=google_jobs_apply&utm_source=google_jobs_apply&utm_medium=organic,False
c96e3qyHrFmZbzJsAAAAAA==,"Data Scientist, Digital Acceleration [Chennai]",Amazon Music,,https://www.amazon.com,ShowbizJobs,Full-time,['FULLTIME'],https://www.showbizjobs.com/jobs/amazon-music-data-scientist-digital-acceleration-in-chennai/jid-9zwkb4?utm_campaign=google_jobs_apply&utm_source=google_jobs_apply&utm_medium=organic,True
QyfU4MzgWF2xKhnkAAAAAA==,Data Scientist - Statistical Techniques/Machine Learning Algorithms,Talpro India Private Limited,https://encrypted-tbn0.gstatic.com/images?q=tbn:ANd9GcSlLkQ9i48UmFL7Do33ddmb-ZAXfRdniP-CfTKR&s=0,,Hirist,Full-time,['FULLTIME'],https://www.hirist.tech/j/data-scientist-statistical-techniquesmachine-learning-algorithms-5-9-yrs-1510230?ref=kp&jobpos=9&jobversion=2?ref%3Dkp&utm_campaign=google_jobs_apply&utm_source=google_jobs_apply&utm_medium=organic,False
V7n0WmAuEJlcTya2AAAAAA==,"Data Science Manager - D&A Team, Hyderabad",WARNERMEDIA,,,WBD Careers - Warner Bros. Discovery,Full-time,['FULLTIME'],https://careers.wbd.com/fr/fr/job/R000089040/Data-Science-Manager-D-A-Team-Hyderabad?utm_campaign=google_jobs_apply&utm_source=google_jobs_apply&utm_medium=organic,False
i8apxMQUPUHhDGPgAAAAAA==,Sr. Data Scientist – Gen AI Engineer - Assistant Vice President - C12 - Pune,Early Career,,https://www.kpmguscareers.com,Citi Careers,Full-time,['FULLTIME'],https://jobs.citi.com/job/pune/sr-data-scientist-gen-ai-engineer-assistant-vice-president-c12-pune/287/83221190944?utm_campaign=google_jobs_apply&utm_source=google_jobs_apply&utm_medium=organic,False
0Eqsjsc9RW7Ur1VuAAAAAA==,Data Scientist II,Condé Nast Technology Lab,https://encrypted-tbn0.gstatic.com/images?q=tbn:ANd9GcRWea3O1wXP4d61BIy6jIKvatHQDwwKG3O7Hb_6&s=0,,Recruit.net,Full-time,['FULLTIME'],https://www.recruit.net/job/data-scientist-ii-jobs/1FBF0D4B22A49BCD?utm_campaign=google_jobs_apply&utm_source=google_jobs_apply&utm_medium=organic,False
X5naSK8dEl3Kssu7AAAAAA==,"Career Opportunities: SENIOR DATA SCIENTIST, GLOBAL DATA SCIENCE (167670)",Colgate-Palmolive,https://encrypted-tbn0.gstatic.com/images?q=tbn:ANd9GcQ4vpK2lEsMF50Li--3rfModfS_Q-mNFrg-P1Lw&s=0,https://www.colgate.com/,Jobgether,Full-time,['FULLTIME'],https://jobgether.com/offer/68552a70fbead379e99f4cb6-career-opportunities-senior-data-scientist-global-data-science-167670?utm_campaign=google_jobs_apply&utm_source=google_jobs_apply&utm_medium=organic,False
W3qLHdER5pRL1QAUAAAAAA==,Data Science Analyst,Citi India,https://encrypted-tbn0.gstatic.com/images?q=tbn:ANd9GcSHzlX02xP2huwxOiVvau3QEfkik2QgOvbhi_N-&s=0,https://www.citigroup.com,Prosple India,Full-time,['FULLTIME'],https://in.prosple.com/graduate-employers/citi-india/jobs-internships/data-science-analyst?utm_campaign=google_jobs_apply&utm_source=google_jobs_apply&utm_medium=organic,False
q70jx9mLevIc-5HwAAAAAA==,Data Scientist II,Condé Nast Technology Lab,,,WhatJobs,Full-time,['FULLTIME'],https://en-in.whatjobs.com/jobs/data-scientist-ii?id=166235393&utm_campaign=google_jobs_apply&utm_source=google_jobs_apply&utm_medium=organic,False
QDIkHHrH7bZc5kUiAAAAAA==,Sr Data Scientist,Gartner Careers,,https://jobs.gartner.com,Gartner Careers,Full-time,['FULLTIME'],https://jobs.gartner.com/jobs/job/100434-sr-data-scientist/?utm_campaign=google_jobs_apply&utm_source=google_jobs_apply&utm_medium=organic,False
poFn936ZjnYsMoOLAAAAAA==,Data Scientists-Associate 2,PwC Acceleration Center India,https://encrypted-tbn0.gstatic.com/images?q=tbn:ANd9GcQZTyJwKvrGGcxS2RbC7fx3S9KN5JeuwPg4TYTd&s=0,,LinkedIn,Full-time,['FULLTIME'],https://in.linkedin.com/jobs/view/data-scientists-associate-2-at-pwc-acceleration-center-india-4277724710?utm_campaign=google_jobs_apply&utm_source=google_jobs_apply&utm_medium=organic,False
pBz25uSpJb7qOdhkAAAAAA==,"Data Scientist, Pricing",Maersk,https://encrypted-tbn0.gstatic.com/images?q=tbn:ANd9GcTEUFSpOXZGXebM3TMTm6vP_GMHwOAo8ejh6L_I&s=0,https://www.maersk.com/,Karkidi,Full-time,['FULLTIME'],https://www.karkidi.com/job-details/76782-data-scientist-pricing-job?utm_campaign=google_jobs_apply&utm_source=google_jobs_apply&utm_medium=organic,False
IS3D7qD62JkRAGPNAAAAAA==,"Senior Data Scientist - Ad Optimization, India",Branch,https://encrypted-tbn0.gstatic.com/images?q=tbn:ANd9GcT6UlkFd8e-tHpCluoLiHb87stICuaD-vx1PpLr&s=0,http://branch.io/,Himalayas.app,Full-time,['FULLTIME'],https://himalayas.app/companies/branch-io/jobs/senior-data-scientist-ad-optimization-india?utm_campaign=google_jobs_apply&utm_source=google_jobs_apply&utm_medium=organic,False
LSfF_Fkdp_oPEK3WAAAAAA==,Data Scientist - Delhi/NCR (0-2 Years Of Experience),A Client of Analytics Vidhya,,https://jobsnew.analyticsvidhya.com,Analytics Vidhya,Full-time,['FULLTIME'],https://jobsnew.analyticsvidhya.com/jobs/data-scientist-delhincr-0-2-years-of-experience/?utm_campaign=google_jobs_apply&utm_source=google_jobs_apply&utm_medium=organic,False
43wN5Uc95Nt0bCk2AAAAAA==,"Data Scientist, India - BCG X",Boston Consulting Group,https://encrypted-tbn0.gstatic.com/images?q=tbn:ANd9GcR2RwCfVdyD31XUII5Iuk1BLzopaYKz86g-zgfU&s=0,http://www.bcg.com/,Karkidi,Full-time,['FULLTIME'],https://www.karkidi.com/job-details/81967-data-scientist-india-bcg-x-job?utm_campaign=google_jobs_apply&utm_source=google_jobs_apply&utm_medium=organic,False
cFzgU-Wv0gOwLLz7AAAAAA==,Senior Data Scientist – ML & Generative AI,Innover,https://encrypted-tbn0.gstatic.com/images?q=tbn:ANd9GcSw8njcUaA0DAAlLeRaNipNV5qAmaaYUBYjf4gH&s=0,,Indeed,Full-time,['FULLTIME'],https://in.indeed.com/viewjob?jk=954f1f3e59c3ea1b&utm_campaign=google_jobs_apply&utm_source=google_jobs_apply&utm_medium=organic,False
nle3X2s8HSBweQj8AAAAAA==,"Assistant Vice President - Data Science, Applied AI & ML",Chase- Candidate Experience page,,,JPMorgan Chase Login,Full-time,['FULLTIME'],https://jpmc.fa.oraclecloud.com/hcmUI/CandidateExperience/en/sites/CX_1002/job/210620139?utm_campaign=google_jobs_apply&utm_source=google_jobs_apply&utm_medium=organic,False
Xa93Kk9pNt2LxWVxAAAAAA==,Senior Data Scientist | Remote,C2FO,https://encrypted-tbn0.gstatic.com/images?q=tbn:ANd9GcRCXE1JNpXyHbkmS2Y2VkLld6-0U6fCyfXsQgyO&s=0,http://c2fo.com/,Expertini,Full-time,['FULLTIME'],https://in.expertini.com/jobs/job/senior-data-scientist-remote-tumakuru-c2fo-1963-36592969/?utm_campaign=google_jobs_apply&utm_source=google_jobs_apply&utm_medium=organic,False
_G3oSmchcvl5F9i4AAAAAA==,Applied ML - Engineer,BharatGen,https://encrypted-tbn0.gstatic.com/images?q=tbn:ANd9GcTvyftAwlSSl-IsYte5HNDzndufgvaDBuBK7WtP&s=0,https://bharatgentechnologies.vercel.app,LinkedIn,Full-time,['FULLTIME'],https://in.linkedin.com/jobs/view/applied-ml-engineer-at-bharatgen-4283198940?utm_campaign=google_jobs_apply&utm_source=google_jobs_apply&utm_medium=organic,False
atN2Y4tPqrhO7A0AAAAAAA==,Data Science Internship,Datahut,,https://www.datahut.co,Foundit,Full-time,['FULLTIME'],https://www.foundit.in/job/data-science-internship-datahut-ernakulam-35796551?utm_campaign=google_jobs_apply&utm_source=google_jobs_apply&utm_medium=organic,False
yWLFbyjm8zi182HTAAAAAA==,Applied Data Scientist-2,Microsoft,https://encrypted-tbn0.gstatic.com/images?q=tbn:ANd9GcTAKPjHiB-vCXNU4AsQzDv6FUMh-WPWniUlGd1x&s=0,https://www.microsoft.com,Jobaaj,Full-time,['FULLTIME'],https://www.jobaaj.com/job/microsoft-applied-data-scientist-2-bengaluru-karnataka-india-5-to-7-years-463596?utm_campaign=google_jobs_apply&utm_source=google_jobs_apply&utm_medium=organic,True
zD2-aRDB5SXhuHjfAAAAAA==,Data Science / Scientist,Viraaj HR Solutions Private Limited,https://encrypted-tbn0.gstatic.com/images?q=tbn:ANd9GcQByNn7ujac-0Cs_I3qUe_rIs1Dzd-sqiQJDKdM&s=0,https://www.viraajhrsolutions.com,LinkedIn,Full-time,['FULLTIME'],https://in.linkedin.com/jobs/view/data-science-scientist-at-viraaj-hr-solutions-private-limited-4280829620?utm_campaign=google_jobs_apply&utm_source=google_jobs_apply&utm_medium=organic,False
IIBMcjy9NwiGRXCqAAAAAA==,Senior Data Scientist (Remote – India) – Predictive Modeling & Machine Learning,Qubryx,,https://qubryx.com,WhatJobs,Full-time,['FULLTIME'],https://en-in.whatjobs.com/jobs/data-science?id=165271496&utm_campaign=google_jobs_apply&utm_source=google_jobs_apply&utm_medium=organic,False
BaxhhEZCWzBaDXOoAAAAAA==,Associate Data Scientist,v4c.ai,https://encrypted-tbn0.gstatic.com/images?q=tbn:ANd9GcRWea3O1wXP4d61BIy6jIKvatHQDwwKG3O7Hb_6&s=0,https://www.v4c.ai,Recruit.net,Full-time,['FULLTIME'],https://www.recruit.net/job/associate-data-scientist-jobs/E989E9D534585A46?utm_campaign=google_jobs_apply&utm_source=google_jobs_apply&utm_medium=organic,False
o2mN7IMj7RDUlsvFAAAAAA==,Lead Data Scientist (Reinforcement Learning / Personalization & Recommendation),Zupee,https://encrypted-tbn0.gstatic.com/images?q=tbn:ANd9GcRqyEqcQJiCvztACov0Njvn6threbad8rmaEbRG&s=0,https://www.zupee.com,LinkedIn,Full-time,['FULLTIME'],https://in.linkedin.com/jobs/view/lead-data-scientist-reinforcement-learning-personalization-recommendation-at-zupee-4279463504?utm_campaign=google_jobs_apply&utm_source=google_jobs_apply&utm_medium=organic,False
UXHfEH-5Of91RiVXAAAAAA==,Advanced Data Science Consultant,ZS,https://encrypted-tbn0.gstatic.com/images?q=tbn:ANd9GcTJ9RNebBgqhRQX8tNR9QqsoQdmCI0dJjABir-j&s=0,,"ZS Associates, Inc. Careers",Full-time,['FULLTIME'],https://jobs.zs.com/all/jobs/22121?lang=en-us&utm_campaign=google_jobs_apply&utm_source=google_jobs_apply&utm_medium=organic,True
wY9TPUp-tZuJOBRRAAAAAA==,"Data Scientist (Cloud Management, SQL, Building cloud data pipelines, Python, Power BI, GCP)",UPS,https://encrypted-tbn0.gstatic.com/images?q=tbn:ANd9GcRANIsJY7pWK__z5mCoKe9khT4mwLLfZNfJ2G1D&s=0,,Levels.fyi,Full-time,['FULLTIME'],https://www.levels.fyi/jobs?jobId=97452333440344774&utm_campaign=google_jobs_apply&utm_source=google_jobs_apply&utm_medium=organic,False
PzU_0bzxJ8Dek3k1AAAAAA==,Data Scientist-Advanced Analytics,IBM,https://encrypted-tbn0.gstatic.com/images?q=tbn:ANd9GcRk2ihJ9ePBk6F-Q7Bdt7YG12s1HxIcu6k05Vys&s=0,,LinkedIn,Full-time,['FULLTIME'],https://in.linkedin.com/jobs/view/data-scientist-advanced-analytics-at-ibm-4270181035?utm_campaign=google_jobs_apply&utm_source=google_jobs_apply&utm_medium=organic,False
HGT01kt6v9H45H4CAAAAAA==,Senior AWS Cloud Engineer,Barclays,https://encrypted-tbn0.gstatic.com/images?q=tbn:ANd9GcQGynjTIX-u7dO0i7gRSZgnEQlZXKEuAV1gahHi&s=0,,Barclays Careers,Full-time,['FULLTIME'],https://search.jobs.barclays/job/pune/senior-aws-cloud-engineer/13015/84653249504?utm_campaign=google_jobs_apply&utm_source=google_jobs_apply&utm_medium=organic,False
c4NqaYhKDtkAqFG-AAAAAA==,"Senior Cloud Engineer, Uber Device Lab",Uber,https://encrypted-tbn0.gstatic.com/images?q=tbn:ANd9GcQrnrY2RBocwi6880j2OSqQFKoIisGklfEwXd_3&s=0,https://www.uber.com,Uber,Full-time,['FULLTIME'],https://www.uber.com/global/en/careers/list/140466/?iis=Job+Board+-+Recruitment+Marketing&iisn=LinkedIn&jClickId=a4358d40-2896-4768-9d33-40b60a508e72&utm_campaign=google_jobs_apply&utm_source=google_jobs_apply&utm_medium=organic,True
VWLpBojp6vpMSSD4AAAAAA==,Cloud DevOps Engineer,Abbott Laboratories,https://encrypted-tbn0.gstatic.com/images?q=tbn:ANd9GcQ4F4BqX_1FV8BDQlePPc8fnqxjFPO2We9By3gi&s=0,https://www.abbott.com,Abbott Careers,Full-time,['FULLTIME'],https://www.jobs.abbott/us/en/job/31117083/Cloud-DevOps-Engineer?utm_campaign=google_jobs_apply&utm_source=google_jobs_apply&utm_medium=organic,False
_W05i1Yg_Z_QLN3-AAAAAA==,Engineer III - Cloud Engg & AI,Anblicks,,https://www.anblicks.com,Foundit,Full-time,['FULLTIME'],https://www.foundit.in/job/engineer-iii-cloud-engg-amp-ai-anblicks-hyderabad-secunderabad-telangana-35799593?utm_campaign=google_jobs_apply&utm_source=google_jobs_apply&utm_medium=organic,False
YHJNcpKWJfa31pGYAAAAAA==,Cloud Engineer,Tata Consultancy Services,https://encrypted-tbn0.gstatic.com/images?q=tbn:ANd9GcRunofVoDLQBrVXbz7pVZHgzucJaSdyLClFopON&s=0,,Recruit.net,Full-time,['FULLTIME'],https://www.recruit.net/job/cloud-engineer-jobs/63058FE5B8F04C08?utm_campaign=google_jobs_apply&utm_source=google_jobs_apply&utm_medium=organic,False
p4-n0srOERtvVOHFAAAAAA==,Lead Cloud Engineer - Connected Worker & XR Immersive Tech,Chevron,https://encrypted-tbn0.gstatic.com/images?q=tbn:ANd9GcRXfIw1azcQ6fc0HWXGJz-vOS_eUDJrSKI1lyPx&s=0,https://www.chevron.com,Chevron Careers,Full-time,['FULLTIME'],https://careers.chevron.com/job/bengaluru/lead-cloud-engineer-connected-worker-and-xr-immersive-tech/38138/83766096016?utm_campaign=google_jobs_apply&utm_source=google_jobs_apply&utm_medium=organic,False
7b6Bgbg7iCbf4ETnAAAAAA==,Google Cloud Engineer,Radiansys Inc.,https://encrypted-tbn0.gstatic.com/images?q=tbn:ANd9GcR-tBLQNb9QnLQznMEmGb92CO3qBUrzNukmPJbc&s=0,https://www.radiansys.com,Recruit.net,Full-time,['FULLTIME'],https://www.recruit.net/job/google-cloud-engineer-jobs/1D60516FDF0A7CBA?utm_campaign=google_jobs_apply&utm_source=google_jobs_apply&utm_medium=organic,False
YoFsXSHMHkxFKSUFAAAAAA==,AWS Cloud Engineer - IT Infrastructure,Optimum Info,https://encrypted-tbn0.gstatic.com/images?q=tbn:ANd9GcRx29iCu0tts4QbB0Y45tVAx4LofxQ6VRHA-6EZ&s=0,https://optimuminfo.com,LinkedIn,Full-time,['FULLTIME'],https://in.linkedin.com/jobs/view/aws-cloud-engineer-it-infrastructure-at-optimum-info-4281955579?utm_campaign=google_jobs_apply&utm_source=google_jobs_apply&utm_medium=organic,False
Gl00TRVyseOUsPHQAAAAAA==,Senior Manager – Cloud Engineering,United Airlines,https://encrypted-tbn0.gstatic.com/images?q=tbn:ANd9GcS6DMswunk7F25_BeXSf2w8JVHG65s4lc7v5wfG&s=0,https://www.united.com,United Airlines Jobs,Full-time,['FULLTIME'],https://careers.united.com/us/en/job/GGN00002110/Senior-Manager-Cloud-Engineering?utm_campaign=google_jobs_apply&utm_source=google_jobs_apply&utm_medium=organic,False
Hi2h2vjB67o7w27pAAAAAA==,Cloud DevOps Engineer,Abbott Laboratories,https://encrypted-tbn0.gstatic.com/images?q=tbn:ANd9GcQ4F4BqX_1FV8BDQlePPc8fnqxjFPO2We9By3gi&s=0,https://www.abbott.com,Abbott Careers,Full-time,['FULLTIME'],https://www.jobs.abbott/global/es/job/31117083/Cloud-DevOps-Engineer?utm_campaign=google_jobs_apply&utm_source=google_jobs_apply&utm_medium=organic,False
v21lYjLeuhbD4s68AAAAAA==,Senior Staff Cloud Engineer,Infineon,,https://www.infineon.com,Jobs At Infineon - Infineon Technologies,Full-time,['FULLTIME'],https://jobs.infineon.com/careers/job/563808960103145-senior-staff-engineer-software-bangalore-btp-india-?domain=infineon.com&utm_campaign=google_jobs_apply&utm_source=google_jobs_apply&utm_medium=organic,False
U324IzgGbwfKmKl4AAAAAA==,Cloud Engineer,Avis Budget Group,https://encrypted-tbn0.gstatic.com/images?q=tbn:ANd9GcS9xTyylru908Xedpo2Myg0NUSX0JVtqMrTwLnb&s=0,https://www.avisbudgetgroup.com,Avis Budget Group Jobs,Full-time,['FULLTIME'],https://www.avisbudgetgroup.jobs/cloud-engineer/job/PAF-ABG-D824E578-6396-478D-9121-9B24613EEC65_21010_1728573236_0?utm_campaign=google_jobs_apply&utm_source=google_jobs_apply&utm_medium=organic,True
RpDNcFqV3hW9A52jAAAAAA==,Principal Cloud Support Engineer - OCI Multicloud Support,Oracle,https://encrypted-tbn0.gstatic.com/images?q=tbn:ANd9GcSJLLOKtj3ZlEJZ712cW54yIDzn_stSFTviqPts&s=0,https://www.oracle.com,LinkedIn,Full-time,['FULLTIME'],https://in.linkedin.com/jobs/view/principal-cloud-support-engineer-oci-multicloud-support-at-oracle-4279822766?utm_campaign=google_jobs_apply&utm_source=google_jobs_apply&utm_medium=organic,False
fo9p6NqacJLejhuwAAAAAA==,"Lead Cloud Engineer, AWS",Presidio India,https://encrypted-tbn0.gstatic.com/images?q=tbn:ANd9GcR-pY7QvdKNdwnOLR6oa3MyicJxWDzn6Ld91zKO&s=0,,Indeed,Full-time,['FULLTIME'],https://in.indeed.com/viewjob?jk=1dd662eefa3402a7&utm_campaign=google_jobs_apply&utm_source=google_jobs_apply&utm_medium=organic,False
bA0_vUdSdFuC_00FAAAAAA==,"Senior DevOps Engineer (Jenkins, Concourse, Landscaper with GitOps/GitAction) - Sovereign Cloud",SAP,https://encrypted-tbn0.gstatic.com/images?q=tbn:ANd9GcQzaPCpCxorZnuGrCw-NUiKBkhyQyWtEMxLstUo&s=0,,SAP Careers,Full-time,['FULLTIME'],https://jobs.sap.com/job/Bangalore-Senior-DevOps-Engineer-%28Jenkins%2C-Concourse%2C-Landscaper-with-GitOpsGitAction%29-Sovereign-Cloud-560066/1234736001/?utm_campaign=google_jobs_apply&utm_source=google_jobs_apply&utm_medium=organic,True
RcpRALhJmvLCX7qHAAAAAA==,Cloud Engineers,Rearc,https://encrypted-tbn0.gstatic.com/images?q=tbn:ANd9GcT43tZzXdUo_2NfaFWFrl3povz8Md6ihWCyWK_7&s=0,https://rearc.io,LinkedIn,Full-time,['FULLTIME'],https://in.linkedin.com/jobs/view/cloud-engineers-at-rearc-4258405106?utm_campaign=google_jobs_apply&utm_source=google_jobs_apply&utm_medium=organic,False
jn-djzHs47YEERBiAAAAAA==,Cloud Engineering Senior Advisor- HIH - Evernorth,The Cigna Group,https://encrypted-tbn0.gstatic.com/images?q=tbn:ANd9GcRbiM2lMDe9hA14IFZdSJw8Mz2cZQJcbXPKXxHS&s=0,https://www.thecignagroup.com,Cigna - The Cigna Group,Full-time,['FULLTIME'],https://jobs.thecignagroup.com/us/en/job/25007824/Cloud-Engineering-Senior-Advisor-HIH-Evernorth?utm_campaign=google_jobs_apply&utm_source=google_jobs_apply&utm_medium=organic,False
l2CrUd52sqMIwZDMAAAAAA==,Principal Lead AWS Cloud Engineer,Ameriprise India,https://encrypted-tbn0.gstatic.com/images?q=tbn:ANd9GcThR6Zf2gDqCCY0hkqvMjR2Yf7My6zTAbr9ddHH&s=0,https://www.ameriprise.com,Indeed,Full-time,['FULLTIME'],https://in.indeed.com/viewjob?jk=506fc8527fa772db&utm_campaign=google_jobs_apply&utm_source=google_jobs_apply&utm_medium=organic,False
gf3zf5H3HyWLuU0sAAAAAA==,"Cloud Engineer - Domino AI Platform Job in Bangalore, India",Virtusa,,https://www.virtusa.com,Virtusa,Full-time,['FULLTIME'],https://www.virtusa.com/careers/in/bangalore/emerging-tech/cloud-engineer-domino-ai-platform/creq222025?utm_campaign=google_jobs_apply&utm_source=google_jobs_apply&utm_medium=organic,False
pc6LDTCDeOEX_Sh0AAAAAA==,Senior Cloud Engineer - High Performance Computing Storage,7120 Chevron Global Technology and Services Private Limited,,,Workday,Full-time,['FULLTIME'],https://chevron.wd5.myworkdayjobs.com/jobs/job/Bengaluru-Karnataka-India/Senior-Cloud-Engineer---High-Performance-Computing-Storage_R000064918?utm_campaign=google_jobs_apply&utm_source=google_jobs_apply&utm_medium=organic,False
jzdT5crEAiu0iQTBAAAAAA==,"Senior Software Engineer, Google Cloud",Google,,https://www.google.com/,Taro,Full-time,['FULLTIME'],https://www.jointaro.com/jobs/google/senior-software-engineer-google-cloud-2c9e2447/?utm_campaign=google_jobs_apply&utm_source=google_jobs_apply&utm_medium=organic,False
R2XSHzW18EHDj8SyAAAAAA==,GCP AI platform cloud Engineer,Tata Consultancy Services,https://encrypted-tbn0.gstatic.com/images?q=tbn:ANd9GcRunofVoDLQBrVXbz7pVZHgzucJaSdyLClFopON&s=0,http://www.tcs.com/,Recruit.net,Full-time,['FULLTIME'],https://www.recruit.net/job/gcp-ai-platform-cloud-engineer-jobs/EF43C609A421C3A3?utm_campaign=google_jobs_apply&utm_source=google_jobs_apply&utm_medium=organic,False
YU1G4eUGgsnrSdwNAAAAAA==,Conversational AI Strategic Cloud Engineer,Google India Pvt Ltd,https://encrypted-tbn0.gstatic.com/images?q=tbn:ANd9GcSTPxvYIbJyZyx1gm6ApTKDTHcvT1NUH-4w2z1R&s=0,http://www.google.co.in/,Apna,Full-time,['FULLTIME'],https://apna.co/job/bengaluru/conversational-ai-strategic-cloud-engineer-1045030891?utm_campaign=google_jobs_apply&utm_source=google_jobs_apply&utm_medium=organic,False
1k34YmuwF335aTqxAAAAAA==,"Software Engineer , Cloud",NiCE,https://encrypted-tbn0.gstatic.com/images?q=tbn:ANd9GcR2mvkQZaZ3k5io9pqZnZq_opuSWG1DE6CKGqQY&s=0,http://www.nice.com/,LinkedIn,Full-time,['FULLTIME'],https://in.linkedin.com/jobs/view/software-engineer-cloud-at-nice-4267763379?utm_campaign=google_jobs_apply&utm_source=google_jobs_apply&utm_medium=organic,False
OGt1g3bEmyZF9zAHAAAAAA==,Cloud Engineer-Azure,Camsdata,https://encrypted-tbn0.gstatic.com/images?q=tbn:ANd9GcQGd5mZx4bHH_-0w20LlJwQYruPEHziHf-7Kw2u&s=0,https://www.camsdata.in,Glassdoor,Full-time,['FULLTIME'],"https://www.glassdoor.co.in/job-listing/cloud-engineer-azure-camsdata-JV_IC2940587_KO0,20_KE21,29.htm?jl=1008049321523&utm_campaign=google_jobs_apply&utm_source=google_jobs_apply&utm_medium=organic",False
Xyizyaj7E0wjOb9FAAAAAA==,Senior Cloud Network Engineer,Ameriprise Financial,,http://ameriprise.com/,Ameriprise Careers - Ameriprise Financial,Full-time,['FULLTIME'],https://careers.ameriprise.com/search-jobs/r24_0000003541/senior-cloud-network-engineer/?utm_campaign=google_jobs_apply&utm_source=google_jobs_apply&utm_medium=organic,False
6UGJ0ufbvsD9JAP6AAAAAA==,AWS Cloud Engineer,RapidBrains,https://encrypted-tbn0.gstatic.com/images?q=tbn:ANd9GcRWea3O1wXP4d61BIy6jIKvatHQDwwKG3O7Hb_6&s=0,https://www.rapidbrains.com,Recruit.net,Full-time,['FULLTIME'],https://www.recruit.net/job/aws-cloud-engineer-jobs/17309B73BFF2384A?utm_campaign=google_jobs_apply&utm_source=google_jobs_apply&utm_medium=organic,False
XdmJcSU-oAlXkH3VAAAAAA==,Cloud engineer - GCP and Azure,Golden Opportunities,,https://www.mygoldenteam.com,Shine,Full-time,['FULLTIME'],https://www.shine.com/jobs/cloud-engineer-gcp-and-azure/golden-opportunities/17618674?utm_campaign=google_jobs_apply&utm_source=google_jobs_apply&utm_medium=organic,False
FtIpnYUGWso1S5raAAAAAA==,Automation & Cloud Engineer,Novature Tech,https://encrypted-tbn0.gstatic.com/images?q=tbn:ANd9GcSqutGPSZ_cVNjO1XNjbaQacWDvLJhWOuo5iDvj&s=0,https://novaturetech.com,Indeed,Full-time,['FULLTIME'],https://in.indeed.com/viewjob?jk=61ca61bec1933e0c&utm_campaign=google_jobs_apply&utm_source=google_jobs_apply&utm_medium=organic,False
1UB15bvRsqzj305xAAAAAA==,Senior Cloud Infrastructure Engineer - Fully Remote,CoverGo,https://encrypted-tbn0.gstatic.com/images?q=tbn:ANd9GcSsxeWvSo3vkrJQXsrZ06zIVZOfEz08u1A1JsG8&s=0,http://www.covergo.com/,Himalayas.app,Full-time,['FULLTIME'],https://himalayas.app/companies/covergo/jobs/senior-cloud-infrastructure-engineer-fully-remote?utm_campaign=google_jobs_apply&utm_source=google_jobs_apply&utm_medium=organic,False
iklImpw4X2x94TG_AAAAAA==,Senior Cloud Operation Engineer,Oracle,https://encrypted-tbn0.gstatic.com/images?q=tbn:ANd9GcSJLLOKtj3ZlEJZ712cW54yIDzn_stSFTviqPts&s=0,https://www.oracle.com,LinkedIn,Full-time,['FULLTIME'],https://in.linkedin.com/jobs/view/senior-cloud-operation-engineer-at-oracle-4249963375?utm_campaign=google_jobs_apply&utm_source=google_jobs_apply&utm_medium=organic,False
zDuz4ymPpjkNsFohAAAAAA==,"Cloud Engineer, AI at Google, India [Multiple Locations; Python; Scala; R; 3 Years Exp]: Apply Now!",Google,,https://www.google.com/,CSE NoticeBard,Full-time,['FULLTIME'],https://cse.noticebard.com/jobs/cloud-engineer-ai-at-google-india/?utm_campaign=google_jobs_apply&utm_source=google_jobs_apply&utm_medium=organic,False
I8cwZgqXZ-kfEhCoAAAAAA==,"Cloud Engineer, Azure",BETSOL,,http://betsol.com/,Smart Recruiters Jobs,Full-time,['FULLTIME'],https://jobs.smartrecruiters.com/BETSOL/744000072169285-cloud-engineer-azure?utm_campaign=google_jobs_apply&utm_source=google_jobs_apply&utm_medium=organic,False
2nBFIepyuSvyDWO5AAAAAA==,Cloud Engineering Lead,Randstad Sourceright India,,,Careers At Randstad Sourceright India,Full-time,['FULLTIME'],https://randstadsourceright-india.gr8people.com/jobs/2424/cloud-engineering-lead?utm_campaign=google_jobs_apply&utm_source=google_jobs_apply&utm_medium=organic,False
qI_VFJoYVOqrbsHtAAAAAA==,Senior Cloud & Infrastructure Engineer,Relevate Consulting,https://encrypted-tbn0.gstatic.com/images?q=tbn:ANd9GcS7g3KrlN5bLXuRe6BusXWU8rcSqEatBbzy44do&s=0,https://relevatecs.com,LinkedIn,Full-time,['FULLTIME'],https://in.linkedin.com/jobs/view/senior-cloud-infrastructure-engineer-at-relevate-consulting-4281551377?utm_campaign=google_jobs_apply&utm_source=google_jobs_apply&utm_medium=organic,False
0pXEmGhfXvuKALIQAAAAAA==,HPC (High Performance Compute) Cloud Engineer_Vice President_Cloud & Infrastructure Engineering,Morgan Stanley,https://encrypted-tbn0.gstatic.com/images?q=tbn:ANd9GcSx4ttIxUCYZvUu2u6zZQC9zjbLdbrHyb13PHQg&s=0,http://www.morganstanley.com/,PowerToFly,Full-time,['FULLTIME'],https://powertofly.com/jobs/detail/2326521?utm_campaign=google_jobs_apply&utm_source=google_jobs_apply&utm_medium=organic,False
JAjXOxs4ffhBOVPXAAAAAA==,Cloud Operations Engineer - Kubernetes,Applied Cloud Computing,,https://www.appliedcloudcomputing.com,Shine,Full-time,['FULLTIME'],https://www.shine.com/jobs/cloud-operations-engineer-kubernetes/applied-cloud-computing/17621781?utm_campaign=google_jobs_apply&utm_source=google_jobs_apply&utm_medium=organic,False
cESlzfWdob1gRLAVAAAAAA==,"Cloud Engineer(Python, kuberentes, AWS)",Aptiv,,http://www.aptiv.com/,Bayt.com,Full-time,['FULLTIME'],https://www.bayt.com/en/india/jobs/cloud-engineer-python-kuberentes-aws-73148859/?utm_campaign=google_jobs_apply&utm_source=google_jobs_apply&utm_medium=organic,False
81TduCSf9UUrRh4MAAAAAA==,Senior AWS Cloud Engineer,Amgen Technology Private Limited,https://encrypted-tbn0.gstatic.com/images?q=tbn:ANd9GcTAGnA10bFf1yljKmlb40dxfT0Lgi5uUJTSb9Zw&s=0,,Foundit,Full-time,['FULLTIME'],https://www.foundit.in/job/senior-aws-cloud-engineer-amgen-technology-private-limited-hyderabad-secunderabad-telangana-35381468?utm_campaign=google_jobs_apply&utm_source=google_jobs_apply&utm_medium=organic,True
mhPOY1R3YsnOcLD5AAAAAA==,VAYUZ Technologies - AWS Cloud Engineer - CI/CD Pipeline,VAYUZ Technologies,https://encrypted-tbn0.gstatic.com/images?q=tbn:ANd9GcTzH2XyMzX5eg4rC15PuxWiS_jNQ2Q5a93eAj6w&s=0,,LinkedIn,Full-time,['FULLTIME'],https://in.linkedin.com/jobs/view/vayuz-technologies-aws-cloud-engineer-ci-cd-pipeline-at-vayuz-technologies-4248380690?utm_campaign=google_jobs_apply&utm_source=google_jobs_apply&utm_medium=organic,False
5hTDIaSDE8bEvqDIAAAAAA==,"Cloud Engineer AWS role at 3RI Technologies Pvt Ltd in Pune ,Hyderabad/ Secunderabad",3RI Technologies Pvt Ltd,,https://www.3ritechnologies.com,TimesJobs,Full-time,['FULLTIME'],https://www.timesjobs.com/job-detail/cloud-engineer-aws-3ri-technologies-pvt-ltd-pune-hyderabad-secunderabad-0-to-2-yrs-jobid-F__SLASH__6Yxzh4i2xzpSvf__PLUS__uAgZw==?utm_campaign=google_jobs_apply&utm_source=google_jobs_apply&utm_medium=organic,False
UQGtm0pxsComaTe3AAAAAA==,Google Cloud Engineer (DevOps + GKE )- SSE,CGI,https://encrypted-tbn0.gstatic.com/images?q=tbn:ANd9GcQionuwpaxubJ0Ct0GTMiQPJHNOVcAc2WuoaiMM&s=0,,Dr. Job Pro,Full-time,['FULLTIME'],https://www.drjobpro.com/job/view/MBRA1QGB08PZJ54?utm_campaign=google_jobs_apply&utm_source=google_jobs_apply&utm_medium=organic,True
cRVuWSKcNIF2GHaNAAAAAA==,AWS Cloud Engineer,Phygital Insights,https://encrypted-tbn0.gstatic.com/images?q=tbn:ANd9GcSOexVWl6HGe2hnAjyZ77uNsteZxnk6Vi9CChxY&s=0,https://www.phygital-insights.com,Glassdoor,Full-time,['FULLTIME'],"https://www.glassdoor.co.in/job-listing/aws-cloud-engineer-phygital-insights-JV_IC2901633_KO0,18_KE19,36.htm?jl=1009139144195&utm_campaign=google_jobs_apply&utm_source=google_jobs_apply&utm_medium=organic",False
LlLumk8YcGUiQlo_AAAAAA==,GCP Cloud DevOps Engineer,Zensar,https://encrypted-tbn0.gstatic.com/images?q=tbn:ANd9GcRzW49idQgLlO0tWRFhLkrEZpnghFIuLe30CFUp&s=0,http://www.zensar.com/,Oracle,Full-time,['FULLTIME'],https://fa-etvl-saasfaprod1.fa.ocs.oraclecloud.com/hcmUI/CandidateExperience/en/sites/CX_1/job/133828/?keyword=devops&lastSelectedFacet=POSTING_DATES&mode=location&selectedLocationsFacet=300000000435151&selectedPostingDatesFacet=7&utm_campaign=google_jobs_apply&utm_source=google_jobs_apply&utm_medium=organic,False
wFlubGNqJpqiZ8r1AAAAAA==,Cloud Support Operations Engineer II,MicroStrategy India,https://encrypted-tbn0.gstatic.com/images?q=tbn:ANd9GcSwLlDT03KV4gU6sZsyfElrdtc625khwO2Ml8it&s=0,http://www.microstrategy.com/in,Glassdoor,Full-time,['FULLTIME'],"https://www.glassdoor.co.in/job-listing/cloud-support-operations-engineer-ii-microstrategy-india-JV_IC2851180_KO0,36_KE37,56.htm?jl=1009651517692&utm_campaign=google_jobs_apply&utm_source=google_jobs_apply&utm_medium=organic",True
wbtt7L37u0mdi8FsAAAAAA==,DevOps Cloud Engineer - API Gateway,transunion,,http://www.transunion.com/,Foundit,Full-time,['FULLTIME'],https://www.foundit.in/job/devops-cloud-engineer-api-gateway-transunion-chennai-34488495?utm_campaign=google_jobs_apply&utm_source=google_jobs_apply&utm_medium=organic,True
LIoFaFSToicugdVnAAAAAA==,"Manager, Salesforce Marketing Cloud Engineer",MSD,https://encrypted-tbn0.gstatic.com/images?q=tbn:ANd9GcSyFtTU6dH1FwwF9_qSB0jWpCvGlPMuU0Exl77L&s=0,http://www.merck.com/,Jobs.msd.com,Full-time,['FULLTIME'],https://jobs.msd.com/de/de/job/R351487/Manager-Salesforce-Marketing-Cloud-Engineer?utm_campaign=google_jobs_apply&utm_source=google_jobs_apply&utm_medium=organic,False
JRqy9Z8cVzSY7LrqAAAAAA==,Cloud Engineer (OCI)  (Contract/Freelancer),Perficient India,https://encrypted-tbn0.gstatic.com/images?q=tbn:ANd9GcRWea3O1wXP4d61BIy6jIKvatHQDwwKG3O7Hb_6&s=0,https://www.perficient.com,Recruit.net,Contractor,"['CONTRACTOR', 'CONTRACTOR']",https://www.recruit.net/job/cloud-engineer-oci-freelancer-jobs/2B2D63A9E158E4F8?utm_campaign=google_jobs_apply&utm_source=google_jobs_apply&utm_medium=organic,False
B3P2LaHWjKNKTsmFAAAAAA==,Associate Cloud Computing Engineer,BigSpire Software,https://encrypted-tbn0.gstatic.com/images?q=tbn:ANd9GcR92W0T49pe5Ki5PcgxtVgICVWXR1P7uEqUZPmk&s=0,https://bigspire.com,Glassdoor,Full-time,['FULLTIME'],"https://www.glassdoor.co.in/job-listing/associate-cloud-computing-engineer-bigspire-software-JV_KO0,34_KE35,52.htm?jl=1005745249263&utm_campaign=google_jobs_apply&utm_source=google_jobs_apply&utm_medium=organic",True
STGk0s6st6Z5O9qFAAAAAA==,"AVP, Cloud Network Engineer(L11)",Synchrony,https://encrypted-tbn0.gstatic.com/images?q=tbn:ANd9GcTKwox6hKhU7Pa5R8GAEHSGADCKtvabKYl4hm5U&s=0,http://www.synchrony.com/,LinkedIn,Full-time,['FULLTIME'],https://in.linkedin.com/jobs/view/avp-cloud-network-engineer-l11-at-synchrony-4279298854?utm_campaign=google_jobs_apply&utm_source=google_jobs_apply&utm_medium=organic,False
3y03fFHtCFUIaFu2AAAAAA==,DevOps Engineer,Morningstar,,http://www.morningstar.com/,Morningstar Jobs,Full-time,['FULLTIME'],https://careers.morningstar.com/us/en/job/REQ-051667/DevOps-Engineer?utm_campaign=google_jobs_apply&utm_source=google_jobs_apply&utm_medium=organic,False
8AYxOgtDvxDSO1raAAAAAA==,Senior Engineer- Devops,Schneider Electric,https://encrypted-tbn0.gstatic.com/images?q=tbn:ANd9GcQejGRgi4fket7ZACb_iCoxET4yEOT3v5Vj_pYz&s=0,http://www.se.com/,LinkedIn,Full-time,['FULLTIME'],https://in.linkedin.com/jobs/view/senior-engineer-devops-at-schneider-electric-4283011297?utm_campaign=google_jobs_apply&utm_source=google_jobs_apply&utm_medium=organic,False
bA0_vUdSdFuC_00FAAAAAA==,"Senior DevOps Engineer (Jenkins, Concourse, Landscaper with GitOps/GitAction) - Sovereign Cloud",SAP,https://encrypted-tbn0.gstatic.com/images?q=tbn:ANd9GcQzaPCpCxorZnuGrCw-NUiKBkhyQyWtEMxLstUo&s=0,https://www.sap.com/,SAP Careers,Full-time,['FULLTIME'],https://jobs.sap.com/job/Bangalore-Senior-DevOps-Engineer-%28Jenkins%2C-Concourse%2C-Landscaper-with-GitOpsGitAction%29-Sovereign-Cloud-560066/1234736001/?utm_campaign=google_jobs_apply&utm_source=google_jobs_apply&utm_medium=organic,True
lurhP0ATlnpLx78AAAAAAA==,DevOps Engineer,Siemens,,http://www.siemens.com/,Jobs At Siemens,Full-time,['FULLTIME'],https://jobs.siemens.com/careers/job/563156126328828?utm_campaign=google_jobs_apply&utm_source=google_jobs_apply&utm_medium=organic,False
weJHRha4yXUdlzN6AAAAAA==,Senior DevOps - SW Engineers,iCore Software Systems pvt. ltd.,,,Glassdoor,Full-time,['FULLTIME'],"https://www.glassdoor.com/job-listing/senior-devops-sw-engineers-icore-software-systems-pvt-ltd-JV_IC2940587_KO0,26_KE27,57.htm?jl=1009840700059&utm_campaign=google_jobs_apply&utm_source=google_jobs_apply&utm_medium=organic",True
zTGrEwGXNuJRyITrAAAAAA==,Senior PHP & DevOps Engineer,HappieHire,https://encrypted-tbn0.gstatic.com/images?q=tbn:ANd9GcTLjvUuVmJ9_2bkjJrH2drt0rxIwT4ar0CPQ8AD&s=0,https://happiehire.com,LinkedIn,Full-time,['FULLTIME'],https://in.linkedin.com/jobs/view/senior-php-devops-engineer-at-happiehire-4282483598?utm_campaign=google_jobs_apply&utm_source=google_jobs_apply&utm_medium=organic,False
VWLpBojp6vpMSSD4AAAAAA==,Cloud DevOps Engineer,Abbott Laboratories,https://encrypted-tbn0.gstatic.com/images?q=tbn:ANd9GcQ4F4BqX_1FV8BDQlePPc8fnqxjFPO2We9By3gi&s=0,https://www.abbott.com,Abbott Careers,Full-time,['FULLTIME'],https://www.jobs.abbott/us/en/job/31117083/Cloud-DevOps-Engineer?utm_campaign=google_jobs_apply&utm_source=google_jobs_apply&utm_medium=organic,False
pEj6M127l8Ez0yyNAAAAAA==,Staff Engineer – DevOps,Qualcomm,,http://www.qualcomm.com/,Qualcomm Careers,Full-time,['FULLTIME'],https://careers.qualcomm.com/careers/job/446706187239-staff-engineer-%E2%80%93-devops-hyderabad-telangana-india?domain=qualcomm.com&utm_campaign=google_jobs_apply&utm_source=google_jobs_apply&utm_medium=organic,False
z6jWtKPppit55xqhAAAAAA==,Senior DevOps Engineer,Clarivate,,http://www.clarivate.com/,Clarivate,Full-time,['FULLTIME'],https://careers.clarivate.com/job/JREQ133039/Senior-DevOps-Engineer?utm_campaign=google_jobs_apply&utm_source=google_jobs_apply&utm_medium=organic,False
-7Z-PFo3Tgbw_E-yAAAAAA==,DevOps Data Engineer,BNP Paribas India Solutions,https://encrypted-tbn0.gstatic.com/images?q=tbn:ANd9GcQE0FsAgi8aqJGmDp9Av9_rGvWa2nxN8TcZdnHm&s=0,http://www.indiasolutions.bnpparibas.co.in/,Groupe BNP Paribas,Full-time,['FULLTIME'],https://group.bnpparibas/en/careers/job-offer/devops-data-engineer?utm_campaign=google_jobs_apply&utm_source=google_jobs_apply&utm_medium=organic,False
WFAhSDG8W9gN9L5kAAAAAA==,"DevOps Software Engineer, Principal",Blackbaud,https://encrypted-tbn0.gstatic.com/images?q=tbn:ANd9GcT1tosBEAdwLXGSg-bgkrorMS76GP5Bhu5Pd5GD&s=0,https://www.blackbaud.com,Blackbaud Jobs,Full-time,['FULLTIME'],https://careers.blackbaud.com/us/en/job/R0012995/DevOps-Software-Engineer-Principal?utm_campaign=google_jobs_apply&utm_source=google_jobs_apply&utm_medium=organic,False
U5iQnO2Atqj-wqSlAAAAAA==,Principal DevOps Engineer (Cortex),Palo Alto Networks,,https://www.paloaltonetworks.com,Smart Recruiters Jobs,Full-time,['FULLTIME'],https://jobs.smartrecruiters.com/PaloAltoNetworks2/744000074525895-principal-devops-engineer-cortex-?utm_campaign=google_jobs_apply&utm_source=google_jobs_apply&utm_medium=organic,False
DJTv07tVk9XgPqdWAAAAAA==,DevOps Engineer - India,Domo,https://encrypted-tbn0.gstatic.com/images?q=tbn:ANd9GcRab725B4ZHjVDiGbzOAuFRK8iVA317sbKCCoTN&s=0,https://www.domo.com,Startup Jobs,Full-time,['FULLTIME'],https://startup.jobs/devops-engineer-india-domo-7062505?utm_campaign=google_jobs_apply&utm_source=google_jobs_apply&utm_medium=organic,False
tkKTJSduyVL_Dj_7AAAAAA==,Senior/Lead DevOps Engineer,Luxoft,https://encrypted-tbn0.gstatic.com/images?q=tbn:ANd9GcT_OhtndE6mGDfcQ_VYU9f6p96lLp770UqQzRXz&s=0,https://www.luxoft.com,Luxoft,Full-time,['FULLTIME'],https://career.luxoft.com/jobs/seniorlead-devops-engineer-15513?utm_campaign=google_jobs_apply&utm_source=google_jobs_apply&utm_medium=organic,True
jK6mS7B_hkgL_h5VAAAAAA==,"Principal Engineer, DevOPs",Baxter,,https://www.baxter.com,Baxter,Full-time,['FULLTIME'],https://jobs.baxter.com/en/job/bengaluru/principal-engineer-devops/152/82968428944?utm_campaign=google_jobs_apply&utm_source=google_jobs_apply&utm_medium=organic,False
CPWhAvJVL1iXLVWvAAAAAA==,Devops Engineer III,Phenom People Pvt Ltd,https://encrypted-tbn0.gstatic.com/images?q=tbn:ANd9GcSghCcVmjqTczOXtLC_zC1hmZ27ebgG8HIIDLzd&s=0,,Phenom Jobs,Full-time,['FULLTIME'],https://careers.phenompeople.com/us/en/job/P-104054/Devops-Engineer-III?utm_campaign=google_jobs_apply&utm_source=google_jobs_apply&utm_medium=organic,False
w65ADI_hAeBE2BnGAAAAAA==,Senior Engineer - AWS Cloud Devops,United Airlines,https://encrypted-tbn0.gstatic.com/images?q=tbn:ANd9GcS6DMswunk7F25_BeXSf2w8JVHG65s4lc7v5wfG&s=0,https://www.united.com,United Airlines Jobs,Full-time,['FULLTIME'],https://careers.united.com/us/en/job/GGN00002056/Senior-Engineer-AWS-Cloud-Devops?utm_campaign=google_jobs_apply&utm_source=google_jobs_apply&utm_medium=organic,False
FvqogFPq3zQT8QPJAAAAAA==,Principal Engineer - DevOps,Flexera Software India LLP,,https://community.flexera.com,Workday,Full-time,['FULLTIME'],https://flexerasoftware.wd1.myworkdayjobs.com/en-US/FlexeraSoftware/job/Home-India/Principal-Engineer---DevOps_16190?utm_campaign=google_jobs_apply&utm_source=google_jobs_apply&utm_medium=organic,False
Hi2h2vjB67o7w27pAAAAAA==,Cloud DevOps Engineer,Abbott Laboratories,https://encrypted-tbn0.gstatic.com/images?q=tbn:ANd9GcQ4F4BqX_1FV8BDQlePPc8fnqxjFPO2We9By3gi&s=0,https://www.abbott.com,Abbott Careers,Full-time,['FULLTIME'],https://www.jobs.abbott/global/es/job/31117083/Cloud-DevOps-Engineer?utm_campaign=google_jobs_apply&utm_source=google_jobs_apply&utm_medium=organic,False
bk-1waxAki07tU34AAAAAA==,Devops Engineer (225-612),Talentmate,,https://www.talentmate.com,Talentmate,Full-time,['FULLTIME'],https://www.talentmate.com/jobs/india/kochi/devops-engineer-225-612/2506-1-20217?utm_campaign=google_jobs_apply&utm_source=google_jobs_apply&utm_medium=organic,False
e7oVsceiYzgrMwTzAAAAAA==,DevOps Engineer/Lead,vueverse.,https://encrypted-tbn0.gstatic.com/images?q=tbn:ANd9GcRup9QvLqbDv1RMSJ20Q2-WC8vaaAQ00yW3nvu8&s=0,https://ivueverse.com,LinkedIn,Full-time,['FULLTIME'],https://in.linkedin.com/jobs/view/devops-engineer-lead-at-vueverse-4279414857?utm_campaign=google_jobs_apply&utm_source=google_jobs_apply&utm_medium=organic,False
nFJIsdqs8E7y_0rZAAAAAA==,Lead DevOps Engineer-Azure Cloud,Trimble,,http://www.trimble.com/,Jobs At Trimble,Full-time,['FULLTIME'],https://trimblecareers.trimble.com/careers/job/171828044302-lead-devops-engineer-azure-cloud-india-chennai?domain=trimble.com&microsite=trimble.com&utm_campaign=google_jobs_apply&utm_source=google_jobs_apply&utm_medium=organic,False
9ThXRaZEhlUzdm6qAAAAAA==,Senior DevOps Engineer,Kaseya,https://encrypted-tbn0.gstatic.com/images?q=tbn:ANd9GcQI8GTndz7d6OKf-caZHFHDoGhR9O9MGBSPf-nO&s=0,http://www.kaseya.com/,Kaseya,Full-time,['FULLTIME'],https://www.kaseya.com/careers/jobs/id/5221768004/?utm_campaign=google_jobs_apply&utm_source=google_jobs_apply&utm_medium=organic,False
6gUp8IrrgUpA1tSaAAAAAA==,Sr DevOps Engineer,CLIQHR Recruitment Services,,,Iitjobs,Full-time,['FULLTIME'],https://www.iitjobs.com/job/sr-devops-engineer-chennai-tamil-nadu-india-cliqhr-recruitment-services-92255?utm_campaign=google_jobs_apply&utm_source=google_jobs_apply&utm_medium=organic,False
QDjJPVriMLbhdiM4AAAAAA==,Senior DevOps Engineer (SAP Basis & S/4HANA) - Sovereign Cloud Delivery,SAP,https://encrypted-tbn0.gstatic.com/images?q=tbn:ANd9GcQzaPCpCxorZnuGrCw-NUiKBkhyQyWtEMxLstUo&s=0,https://www.sap.com/,SAP Careers,Full-time,['FULLTIME'],https://jobs.sap.com/job/Bangalore-Senior-DevOps-Engineer-%28SAP-Basis-&-S4HANA%29-Sovereign-Cloud-Delivery-560066/1225084401/?utm_campaign=google_jobs_apply&utm_source=google_jobs_apply&utm_medium=organic,True
IUXvYWYFKA3Jh8t0AAAAAA==,Principal DevOps Engineer (Cloud Optimization & Compliance),Phenom People Pvt Ltd,https://encrypted-tbn0.gstatic.com/images?q=tbn:ANd9GcSghCcVmjqTczOXtLC_zC1hmZ27ebgG8HIIDLzd&s=0,,Phenom Jobs,Full-time,['FULLTIME'],https://careers.phenompeople.com/us/en/job/P-103775/Principal-DevOps-Engineer-Cloud-Optimization-Compliance?utm_campaign=google_jobs_apply&utm_source=google_jobs_apply&utm_medium=organic,False
MJKgDkDDdv7nN0STAAAAAA==,Senior Engineer-AWS DevOps,Arrow Electronics,https://encrypted-tbn0.gstatic.com/images?q=tbn:ANd9GcRF8607shLeCgXszAdF1zqe8c93-06X65vmR5j-&s=0,http://www.arrow.com/,Arrow Electronics Jobs,Full-time,['FULLTIME'],https://careers.arrow.com/us/en/job/R232491/Senior-Engineer-AWS-DevOps?utm_campaign=google_jobs_apply&utm_source=google_jobs_apply&utm_medium=organic,False
RRR0qgv0q3R9CGuJAAAAAA==,DevOps Automation Engineer,Luxoft,https://encrypted-tbn0.gstatic.com/images?q=tbn:ANd9GcT_OhtndE6mGDfcQ_VYU9f6p96lLp770UqQzRXz&s=0,https://www.luxoft.com,Luxoft,Full-time,['FULLTIME'],https://career.luxoft.com/jobs/devops-automation-engineer-15365?utm_campaign=google_jobs_apply&utm_source=google_jobs_apply&utm_medium=organic,True
zYJUDuOKnxX_KuILAAAAAA==,Sr. AWS DevOps Engineer - offshore India or onshore US,BizAnalytica,https://encrypted-tbn0.gstatic.com/images?q=tbn:ANd9GcRjeqpNpltchMqbh0PV-fuFMcZSUdKjPgBz7OmR&s=0,http://bizanalytica.com/,Jobgether,Full-time,['FULLTIME'],https://jobgether.com/offer/67ecbdf33b1cb2ad171cf39b-sr.-aws-devops-engineer---offshore-india-or-onshore-us?utm_campaign=google_jobs_apply&utm_source=google_jobs_apply&utm_medium=organic,False
lRkDAl0H-v01u3biAAAAAA==,Senior DevOps Engineer - GeForce NOW Cloud,NVIDIA,https://encrypted-tbn0.gstatic.com/images?q=tbn:ANd9GcRw9YfX88JrcCX3OX5afcVkRSrg5UEnUcVqwv8e&s=0,,AnitaB.org Job Board,Full-time,['FULLTIME'],https://jobs.anitab.org/companies/nvidia/jobs/55933764-senior-devops-engineer-geforce-now-cloud?utm_campaign=google_jobs_apply&utm_source=google_jobs_apply&utm_medium=organic,False
rNTsRFyHnpsj51dvAAAAAA==,DevOps Engineer with GCP,Luxoft,https://encrypted-tbn0.gstatic.com/images?q=tbn:ANd9GcT_OhtndE6mGDfcQ_VYU9f6p96lLp770UqQzRXz&s=0,https://www.luxoft.com,Luxoft,Full-time,['FULLTIME'],https://career.luxoft.com/jobs/devops-engineer-with-gcp-13749?utm_campaign=google_jobs_apply&utm_source=google_jobs_apply&utm_medium=organic,True
po2uh1dVTOjVq6mmAAAAAA==,Junior DevOps Engineer Job Overview,Cyber Infrastructure (CIS),https://encrypted-tbn0.gstatic.com/images?q=tbn:ANd9GcSKU-YvFawVH-8c4Ai8DSfUir6srQ6PNb_6zds2&s=0,,LinkedIn,Full-time,['FULLTIME'],https://in.linkedin.com/jobs/view/junior-devops-engineer-job-overview-at-cyber-infrastructure-cis-4263422310?utm_campaign=google_jobs_apply&utm_source=google_jobs_apply&utm_medium=organic,False
sB7ARMIq7fxwKumhAAAAAA==,DevOps Engineer | India,Photon,https://encrypted-tbn0.gstatic.com/images?q=tbn:ANd9GcRcJpEuM_PpceK9wNrCYfEW3bpGWC2ifLLFAs3q&s=0,https://www.photon.com,Glassdoor,Full-time,['FULLTIME'],"https://www.glassdoor.co.in/job-listing/devops-engineer-india-photon-JV_KO0,21_KE22,28.htm?jl=1009449286073&utm_campaign=google_jobs_apply&utm_source=google_jobs_apply&utm_medium=organic",False
uYdFZFu6MU1a5eJHAAAAAA==,DevOps Engineer,EnactOn Technologies,,https://www.enacton.com,EnactOn Technologies,Full-time,['FULLTIME'],https://www.enacton.com/careers/devops-engineer/?utm_campaign=google_jobs_apply&utm_source=google_jobs_apply&utm_medium=organic,False
7V7QYE-S820tVbouAAAAAA==,DevOps Engineer -AWS,Capgemini Engineering,,https://www.capgemini.com,Capgemini,Full-time,['FULLTIME'],https://www.capgemini.com/in-en/jobs/290500-en_GB_SAPBTP?utm_campaign=google_jobs_apply&utm_source=google_jobs_apply&utm_medium=organic,False
o0u1jDEFxo6E4lahAAAAAA==,DevOps Engineer 3,Granicus,https://encrypted-tbn0.gstatic.com/images?q=tbn:ANd9GcQ2L9CTgLRVKFmtAB-EhPTpbD0oGBg5uTXCMy0z&s=0,https://granicus.com,Empllo (Formerly TryRemotely),Full-time,['FULLTIME'],https://empllo.com/jobs/view/granicus-devops-engineer-3-3582575?utm_campaign=google_jobs_apply&utm_source=google_jobs_apply&utm_medium=organic,False
4vBePYjI5rcFYadQAAAAAA==,DevOps,Thales,https://encrypted-tbn0.gstatic.com/images?q=tbn:ANd9GcTieY7E-h0ihOOfjnsPNo3zFb75L8Pw0djhwtHM&s=0,https://www.thalesgroup.com,Thales Careers,Full-time,['FULLTIME'],https://careers.thalesgroup.com/global/en/job/R0279477/DevOps?utm_campaign=google_jobs_apply&utm_source=google_jobs_apply&utm_medium=organic,False
cuwYyMl-CcSrSoCEAAAAAA==,Lead Devops Engineer,ASSA ABLOY,https://encrypted-tbn0.gstatic.com/images?q=tbn:ANd9GcQFBMI_VXaAf-KlM25xjf5AoIODpfB_G7FrhuNs&s=0,,Assa Abloy,Full-time,['FULLTIME'],https://www.assaabloy.com/career/en/open-positions/job.40178?utm_campaign=google_jobs_apply&utm_source=google_jobs_apply&utm_medium=organic,False
bHVZjZ_JjlYe_SCiAAAAAA==,Mainframe DevOps Engineer,Barclays,https://encrypted-tbn0.gstatic.com/images?q=tbn:ANd9GcQGynjTIX-u7dO0i7gRSZgnEQlZXKEuAV1gahHi&s=0,,Barclays Careers,Full-time,['FULLTIME'],https://search.jobs.barclays/job/pune/mainframe-devops-engineer/13015/84447412960?utm_campaign=google_jobs_apply&utm_source=google_jobs_apply&utm_medium=organic,False
pjJt0aEw48c5wGICAAAAAA==,Specialist DevOps Engineer,Nice,,https://www.nice.com,Outscal,Full-time,['FULLTIME'],https://outscal.com/job/specialist-devops-engineer-at-nice-in-pune-maharashtra-india-1?utm_campaign=google_jobs_apply&utm_source=google_jobs_apply&utm_medium=organic,True
Ua6ZCwMLcKErNz3OAAAAAA==,DevOps Engineer (Azure),SITA Switzerland Sarl,,http://www.sita.aero/,SITA Careers,Full-time,['FULLTIME'],https://careers.sita.aero/jobs/6885?lang=en-us&utm_campaign=google_jobs_apply&utm_source=google_jobs_apply&utm_medium=organic,False
ChfbOn6whDSETqZzAAAAAA==,DevOps Engineer 3 month long - Remote - India,FullStack Labs,https://encrypted-tbn0.gstatic.com/images?q=tbn:ANd9GcSan8fawDaYj161Ymy_09PmmaWTdEeKOS25XdvQ&s=0,http://www.fullstacklabs.co/,Foundit.in,Full-time,['FULLTIME'],https://www.foundit.in/job/devops-engineer-3-month-long-remote-india-fullstack-labs-india-35754982?utm_campaign=google_jobs_apply&utm_source=google_jobs_apply&utm_medium=organic,False
JRdxnotLtsFfE6bWAAAAAA==,Urgently looking for DevOps Engineer,iitjobs inc,https://encrypted-tbn0.gstatic.com/images?q=tbn:ANd9GcRC39Ssl4X7a4mZ4ti4xaAI3MO8YlOiwuSY81Nw&s=0,http://www.iitjobs.com/,Iitjobs,Full-time,['FULLTIME'],https://www.iitjobs.com/job/urgently-looking-for-devops-engineer-hyderabad-telangana-india-iitjobs-inc-1642?utm_campaign=google_jobs_apply&utm_source=google_jobs_apply&utm_medium=organic,False
OBPnBBXRU8l6dHlUAAAAAA==,Senior DevOps Engineer with Python IRC224477,Hitachi Careers,,https://careers.hitachi.com,Hitachi Careers,Full-time,['FULLTIME'],https://careers.hitachi.com/jobs/15035184-senior-devops-engineer-with-python-irc224477?utm_campaign=google_jobs_apply&utm_source=google_jobs_apply&utm_medium=organic,False
iQ9yY-D84jy61ZlsAAAAAA==,Java SpringBoot Devops/Senior Software Engineer,HSBC,,http://www.hsbc.com/,Talent500,Full-time,['FULLTIME'],https://talent500.com/jobs/hsbc/java-springboot-devopssenior-software-engineer-india-T500_HB_264874/?utm_campaign=google_jobs_apply&utm_source=google_jobs_apply&utm_medium=organic,False
wRmIh0mekcGQmQyhAAAAAA==,DevOps Engineer - Systems & Hardware,IBM,https://encrypted-tbn0.gstatic.com/images?q=tbn:ANd9GcTBsNntdONBJr6EiRxTz2-ar8dk-GafXiNAedPz&s=0,https://www.ibm.com/,The Muse,Full-time,['FULLTIME'],https://www.themuse.com/jobs/ibm/devops-engineer-systems-hardware?utm_campaign=google_jobs_apply&utm_source=google_jobs_apply&utm_medium=organic,False
_R23E7H2P2J3UqhgAAAAAA==,DevOps Engineer,HotelKey,https://encrypted-tbn0.gstatic.com/images?q=tbn:ANd9GcQpNC1saU30IZJ835Yxb2MlDXSicdNx7G9Vf3bx&s=0,https://www.hotelkeyapp.com,Glassdoor,Full-time,['FULLTIME'],"https://www.glassdoor.co.in/job-listing/devops-engineer-hotelkey-JV_IC2951950_KO0,15_KE16,24.htm?jl=1008890149087&utm_campaign=google_jobs_apply&utm_source=google_jobs_apply&utm_medium=organic",False
hD_Xe_sgNn0DSihIAAAAAA==,Python+DevOps Engineer - Associate - Cybersecurity Engineering,Morgan Stanley,https://encrypted-tbn0.gstatic.com/images?q=tbn:ANd9GcSx4ttIxUCYZvUu2u6zZQC9zjbLdbrHyb13PHQg&s=0,http://www.morganstanley.com/,PowerToFly,Full-time,['FULLTIME'],https://powertofly.com/jobs/detail/2337759?utm_campaign=google_jobs_apply&utm_source=google_jobs_apply&utm_medium=organic,False
0LqJo6r_pTjT-HcEAAAAAA==,DevOps Engineer for CIO Developer Tooling,IBM,https://encrypted-tbn0.gstatic.com/images?q=tbn:ANd9GcQxWYWvFgwYLZ8AwQq4y5VcintRQIKAge6OaVRD&s=0,,JobzMall,Full-time,['FULLTIME'],https://www.jobzmall.com/ibm/job/devops-engineer-for-cio-developer-tooling?utm_campaign=google_jobs_apply&utm_source=google_jobs_apply&utm_medium=organic,True
Tl_eEO1k6Qwo3OM0AAAAAA==,Senior Engineer- Devops,75F APAC,,https://www.75f.io,75F APAC,Full-time,['FULLTIME'],https://75f-apac.breezy.hr/p/6056fd49de67-devops-engineer?utm_campaign=google_jobs_apply&utm_source=google_jobs_apply&utm_medium=organic,False
LZI7BS7773nMJ73yAAAAAA==,"Senior Machine Learning Engineer, Recommendations",Roku,,https://www.roku.com,Roku Jobs,Full-time,['FULLTIME'],https://www.weareroku.com/jobs/senior-machine-learning-engineer-recommendations-bengaluru-karnataka-india-0ce595af-458b-44ff-aea2-6e3d492dfc98?utm_campaign=google_jobs_apply&utm_source=google_jobs_apply&utm_medium=organic,False
_X85rEKwKqh5npmNAAAAAA==,"Machine Learning Engineer, AVP",NatWest Digital X,https://encrypted-tbn0.gstatic.com/images?q=tbn:ANd9GcTu6lhEsxQT1UOE-2wyjArdjztL1XAiD4j-IMNO&s=0,https://jobs.natwestgroup.com,NatWest Group Careers,Full-time,['FULLTIME'],https://jobs.natwestgroup.com/jobs/16389032-machine-learning-engineer-avp?utm_campaign=google_jobs_apply&utm_source=google_jobs_apply&utm_medium=organic,False
coOEIy5U7pOLw7UhAAAAAA==,Machine Learning Engineer,Adobe,,https://www.adobe.com,Adobe Careers,Full-time,['FULLTIME'],https://careers.adobe.com/us/en/job/R155866/Machine-Learning-Engineer?utm_campaign=google_jobs_apply&utm_source=google_jobs_apply&utm_medium=organic,False
Rrgdy0goF5zdjhEbAAAAAA==,Senior Machine Learning Engineer,eBay,https://encrypted-tbn0.gstatic.com/images?q=tbn:ANd9GcQ4jJ8mXgZgwBwf88jYM5si3QgvclxNqkf56J4G&s=0,https://www.ebay.com,EBay Jobs - EBay Inc.,Full-time,['FULLTIME'],https://jobs.ebayinc.com/us/en/job/R0067864/Senior-Machine-Learning-Engineer?utm_campaign=google_jobs_apply&utm_source=google_jobs_apply&utm_medium=organic,False
OjUZbRpK_yUsWL4vAAAAAA==,Software Engineer III Machine Learning Big Data Developer,JPMorganChase,https://encrypted-tbn0.gstatic.com/images?q=tbn:ANd9GcSJGlBBMSH3KKcmylT5lMvWctF0mf1Ywm-2xFv5&s=0,https://www.jpmorganchase.com,LinkedIn,Full-time,['FULLTIME'],https://in.linkedin.com/jobs/view/software-engineer-iii-machine-learning-big-data-developer-at-jpmorganchase-4282663025?utm_campaign=google_jobs_apply&utm_source=google_jobs_apply&utm_medium=organic,False
YlAbM0Ax-mcioHhlAAAAAA==,Machine Learning Engineer,Capgemini,https://encrypted-tbn0.gstatic.com/images?q=tbn:ANd9GcSwyAC-A4eN7rYQoi4c3u2jPxly57KD_dTP9uz5&s=0,https://www.capgemini.com,Capgemini,Full-time,['FULLTIME'],https://www.capgemini.com/in-en/jobs/294504-en_GB_SAPBTP?utm_campaign=google_jobs_apply&utm_source=google_jobs_apply&utm_medium=organic,False
gpc_hHUz57Ckv6arAAAAAA==,Machine Learning Engineer,Barclays,https://encrypted-tbn0.gstatic.com/images?q=tbn:ANd9GcQGynjTIX-u7dO0i7gRSZgnEQlZXKEuAV1gahHi&s=0,,Barclays Careers,Full-time,['FULLTIME'],https://search.jobs.barclays/job/pune/machine-learning-engineer/13015/81586695984?utm_campaign=google_jobs_apply&utm_source=google_jobs_apply&utm_medium=organic,False
Gf14xxeb1PMFW9slAAAAAA==,Machine Learning Engineer,ExxonMobil,,https://corporate.exxonmobil.com,Careers At ExxonMobil,Full-time,['FULLTIME'],https://jobs.exxonmobil.com/ExxonMobil/job/Bengaluru-Machine-Learning-Engineer-KA/1237454100/?utm_campaign=google_jobs_apply&utm_source=google_jobs_apply&utm_medium=organic,False
75zem_tk1v_fxmEhAAAAAA==,ML Engineer II - Applied AI,Uber,https://encrypted-tbn0.gstatic.com/images?q=tbn:ANd9GcQrnrY2RBocwi6880j2OSqQFKoIisGklfEwXd_3&s=0,https://www.uber.com,Uber,Full-time,['FULLTIME'],https://www.uber.com/global/en/careers/list/144219/?utm_campaign=google_jobs_apply&utm_source=google_jobs_apply&utm_medium=organic,True
OrCwE5gmWX0j-E_XAAAAAA==,Sr. SW Engineer- Machine learning,Roku,,https://www.roku.com,Roku Jobs,Full-time,['FULLTIME'],https://www.weareroku.com/jobs/sr-sw-engineer-machine-learning-bengaluru-karnataka-india?utm_campaign=google_jobs_apply&utm_source=google_jobs_apply&utm_medium=organic,False
NsdGzFuYY1TVt3LwAAAAAA==,"Lead Machine Learning Engineer – MLOps, VertexAI, LLMs, GenAI, ML Model Management",UPS,https://encrypted-tbn0.gstatic.com/images?q=tbn:ANd9GcTHzXWjfRP3t-W60BV-4pEUdt4O699T7KJav3bq&s=0,,UPS Jobs,Full-time,['FULLTIME'],https://www.jobs-ups.com/imea/en/job/UPBUPSGLOBALR25018674EXTERNALENIMEA/Lead-Machine-Learning-Engineer-MLOps-VertexAI-LLMs-GenAI-ML-Model-Management?utm_campaign=google_jobs_apply&utm_source=google_jobs_apply&utm_medium=organic,False
YVNI95sFS5a29w8yAAAAAA==,Machine Learning Engineer III,Expedia Group,https://encrypted-tbn0.gstatic.com/images?q=tbn:ANd9GcS0l23ycJEA4EvuePqOmQ0UsEsIQb3LMhK1waJo&s=0,https://expediagroup.com,Expedia Group,Full-time,['FULLTIME'],https://careers.expediagroup.com/jobs/job/?Machine+Learning+Engineer+III-Gurgaon-Haryana-j-R-96905&utm_campaign=google_jobs_apply&utm_source=google_jobs_apply&utm_medium=organic,False
RtXubaMFS0-0IXW4AAAAAA==,"Customer Engineer, Machine Learning...",Anicalls (Pty) Ltd,,,WhatJobs,Full-time,['FULLTIME'],https://en-in.whatjobs.com/jobs/machine-learning-engineer?id=166650360&utm_campaign=google_jobs_apply&utm_source=google_jobs_apply&utm_medium=organic,False
A1NPkVf0FkK_-mlCAAAAAA==,Principle Machine Learning Engineer - AI startup,Founding Teams,https://encrypted-tbn0.gstatic.com/images?q=tbn:ANd9GcRWea3O1wXP4d61BIy6jIKvatHQDwwKG3O7Hb_6&s=0,https://foundingteams.ai,Recruit.net,Full-time,['FULLTIME'],https://www.recruit.net/job/principle-machine-learning-engineer-ai-jobs/CD0422578BF13805?utm_campaign=google_jobs_apply&utm_source=google_jobs_apply&utm_medium=organic,False
Dx4k9VZNqy9Tl-HhAAAAAA==,Machine Learning Engineer,"Mettler-Toledo, Inc.",https://encrypted-tbn0.gstatic.com/images?q=tbn:ANd9GcRuCJ1fG7aPXtSwG-v9BGMir8xTdzZRFus8SKRX&s=0,,Mettler Toledo,Full-time,['FULLTIME'],https://jobs.mt.com/en/job/mumbai/machine-learning-engineer/36870/82772288640?utm_campaign=google_jobs_apply&utm_source=google_jobs_apply&utm_medium=organic,False
t9n7KtF6KgjMFC1mAAAAAA==,AI - Senior Staff Engineer,Synopsys,,https://www.synopsys.com,Synopsys Careers,Full-time,['FULLTIME'],https://careers.synopsys.com/job/hyderabad/ai-senior-staff-engineer/44408/82661945648?utm_campaign=google_jobs_apply&utm_source=google_jobs_apply&utm_medium=organic,False
WqkobkZ-Ou3mjaR0AAAAAA==,"Software Engineer, Machine Learning (India)",Glean,https://encrypted-tbn0.gstatic.com/images?q=tbn:ANd9GcSAzCw02diP12bce8LFO-aGU-93iR2QrFfMG0OF&s=0,https://www.glean.com,VentureLoop,Full-time,['FULLTIME'],https://www.ventureloop.com/ventureloop/jobdetail.php?jobid=2676324&utm_campaign=google_jobs_apply&utm_source=google_jobs_apply&utm_medium=organic,False
ma7fceywvFs72pR6AAAAAA==,Product Development Engineer I - Machine Learning,Phenom People Pvt Ltd,https://encrypted-tbn0.gstatic.com/images?q=tbn:ANd9GcSghCcVmjqTczOXtLC_zC1hmZ27ebgG8HIIDLzd&s=0,,Phenom Jobs,Full-time,['FULLTIME'],https://careers.phenompeople.com/us/en/job/P-103972/Product-Development-Engineer-I-Machine-Learning?utm_campaign=google_jobs_apply&utm_source=google_jobs_apply&utm_medium=organic,False
EArXB1jbcPlcRgXLAAAAAA==,Lead AI Engineer,Keywords Studios,,https://www.keywordsstudios.com,Keywords Studios,Full-time,['FULLTIME'],https://www.keywordsstudios.com/en/careers/browse-careers/uRw-lead-ai-engineer/?utm_campaign=google_jobs_apply&utm_source=google_jobs_apply&utm_medium=organic,False
vsay64bhf8hkyloGAAAAAA==,Machine Learning Engineer/Senior Engineer,Qualcomm,,https://www.qualcomm.com,Outscal,Full-time,['FULLTIME'],https://outscal.com/job/machine-learning-engineer-senior-engineer-at-qualcomm-in-chennai-tamil-nadu-india-1?utm_campaign=google_jobs_apply&utm_source=google_jobs_apply&utm_medium=organic,True
a7yo4iWRBAeMryV2AAAAAA==,"Principal MTS, Machine Learning T28",eBay,https://encrypted-tbn0.gstatic.com/images?q=tbn:ANd9GcQ4jJ8mXgZgwBwf88jYM5si3QgvclxNqkf56J4G&s=0,https://www.ebay.com,EBay Jobs - EBay Inc.,Full-time,['FULLTIME'],https://jobs.ebayinc.com/us/en/job/R0067212/Principal-MTS-Machine-Learning-T28?utm_campaign=google_jobs_apply&utm_source=google_jobs_apply&utm_medium=organic,False
DihOB5ipx2Fbq93sAAAAAA==,Machine Learning Engineer,Valuebound,https://encrypted-tbn0.gstatic.com/images?q=tbn:ANd9GcRNhdjhBSFVfg0Bz3pMvmQFzFtgOsh-nUXKIfeh&s=0,https://www.valuebound.com,Wellfound,Full-time,['FULLTIME'],https://wellfound.com/jobs/3348392-machine-learning-engineer?utm_campaign=google_jobs_apply&utm_source=google_jobs_apply&utm_medium=organic,True
exa2y8hNUhM32k8ZAAAAAA==,Lead AI/ML Dev Sec Ops,WARNERMEDIA,,,WBD Careers - Warner Bros. Discovery,Full-time,['FULLTIME'],https://careers.wbd.com/global/en/job/R000095723/Lead-AI-ML-Dev-Sec-Ops?utm_campaign=google_jobs_apply&utm_source=google_jobs_apply&utm_medium=organic,False
aDtE1NexuCzBeSOHAAAAAA==,Machine Learning Engineer,Info Services,https://encrypted-tbn0.gstatic.com/images?q=tbn:ANd9GcRQN29Lm5kUiRJlSCpt-dGj5pd9QptTkfounSeQ&s=0,https://www.infoservices.com,Iitjobs,Full-time,['FULLTIME'],https://www.iitjobs.com/job/machine-learning-engineer-hyd-road-new-rangraj-nagar-rangraj-nagar-solapur-maharashtra-india-info-services-12946?utm_campaign=google_jobs_apply&utm_source=google_jobs_apply&utm_medium=organic,False
CyPZn-pZQlC60an6AAAAAA==,Machine Learning Engineer II,Microsoft,https://encrypted-tbn0.gstatic.com/images?q=tbn:ANd9GcS26uFw8vdbRzYNng3lTvd55fpvsoFN9978srcg&s=0,http://www.microsoft.com/,Karkidi,Full-time,['FULLTIME'],https://www.karkidi.com/job-details/78142-machine-learning-engineer-ii-job?utm_campaign=google_jobs_apply&utm_source=google_jobs_apply&utm_medium=organic,False
SbynYuvuLYGPjayBAAAAAA==,Engineer III Consultant-AI Science,Verizon,,https://www.verizon.com,Verizon Careers,Full-time,['FULLTIME'],https://mycareer.verizon.com/jobs/r-1075053/engineer-iii-consultant-ai-science/?utm_campaign=google_jobs_apply&utm_source=google_jobs_apply&utm_medium=organic,False
my9rlArF3uExe58eAAAAAA==,Software Engineer - Machine Learning Engineer – LLM/GenAI Focus,GeBBS Healthcare Solutions,https://encrypted-tbn0.gstatic.com/images?q=tbn:ANd9GcSJoFgNZP3-5gcTgvQS78akLqZUvPRXlWqkclL7&s=0,http://gebbs.com/,LinkedIn,Full-time,['FULLTIME'],https://in.linkedin.com/jobs/view/software-engineer-machine-learning-engineer-%E2%80%93-llm-genai-focus-at-gebbs-healthcare-solutions-4277212455?utm_campaign=google_jobs_apply&utm_source=google_jobs_apply&utm_medium=organic,False
yjuHtQP6Qji5lqVfAAAAAA==,Paid Media Growth Manager – Innovative Campaigns Across Google & Meta,Growthcurve Digital Experts,,,WhatJobs,Full-time,['FULLTIME'],https://en-in.whatjobs.com/jobs/machine-learning?id=166368866&utm_campaign=google_jobs_apply&utm_source=google_jobs_apply&utm_medium=organic,False
X-xJ9BonT2Y5-UYmAAAAAA==,Machine Learning Engineer,Branch,,https://www.branch.io,Wellfound,Full-time,['FULLTIME'],https://wellfound.com/jobs/3314984-machine-learning-engineer?utm_campaign=google_jobs_apply&utm_source=google_jobs_apply&utm_medium=organic,True
GNCSue334jWAlnqPAAAAAA==,Generative AI Engineer,Sourcebae,https://encrypted-tbn0.gstatic.com/images?q=tbn:ANd9GcS2g_5ksY-WtlrXBjkyKo6980O-jeEazcCSAR8A&s=0,https://sourcebae.com,LinkedIn,Contractor,"['CONTRACTOR', 'CONTRACTOR']",https://in.linkedin.com/jobs/view/generative-ai-engineer-at-sourcebae-4283118303?utm_campaign=google_jobs_apply&utm_source=google_jobs_apply&utm_medium=organic,False
LAQRe9gjmaL-E38HAAAAAA==,"Senior Software Engineer - Machine Learning, Trust and Safety","Mercari, Inc. (India)",https://encrypted-tbn0.gstatic.com/images?q=tbn:ANd9GcTluy0UFlp7kzggGDgCFJKDKjAdTEfF8cS9Ta0f&s=0,http://www.mercari.com/,Workable Jobs,Full-time,['FULLTIME'],https://apply.workable.com/mercari-india/j/6E941BF58D?utm_campaign=google_jobs_apply&utm_source=google_jobs_apply&utm_medium=organic,True
lUSHTrfCo_VquIa6AAAAAA==,Senior Application Engineer for Artificial Intelligence (AI),MathWorks,https://encrypted-tbn0.gstatic.com/images?q=tbn:ANd9GcRJE2nIeeIPPbNiVvgCjRmVhdWGDy04GGacsi1C&s=0,http://www.mathworks.com/,MathWorks,Full-time,['FULLTIME'],https://www.mathworks.com/company/jobs/opportunities/35895-senior-application-engineer-for-artificial-intelligence-ai.html?utm_campaign=google_jobs_apply&utm_source=google_jobs_apply&utm_medium=organic,False
BwqThPzzImOs6bwZAAAAAA==,Senior Machine Learning Engineer (MLOps & CV),CurieDx,https://encrypted-tbn0.gstatic.com/images?q=tbn:ANd9GcSyCgZ7CJe2vSIGayXUljKr5QC0FHsY7shB8Gcv&s=0,https://www.curiedx.com,Expertini,Full-time,['FULLTIME'],https://in.expertini.com/jobs/job/senior-machine-learning-engineer-mlops-cv-ajmer-curiedx-315-48641503/?utm_campaign=google_jobs_apply&utm_source=google_jobs_apply&utm_medium=organic,False
28LGz6bnLe_ETn14AAAAAA==,Lead ML Engineer - Computer Vision,Biz-Tech Analytics,https://encrypted-tbn0.gstatic.com/images?q=tbn:ANd9GcQyjO9AQELbbXW3zZB99oqyShetszTtx1oF7bl6&s=0,https://biztechanalytics.com,LinkedIn,Full-time,['FULLTIME'],https://in.linkedin.com/jobs/view/lead-ml-engineer-computer-vision-at-biz-tech-analytics-4279259358?utm_campaign=google_jobs_apply&utm_source=google_jobs_apply&utm_medium=organic,False
AU0U6NI9CQDhUChbAAAAAA==,Senior Engineer- Machine Learning,Qualcomm,,https://www.qualcomm.com,Taro,Full-time,['FULLTIME'],https://www.jointaro.com/jobs/qualcomm/senior-engineer-machine-learning-772b2eb1/?utm_campaign=google_jobs_apply&utm_source=google_jobs_apply&utm_medium=organic,False
vZOKXmEcjjn3wFvxAAAAAA==,AI Platform Engineer,Adobe,,https://www.adobe.com,Adobe Careers,Full-time,['FULLTIME'],https://careers.adobe.com/us/en/job/R153660/AI-Platform-Engineer?utm_campaign=google_jobs_apply&utm_source=google_jobs_apply&utm_medium=organic,False
Wy7K9IZiQ3OEVinrAAAAAA==,Machine Learning Engineer - AIOps and GenAI,HARMAN India,https://encrypted-tbn0.gstatic.com/images?q=tbn:ANd9GcTrcr8KgalyhxbMlaoZd4iYJVs306YklV_LMpBF&s=0,http://www.harman.com/,Shine,Full-time,['FULLTIME'],https://www.shine.com/jobs/machine-learning-engineer-aiops-and-genai/harman-india/17479109?utm_campaign=google_jobs_apply&utm_source=google_jobs_apply&utm_medium=organic,False
Itd_hEPJGX6iyd3sAAAAAA==,AI/ML Engineer -  Immediate Joiners only,SOLIZE India Technologies Private Limited,https://encrypted-tbn0.gstatic.com/images?q=tbn:ANd9GcS_ZRjj3TIZ9db5yBUDl4iZh1-shBlHHV_KCcT7&s=0,,LinkedIn,Full-time,['FULLTIME'],https://in.linkedin.com/jobs/view/ai-ml-engineer-immediate-joiners-only-at-solize-india-technologies-private-limited-4274119251?utm_campaign=google_jobs_apply&utm_source=google_jobs_apply&utm_medium=organic,False
FquF_0ZpeBTqkxsUAAAAAA==,"Senior Machine Learning Engineer, Recommendations",Roku Inc.,https://encrypted-tbn0.gstatic.com/images?q=tbn:ANd9GcR9vL-LaeoijtqSMD7hqh3dCI-tP7zn6WsUh42h&s=0,http://www.roku.com/,Himalayas.app,Full-time,['FULLTIME'],https://himalayas.app/companies/roku-inc/jobs/senior-machine-learning-engineer-recommendations?utm_campaign=google_jobs_apply&utm_source=google_jobs_apply&utm_medium=organic,False
5-PVgoxXfgtolP9TAAAAAA==,Software / ai / machine learning engineer - hybrid,7-Eleven Global Solution Center – India,https://encrypted-tbn0.gstatic.com/images?q=tbn:ANd9GcSHTw36HsS-Wgo9pgYzlBG57Ppfr7wuChw4Kz4r&s=0,http://www.7-elevengsc.com/,Expertini,Full-time,['FULLTIME'],https://in.expertini.com/jobs/job/software-ai-machine-learning-engineer-hybrid-bangalore-7-eleven-global-solution-center-india-4187-12844789/?utm_campaign=google_jobs_apply&utm_source=google_jobs_apply&utm_medium=organic,False
Y1j67xD6Vndu2ttNAAAAAA==,Lead / Senior Machine Learning (ML) Engineer,Cloudside,https://encrypted-tbn0.gstatic.com/images?q=tbn:ANd9GcTAp5__nrcdz_vGE3pZgXCo5GNHkSPgDoZzWHk0&s=0,https://thecloudside.com,LinkedIn,Full-time,['FULLTIME'],https://in.linkedin.com/jobs/view/lead-senior-machine-learning-ml-engineer-at-cloudside-4260685834?utm_campaign=google_jobs_apply&utm_source=google_jobs_apply&utm_medium=organic,False
MmSaKINYU1HFY7TiAAAAAA==,"Sr/Lead Data Scientist Engineer (Computer Vision, Deep/Machine Learning, MLOps, LLM)",HERE Technologies,https://encrypted-tbn0.gstatic.com/images?q=tbn:ANd9GcSRhx3JNhm-2p2xqqZfYvaFzWZ5EZZuRHWaL1LS&s=0,http://www.here.com/,Karkidi,Full-time,['FULLTIME'],https://www.karkidi.com/job-details/77696-sr-lead-data-scientist-engineer-computer-vision-deep-machine-learning-mlops-llm-job?utm_campaign=google_jobs_apply&utm_source=google_jobs_apply&utm_medium=organic,False
45IrHF5QDAUSqUoDAAAAAA==,Artificial Intelligence / Machine Learning Engineer,Healthcoco,https://encrypted-tbn0.gstatic.com/images?q=tbn:ANd9GcQbD-2y3xx4sf0guvEGn553qSb_UjR6xNcrmzky&s=0,https://www.healthcoco.com,LinkedIn,Full-time,['FULLTIME'],https://in.linkedin.com/jobs/view/artificial-intelligence-machine-learning-engineer-at-healthcoco-4259217089?utm_campaign=google_jobs_apply&utm_source=google_jobs_apply&utm_medium=organic,False
2Fky-aYJN7kaSobTAAAAAA==,Artificial Intelligence & Machine Learning Engineer,Capgemini,https://encrypted-tbn0.gstatic.com/images?q=tbn:ANd9GcSwyAC-A4eN7rYQoi4c3u2jPxly57KD_dTP9uz5&s=0,https://www.capgemini.com,Jooble,Full-time,['FULLTIME'],https://in.jooble.org/rjdp/4477817034059482473?utm_campaign=google_jobs_apply&utm_source=google_jobs_apply&utm_medium=organic,False
w1QsePD7A6gQyNSNAAAAAA==,AI Enablement Engineer - Emerging Lead,State Street,https://encrypted-tbn0.gstatic.com/images?q=tbn:ANd9GcQ_7uTjQxNOdtb3NSAoI4Aczd7Fs3Gt3TGnJlcc&s=0,http://www.statestreet.com/,LinkedIn,Full-time,['FULLTIME'],https://in.linkedin.com/jobs/view/ai-enablement-engineer-emerging-lead-at-state-street-4281996671?utm_campaign=google_jobs_apply&utm_source=google_jobs_apply&utm_medium=organic,False
nFxsERjRSVFglouiAAAAAA==,CPU/DSP Deep Learning Layer Development - Staff Engineertaff Engineer,Qualcomm,,https://www.qualcomm.com,Qualcomm Careers,Full-time,['FULLTIME'],https://careers.qualcomm.com/careers/job/446703231509-cpu-dsp-deep-learning-layer-development-staff-engineertaff-engineer-bangalore-karnataka-india?domain=qualcomm.com&utm_campaign=google_jobs_apply&utm_source=google_jobs_apply&utm_medium=organic,False
KpIgENSfIlLjwc04AAAAAA==,Senior Software Engineer (Search/Machine Learning - US Timezone / Remote),DeepConverse,https://encrypted-tbn0.gstatic.com/images?q=tbn:ANd9GcSxwh9ItUf-czPacxElwAihaZgG9Zn_mkpCa5VM&s=0,http://deepconverse.com/,WhatJobs,Full-time,['FULLTIME'],https://en-in.whatjobs.com/jobs/machine-learning-engineer?id=135158290&utm_campaign=google_jobs_apply&utm_source=google_jobs_apply&utm_medium=organic,False
vHs9UwSEGpYJIx7NAAAAAA==,Senior Deep Learning Engineer,Uplers,https://encrypted-tbn0.gstatic.com/images?q=tbn:ANd9GcSTsuaU36LZbIOIHNAknwdrxlQz_Dd01au_x6tA&s=0,https://www.uplers.com,LinkedIn,Full-time,['FULLTIME'],https://in.linkedin.com/jobs/view/senior-deep-learning-engineer-at-uplers-4259299682?utm_campaign=google_jobs_apply&utm_source=google_jobs_apply&utm_medium=organic,False
-RRT0vSsCy4bmmDFAAAAAA==,Machine Learning Engineer Tech Leader,eBay,https://encrypted-tbn0.gstatic.com/images?q=tbn:ANd9GcQRwHYUEWyXlQbwaZs1DJOrHVhZt0J-TH_y4MqG&s=0,https://www.ebay.com,LinkedIn,Full-time,['FULLTIME'],https://in.linkedin.com/jobs/view/machine-learning-engineer-tech-leader-at-ebay-4209950467?utm_campaign=google_jobs_apply&utm_source=google_jobs_apply&utm_medium=organic,False
x2DarXnDhLe0YwCmAAAAAA==,Staff ML Engineer,Visa,https://encrypted-tbn0.gstatic.com/images?q=tbn:ANd9GcR7FLuMVZwjBgMnnsin4wxwejCWEpX0rt-O0D84&s=0,http://www.visa.com/,LinkedIn,Full-time,['FULLTIME'],https://in.linkedin.com/jobs/view/staff-ml-engineer-at-visa-4204499372?utm_campaign=google_jobs_apply&utm_source=google_jobs_apply&utm_medium=organic,False
VfHDLJSFlpI1U1imAAAAAA==,Cybersecurity Analyst (Product Security Engineer),HITACHI ENERGY,https://encrypted-tbn0.gstatic.com/images?q=tbn:ANd9GcSFazoBMH40JKC86MWb9wbsUNedKcflqZHETlg8&s=0,,Climatebase,Full-time,['FULLTIME'],https://climatebase.org/job/63405247/cybersecurity-analyst-product-security-engineer?source=jobs_directory_algolia&queryID=4a43e6ac79dfccccc9cb64f65d267573&utm_campaign=google_jobs_apply&utm_source=google_jobs_apply&utm_medium=organic,False
7U94WqK35wPllc9UAAAAAA==,Cyber Security Analyst(3-8 years),Aon Corporation,,,Aon Careers,Full-time,['FULLTIME'],https://jobs.aon.com/jobs/87827?lang=en-us&utm_campaign=google_jobs_apply&utm_source=google_jobs_apply&utm_medium=organic,True
AN-ZUj68VVyhl-ayAAAAAA==,Cyber Security Operations Analyst - Entry,Equifax,,https://www.equifax.com,Equifax Careers,Full-time,['FULLTIME'],https://careers.equifax.com/en/jobs/j00168124/cyber-security-operations-analyst-entry/?utm_campaign=google_jobs_apply&utm_source=google_jobs_apply&utm_medium=organic,False
r1aM4z3SBCN5iNFyAAAAAA==,Cybersecurity Risk Analyst,PerkinElmer,https://encrypted-tbn0.gstatic.com/images?q=tbn:ANd9GcRlAzJ2wIDqRNvHj274HRm4axy2iH_l4TVEgIUs&s=0,https://www.perkinelmer.com,Job At PerkinElmer,Full-time,['FULLTIME'],https://jobs.perkinelmer.com/job/thane/cybersecurity-risk-analyst/43930/81000190096?utm_campaign=google_jobs_apply&utm_source=google_jobs_apply&utm_medium=organic,False
raqmVXKYG-55sFKMAAAAAA==,Junior Cyber Security Analyst - Remote (India),Webkit24,,https://webkit24.com,Bizoforce,Full-time,['FULLTIME'],https://giglancer.bizoforce.com/jobs/view/1510/-junior-cyber-security-analyst-remote-india?utm_campaign=google_jobs_apply&utm_source=google_jobs_apply&utm_medium=organic,False
QHzYyTt6vRmXeTqKAAAAAA==,Cybersecurity Analyst cum Trainer,Techbyheart India Pvt Ltd,https://encrypted-tbn0.gstatic.com/images?q=tbn:ANd9GcQeqej_yfAQzipqVee6338ro7aLR1Yc_6YJi6ZP&s=0,,Indeed,Full-time,['FULLTIME'],https://in.indeed.com/viewjob?jk=93f6bfa39e60e681&utm_campaign=google_jobs_apply&utm_source=google_jobs_apply&utm_medium=organic,True
yqhD9Tbah2DSLwauAAAAAA==,Cyber Security Lead Analyst - HIH - Evernorth,The Cigna Group,https://encrypted-tbn0.gstatic.com/images?q=tbn:ANd9GcRbiM2lMDe9hA14IFZdSJw8Mz2cZQJcbXPKXxHS&s=0,https://www.thecignagroup.com,Cigna - The Cigna Group,Full-time,['FULLTIME'],https://jobs.thecignagroup.com/us/en/job/25010152/Cyber-Security-Lead-Analyst-HIH-Evernorth?utm_campaign=google_jobs_apply&utm_source=google_jobs_apply&utm_medium=organic,False
pAIf6bD_U0lJoIfKAAAAAA==,"D&T Analyst II – Cyber Security, Red Team",General Mills,https://encrypted-tbn0.gstatic.com/images?q=tbn:ANd9GcTKTDtrf3H_j_m8EWnp7hh9JXUtQ7TOCYlzU3bP&s=0,https://www.generalmills.com,General Mills Careers,Full-time,['FULLTIME'],https://careers.generalmills.com/careers/jobs/34435?lang=en-us&utm_campaign=google_jobs_apply&utm_source=google_jobs_apply&utm_medium=organic,True
XADI9eIX02cMfBy9AAAAAA==,Cybersecurity Data Analyst,Princeton IT America,,https://princetonamerica.com,Glassdoor,Full-time,['FULLTIME'],"https://www.glassdoor.com/job-listing/cybersecurity-data-analyst-princeton-it-america-JV_KO0,26_KE27,47.htm?jl=1009838815284&utm_campaign=google_jobs_apply&utm_source=google_jobs_apply&utm_medium=organic",True
KkY0WAlUPXlxD_-iAAAAAA==,"Analyst, Privacy & Cybersecurity Law",Thomson Reuters,,https://www.thomsonreuters.com,Thomson Reuters Careers,Full-time,['FULLTIME'],https://careers.thomsonreuters.com/us/en/job/JREQ191155/Analyst-Privacy-Cybersecurity-Law?utm_campaign=google_jobs_apply&utm_source=google_jobs_apply&utm_medium=organic,False
tAwqfByJj1XUDhUdAAAAAA==,Cyber Security Analyst,Dataseers,https://encrypted-tbn0.gstatic.com/images?q=tbn:ANd9GcS_BOlNzc3ZuqOLHK9ryDX-rPbbNv6jDpjxIbuK&s=0,http://www.dataseers.ai/,Iitjobs,Full-time,['FULLTIME'],https://www.iitjobs.com/job/cyber-security-analyst-thane-maharashtra-india-dataseers-26552?utm_campaign=google_jobs_apply&utm_source=google_jobs_apply&utm_medium=organic,False
Cb4__haFntdppV-7AAAAAA==,SOC Analyst,"Medpace, Inc.",,http://www.medpace.com/,Medpace Careers,Full-time,['FULLTIME'],https://careers.medpace.com/jobs/11120?lang=en-us&utm_campaign=google_jobs_apply&utm_source=google_jobs_apply&utm_medium=organic,True
psrCenuyg8O0yQNjAAAAAA==,Cybersecurity-Threat Intelligence -Associate 2-Bangalore,PwC Acceleration Center India,https://encrypted-tbn0.gstatic.com/images?q=tbn:ANd9GcQZTyJwKvrGGcxS2RbC7fx3S9KN5JeuwPg4TYTd&s=0,,LinkedIn,Full-time,['FULLTIME'],https://in.linkedin.com/jobs/view/cybersecurity-threat-intelligence-associate-2-bangalore-at-pwc-acceleration-center-india-4267010267?utm_campaign=google_jobs_apply&utm_source=google_jobs_apply&utm_medium=organic,False
i2pKFTueIzJ-f7bCAAAAAA==,Cybersecurity Operations Analyst,Kone,https://encrypted-tbn0.gstatic.com/images?q=tbn:ANd9GcS4wVRvQr8sCkkUiusG5ZW6EElm0kOkvMClELJZ&s=0,http://www.kone.com/,Built In,Full-time,['FULLTIME'],https://builtin.com/job/cybersecurity-operations-analyst/6850526?utm_campaign=google_jobs_apply&utm_source=google_jobs_apply&utm_medium=organic,False
99rBA068poxqFup6AAAAAA==,Cybersecurity Analyst/Engineer,QpiAI,https://encrypted-tbn0.gstatic.com/images?q=tbn:ANd9GcRzGj778t0heTOtMKfemnVpR85peI0vboY0Q2EM&s=0,http://qpiai.tech/,Upskillist Careers,Full-time,['FULLTIME'],https://jobbio.upskillist.com/job/cybersecurity-analystengineer-qekZU9Kgzf-at-qpiai?utm_campaign=google_jobs_apply&utm_source=google_jobs_apply&utm_medium=organic,False
LCiGXF7jC92liP8fAAAAAA==,Cybersecurity Analyst Security Operation Center,ROHDE & SCHWARZ GmbH & Co. KG,https://encrypted-tbn0.gstatic.com/images?q=tbn:ANd9GcQzOOEyK9p4v4Yz34bYZ_X__jwmYrZUeIix0NSn&s=0,http://www.rohde-schwarz.com/,Indeed,Full-time,['FULLTIME'],https://in.indeed.com/viewjob?jk=76273b1789c4ec29&utm_campaign=google_jobs_apply&utm_source=google_jobs_apply&utm_medium=organic,False
GZ2A2h06gzJfI5kWAAAAAA==,Senior Cyber Security Analyst,Worley,https://encrypted-tbn0.gstatic.com/images?q=tbn:ANd9GcTo2tpP5akQcGCLBVCtxWrcQtdbLI-n7ZlU-tND&s=0,http://www.worley.com/,LinkedIn,Full-time,['FULLTIME'],https://in.linkedin.com/jobs/view/senior-cyber-security-analyst-at-worley-4277521421?utm_campaign=google_jobs_apply&utm_source=google_jobs_apply&utm_medium=organic,False
gfsFTfw2pY89zfFLAAAAAA==,Cybersecurity Analyst (Remote),Minutes to Seconds Pty Ltd,https://encrypted-tbn0.gstatic.com/images?q=tbn:ANd9GcT1BtLo8cPxBIZic_JP5sziZqb3skLUPH-iS8DW&s=0,https://www.minutestoseconds.com,Recruit.net,Full-time,['FULLTIME'],https://www.recruit.net/job/cybersecurity-analyst-remote--jobs/583E8B61840018A0?utm_campaign=google_jobs_apply&utm_source=google_jobs_apply&utm_medium=organic,False
b76K05u8eIouDsxcAAAAAA==,Senior Cybersecurity Specialist- Cyber Info Assurance Analyst,Medtronic,https://encrypted-tbn0.gstatic.com/images?q=tbn:ANd9GcTf8uaoHOXCFhlQcIUuEdWBZwseLN0UFIZlRIA0&s=0,https://www.medtronic.com,LinkedIn,Full-time,['FULLTIME'],https://in.linkedin.com/jobs/view/senior-cybersecurity-specialist-cyber-info-assurance-analyst-at-medtronic-4280143382?utm_campaign=google_jobs_apply&utm_source=google_jobs_apply&utm_medium=organic,False
8YhoPfiRhoJh2szeAAAAAA==,Cyber Security specialist for Grid IT/OT Systems,SIEMENS ENERGY INDIA LIMITED,https://encrypted-tbn0.gstatic.com/images?q=tbn:ANd9GcTjKFTNucbl_IFD7RLFCBlO4U9pNE6hGqIhu-DC&s=0,https://www.siemens.com/,WhatJobs,Full-time,['FULLTIME'],https://en-in.whatjobs.com/jobs/security-analyst?id=166646148&utm_campaign=google_jobs_apply&utm_source=google_jobs_apply&utm_medium=organic,False
a5z-Sqc-VnhptdLNAAAAAA==,Cybersecurity Analyst - (Vulnerability Management),Nielsen,https://encrypted-tbn0.gstatic.com/images?q=tbn:ANd9GcQUp9E7hw77L0vNsBs0SZ1aKYZ6psuckD9rk034&s=0,http://www.nielsen.com/,SportsTech Jobs,Full-time,['FULLTIME'],https://sportstechjobs.com/cybersecurity-analyst-(vulnerability-management)-nielsen/67d471b4c4fec06863264c77?utm_campaign=google_jobs_apply&utm_source=google_jobs_apply&utm_medium=organic,False
_gnVkiNJ00qqW1GyAAAAAA==,Analyst III-Threat Intel,Verizon,,https://www.verizon.com,Verizon Careers,Full-time,['FULLTIME'],https://mycareer.verizon.com/jobs/r-1076713/analyst-iii-threat-intel/?utm_campaign=google_jobs_apply&utm_source=google_jobs_apply&utm_medium=organic,False
o0B1E24CbKTEhm7fAAAAAA==,Cyber security Analyst,Skynet Secure Solutions,https://encrypted-tbn0.gstatic.com/images?q=tbn:ANd9GcTax-onmwceBuVGKylB5YxcCh7nIfpXNVFZia80&s=0,http://www.skynetsecure.com,Glassdoor,Full-time,['FULLTIME'],"https://www.glassdoor.co.in/job-listing/cyber-security-analyst-skynet-secure-solutions-JV_IC2851180_KO0,22_KE23,46.htm?jl=1008986788407&utm_campaign=google_jobs_apply&utm_source=google_jobs_apply&utm_medium=organic",True
5Z86IfwL6CB7U6ooAAAAAA==,Associate Information/Cyber Security Analyst,PTC Inc.,https://encrypted-tbn0.gstatic.com/images?q=tbn:ANd9GcRfavJysN8cjQdFGvpWH9wr_WC_F6-ZBuYFlyuA&s=0,http://www.ptc.com/,Indeed,Full-time,['FULLTIME'],https://in.indeed.com/viewjob?jk=4dda1f9158cfaace&utm_campaign=google_jobs_apply&utm_source=google_jobs_apply&utm_medium=organic,False
-4UjicRdczHLJQ2lAAAAAA==,Managed Services - Cyber - Security Analysts - Associate-Operate,PwC Acceleration Center India,https://encrypted-tbn0.gstatic.com/images?q=tbn:ANd9GcQZTyJwKvrGGcxS2RbC7fx3S9KN5JeuwPg4TYTd&s=0,,LinkedIn,Full-time,['FULLTIME'],https://in.linkedin.com/jobs/view/managed-services-cyber-security-analysts-associate-operate-at-pwc-acceleration-center-india-4273338832?utm_campaign=google_jobs_apply&utm_source=google_jobs_apply&utm_medium=organic,False
TCelNwl3OgevevQAAAAAAA==,Product Security Analyst,GE HEALTHCARE,https://encrypted-tbn0.gstatic.com/images?q=tbn:ANd9GcSO6WpYBOJtvWyVYZG30MTCwFUYiIH3--971FG5&s=0,http://gehealthcare.com/,GE HealthCare,Full-time,['FULLTIME'],https://careers.gehealthcare.com/global/en/job/GEVGHLGLOBALR4016905EXTERNALENGLOBAL/Product-Security-Analyst?utm_campaign=google_jobs_apply&utm_source=google_jobs_apply&utm_medium=organic,False
P18nvhivgShdC40JAAAAAA==,Senior Cyber Security Analyst (India),Eltropy,,https://eltropy.com,SimplyHired,Full-time,['FULLTIME'],https://www.simplyhired.co.in/job/fB_ZTMOQEN49TBGiSU42wGQyxW0YTeDKwikFc7ig_YEAchS92HO9mw?utm_campaign=google_jobs_apply&utm_source=google_jobs_apply&utm_medium=organic,False
X0s2epOEDLB2RPV4AAAAAA==,Cyber Security Analyst,Travarsa,https://encrypted-tbn0.gstatic.com/images?q=tbn:ANd9GcTTo2SUGsBIXEiYLFjrusSLaPMz50Xn_rsQFDwF&s=0,https://travarsa.com,Glassdoor,Full-time,['FULLTIME'],"https://www.glassdoor.co.in/job-listing/cyber-security-analyst-travarsa-JV_IC2856202_KO0,22_KE23,31.htm?jl=1008215118530&utm_campaign=google_jobs_apply&utm_source=google_jobs_apply&utm_medium=organic",False
77QZKmpUxRcdmjXGAAAAAA==,"D&T Analyst II – Cyber Security, Red Team",General Mills India,https://encrypted-tbn0.gstatic.com/images?q=tbn:ANd9GcSDHbIM7jFf-EHdMFkvq3_B647pVv10TS2VXvXq&s=0,http://www.generalmills.co.in/,LinkedIn,Full-time,['FULLTIME'],https://in.linkedin.com/jobs/view/d-t-analyst-ii-%E2%80%93-cyber-security-red-team-at-general-mills-india-4255810425?utm_campaign=google_jobs_apply&utm_source=google_jobs_apply&utm_medium=organic,False
Z3GN5mupj4A7o3APAAAAAA==,Cybersecurity Operations Analyst,CareerNet Technologies Pvt Ltd,https://encrypted-tbn0.gstatic.com/images?q=tbn:ANd9GcTwckKeO-fewTeCRZ1R59r1Z1ZMpak5OEHVImis&s=0,http://careernet.co.in/,Iitjobs,Full-time,['FULLTIME'],https://www.iitjobs.com/job/cybersecurity-operations-analyst-bengaluru-karnataka-india-careernet-technologies-pvt-ltd-115330?utm_campaign=google_jobs_apply&utm_source=google_jobs_apply&utm_medium=organic,False
uC228V3MMrpkdiqGAAAAAA==,Cyber Security Lead Analyst-SOC,Societe Generale Global Solution Centre,https://encrypted-tbn0.gstatic.com/images?q=tbn:ANd9GcTMTVt9E3ufJLoPoPXUE4wGPIuSqb3kXNfQi6rN&s=0,https://globalsolutioncenter.societegenerale.in,LinkedIn,Part-time,['PARTTIME'],https://in.linkedin.com/jobs/view/cyber-security-lead-analyst-soc-at-societe-generale-global-solution-centre-4219405315?utm_campaign=google_jobs_apply&utm_source=google_jobs_apply&utm_medium=organic,False
XmgvBIxCplRV8djrAAAAAA==,Cybersecurity Analyst (1-7 Years),Right Fit Resources,https://encrypted-tbn0.gstatic.com/images?q=tbn:ANd9GcT5-dl7LkWJnCTwqRQLTsq5IRLTM4zMKTAXYFNC&s=0,https://www.rightfitresources.in,Expertini,Full-time,['FULLTIME'],https://in.expertini.com/jobs/job/cybersecurity-analyst-1-7-years-cuttack-right-fit-resources-1831-16579136/?utm_campaign=google_jobs_apply&utm_source=google_jobs_apply&utm_medium=organic,False
YjCqdvvjDeYo2FTqAAAAAA==,Senior Cybersecurity Event Triage Analyst,Baker Hughes,https://encrypted-tbn0.gstatic.com/images?q=tbn:ANd9GcSWakRdqOYks4LZwgtA2H2KhVZwEvJUsvcFjWrF&s=0,http://www.bakerhughes.com/,Baker Hughes,Full-time,['FULLTIME'],https://careers.bakerhughes.com/global/en/job/R147669/Senior-Cybersecurity-Event-Triage-Analyst?utm_campaign=google_jobs_apply&utm_source=google_jobs_apply&utm_medium=organic,False
JvdEd4ALjDcV_83MAAAAAA==,Cybersecurity Risk & Privacy Specialist,Applied Materials India,https://encrypted-tbn0.gstatic.com/images?q=tbn:ANd9GcShcW56kq555-MlSp21l7NO4dEZAlp6Rp5Z-tUK&s=0,http://www.appliedmaterials.com/,LinkedIn,Full-time,['FULLTIME'],https://in.linkedin.com/jobs/view/cybersecurity-risk-privacy-specialist-at-applied-materials-india-4265428366?utm_campaign=google_jobs_apply&utm_source=google_jobs_apply&utm_medium=organic,False
Gnql_KozANFkNod9AAAAAA==,Analyst-Security Operations,Verizon,,https://www.verizon.com,Verizon Careers,Full-time,['FULLTIME'],https://mycareer.verizon.com/jobs/r-1081384/analyst-security-operations/?utm_campaign=google_jobs_apply&utm_source=google_jobs_apply&utm_medium=organic,False
zt0wtUuK17wHUn4NAAAAAA==,SOC Engineer - L2,NTT DATA,https://encrypted-tbn0.gstatic.com/images?q=tbn:ANd9GcSH-kJJf4usVs88xwWi9RzoKCcYwdh4R-8gb1hu&s=0,http://www.nttdata.com/,NTT DATA Careers,Full-time,['FULLTIME'],https://careers.services.global.ntt/global/en/job/R-119756/SOC-Engineer-L2?utm_campaign=google_jobs_apply&utm_source=google_jobs_apply&utm_medium=organic,False
2hxJ-0fOlyAkJILAAAAAAA==,Cyber Security Analyst (SOC),Mangtas,https://encrypted-tbn0.gstatic.com/images?q=tbn:ANd9GcTuUuAD5fiah4wVFj0CzFfn1yNG0W0MGwkcpGcp&s=0,,Jobgether,Full-time,['FULLTIME'],https://jobgether.com/offer/66ebeffc5bc6888deb6c940a-cyber-security-analyst-soc?utm_campaign=google_jobs_apply&utm_source=google_jobs_apply&utm_medium=organic,False
fSpDMLNDJbwKADHNAAAAAA==,Senior Cybersecurity Analyst,IDEMIA,https://encrypted-tbn0.gstatic.com/images?q=tbn:ANd9GcQrNK9Xu7tSsZe63FcvbQaYiBJ-DcAb8AyGDk1l&s=0,https://rdserviceonline.com/,LinkedIn,Full-time,['FULLTIME'],https://in.linkedin.com/jobs/view/senior-cybersecurity-analyst-at-idemia-4280062537?utm_campaign=google_jobs_apply&utm_source=google_jobs_apply&utm_medium=organic,False
u1eiGC67-t9Z2VUBAAAAAA==,Remote Cybersecurity Analyst Jobs in India,Houston Skilled Consultancy,,,The Elite Job,Full-time and Part-time,"['FULLTIME', 'PARTTIME']",https://theelitejob.com/job/12811/remote-cybersecurity-analyst-jobs-in-india?utm_campaign=google_jobs_apply&utm_source=google_jobs_apply&utm_medium=organic,True
1WhgzMFM5d1k666PAAAAAA==,Cybersecurity-ETS-SAP GRC security-Senior Associate-Hyderabad,PwC Acceleration Center India,https://encrypted-tbn0.gstatic.com/images?q=tbn:ANd9GcQZTyJwKvrGGcxS2RbC7fx3S9KN5JeuwPg4TYTd&s=0,,LinkedIn,Full-time,['FULLTIME'],https://in.linkedin.com/jobs/view/cybersecurity-ets-sap-grc-security-senior-associate-hyderabad-at-pwc-acceleration-center-india-4264408240?utm_campaign=google_jobs_apply&utm_source=google_jobs_apply&utm_medium=organic,False
-gbXDHuuS9AyIjJeAAAAAA==,Cybersecurity FT Associate,AntWalk,https://encrypted-tbn0.gstatic.com/images?q=tbn:ANd9GcT4ka17v6rQM6nBqy4t_h9-fT0lT1wFnQ0EY_F7&s=0,https://www.antwalk.com,Jobgether,Full-time,['FULLTIME'],https://jobgether.com/offer/67ecb07f3b1cb2ad171c99c5-cybersecurity-ft-associate?utm_campaign=google_jobs_apply&utm_source=google_jobs_apply&utm_medium=organic,False
D97ZHdXQlvy3YS1IAAAAAA==,Cyber Security Analyst,Indxx,https://encrypted-tbn0.gstatic.com/images?q=tbn:ANd9GcQFlWHLec5ORRKg3Ab4uKJSV5_mhJhipTt4RluT&s=0,https://www.indxx.com,LinkedIn,Full-time,['FULLTIME'],https://in.linkedin.com/jobs/view/cyber-security-analyst-at-indxx-4277680276?utm_campaign=google_jobs_apply&utm_source=google_jobs_apply&utm_medium=organic,False
CnICFWFxV7I-682CAAAAAA==,Senior Cybersecurity Specialist - Cyber Info Assurance Analyst,Medtronic,https://encrypted-tbn0.gstatic.com/images?q=tbn:ANd9GcQouVsKuqnaffO8l2oZfv5rpKi5diPDFbxgFIYl&s=0,https://www.medtronic.com,JobzMall,Full-time,['FULLTIME'],https://www.jobzmall.com/medtronic/job/senior-cybersecurity-specialist-cyber-info-assurance-analyst-4fsf3huays?utm_campaign=google_jobs_apply&utm_source=google_jobs_apply&utm_medium=organic,True
1Q0YIdau_GjDjilBAAAAAA==,Associate Principal Cybersecurity Analyst,0602 Unisys Global Services - India,,,Workday,Full-time,['FULLTIME'],https://unisys.wd5.myworkdayjobs.com/en-US/External/job/Associate-Principal-Cybersecurity-Analyst_REQ565464-1?utm_campaign=google_jobs_apply&utm_source=google_jobs_apply&utm_medium=organic,False
iCUB-dn3Zg06v0DoAAAAAA==,Senior Cybersecurity Analyst,HP,https://encrypted-tbn0.gstatic.com/images?q=tbn:ANd9GcQDAjns4IWxL0IhEFgDWDigYjp5aNCSa9HVETc-&s=0,,C# Corner,Full-time,['FULLTIME'],https://www.c-sharpcorner.com/jobs/senior-cybersecurity-analyst?utm_campaign=google_jobs_apply&utm_source=google_jobs_apply&utm_medium=organic,False
LuVsQTtpqP5rt3dFAAAAAA==,Information Technology Security Analyst,Netcracker Technology,https://encrypted-tbn0.gstatic.com/images?q=tbn:ANd9GcSDkphA9oFOwDh0kMHAjEEHkYgdZcqR_eE-rVGU&s=0,https://www.netcracker.com,LinkedIn,Full-time,['FULLTIME'],https://in.linkedin.com/jobs/view/information-technology-security-analyst-at-netcracker-technology-4272055200?utm_campaign=google_jobs_apply&utm_source=google_jobs_apply&utm_medium=organic,False
sMLPBphG5S5lZxZCAAAAAA==,Senior Cybersecurity Risk Analyst,Mastercard,https://encrypted-tbn0.gstatic.com/images?q=tbn:ANd9GcRVsayKflkBAQzmcjMz3wiXRIgXBi3Hn5pkQ0w2&s=0,https://www.mastercard.com,The Muse,Full-time,['FULLTIME'],https://www.themuse.com/jobs/mastercard/senior-cybersecurity-risk-analyst?utm_campaign=google_jobs_apply&utm_source=google_jobs_apply&utm_medium=organic,False
gd3rxFfXJrDGNKwvAAAAAA==,Senior Cybersecurity Analyst,Aeries Technology,https://encrypted-tbn0.gstatic.com/images?q=tbn:ANd9GcSJf9Lhw3O8rE8GxaEQq3CYYup4KikgnWHXoSN4&s=0,https://aeriestechnology.com,LinkedIn,Full-time,['FULLTIME'],https://in.linkedin.com/jobs/view/senior-cybersecurity-analyst-at-aeries-technology-4232323774?utm_campaign=google_jobs_apply&utm_source=google_jobs_apply&utm_medium=organic,False
sCxYoK4YQ1cQRZ_tAAAAAA==,Cyber Security Analyst 2,RICEFW Technologies Inc,https://encrypted-tbn0.gstatic.com/images?q=tbn:ANd9GcQ3MULltZ_yev9hQ_WBeSafQ80UQ6iOl_q8jZ2x&s=0,,Iitjobs,Full-time,['FULLTIME'],https://www.iitjobs.com/job/cyber-security-analyst-2-usa-ricefw-technologies-inc-46826?utm_campaign=google_jobs_apply&utm_source=google_jobs_apply&utm_medium=organic,False
qZAu67HgBBnzuRmDAAAAAA==,Frontend Developer (Remote – India),Click Straight,,,Bizoforce,Full-time,['FULLTIME'],https://giglancer.bizoforce.com/jobs/view/1548/frontend-developer-remote-india?utm_campaign=google_jobs_apply&utm_source=google_jobs_apply&utm_medium=organic,False
FXBkkMAw_Yt_m9KCAAAAAA==,Software Engineer (Front End),Barclays,https://encrypted-tbn0.gstatic.com/images?q=tbn:ANd9GcQGynjTIX-u7dO0i7gRSZgnEQlZXKEuAV1gahHi&s=0,,Barclays Careers,Full-time,['FULLTIME'],https://search.jobs.barclays/job/pune/software-engineer-front-end/13015/80634031072?utm_campaign=google_jobs_apply&utm_source=google_jobs_apply&utm_medium=organic,False
3U6_92WsBb5uQpvzAAAAAA==,SDE 3 Frontend,Baazi Games,https://encrypted-tbn0.gstatic.com/images?q=tbn:ANd9GcS-jEpZtD6FgpEeywGIdWWQqkrLrBkH6FLH8OII&s=0,https://www.baazigames.com,LinkedIn,Full-time,['FULLTIME'],https://in.linkedin.com/jobs/view/sde-3-frontend-at-baazi-games-4281037245?utm_campaign=google_jobs_apply&utm_source=google_jobs_apply&utm_medium=organic,False
0QJ9TSXekSLo-9f6AAAAAA==,Senior Consultant: Frontend Developer,Thoughtworks,,https://www.thoughtworks.com,Thoughtworks,Full-time,['FULLTIME'],https://www.thoughtworks.com/en-ca/careers/jobs/7135251?utm_campaign=google_jobs_apply&utm_source=google_jobs_apply&utm_medium=organic,False
YeCtJE4cOftlx-gAAAAAAA==,Front End Developer (Angular),NetApp,https://encrypted-tbn0.gstatic.com/images?q=tbn:ANd9GcSd8gMT4GeHi4i14-wq7teUxKDJVKmsinecGbYX&s=0,https://www.netapp.com,NetApp Careers,Full-time,['FULLTIME'],https://careers.netapp.com/job/bengaluru/front-end-developer-angular/27600/84082425232?utm_campaign=google_jobs_apply&utm_source=google_jobs_apply&utm_medium=organic,False
kQ3e3qsNphSkUUz8AAAAAA==,Senior Frontend Developer,Uplers,https://encrypted-tbn0.gstatic.com/images?q=tbn:ANd9GcSTsuaU36LZbIOIHNAknwdrxlQz_Dd01au_x6tA&s=0,https://www.uplers.com,LinkedIn,Full-time,['FULLTIME'],https://in.linkedin.com/jobs/view/senior-frontend-developer-at-uplers-4282171958?utm_campaign=google_jobs_apply&utm_source=google_jobs_apply&utm_medium=organic,False
l7KcP4y4gK_vfscdAAAAAA==,SDE-2 ( Frontend Heavy Full Stack ),Adobe,,https://www.adobe.com,Adobe Careers,Full-time,['FULLTIME'],https://careers.adobe.com/us/en/job/R156484/SDE-2-Frontend-Heavy-Full-Stack?utm_campaign=google_jobs_apply&utm_source=google_jobs_apply&utm_medium=organic,False
RijE0Hi9IWAxICI6AAAAAA==,Veeva Front End Developer,Hogarth Studios India,https://encrypted-tbn0.gstatic.com/images?q=tbn:ANd9GcQJEVwbfXbMvgjd06W9cXYiJEsEJRcEJ6Nz0gSx&s=0,,LinkedIn,Full-time,['FULLTIME'],https://in.linkedin.com/jobs/view/veeva-front-end-developer-at-hogarth-studios-india-4280156782?utm_campaign=google_jobs_apply&utm_source=google_jobs_apply&utm_medium=organic,False
l3bb5dulZPimE7vFAAAAAA==,Senior Frontend Developer – IoT and Digitalization,Siemens,,https://www.siemens.com,Jobs At Siemens,Full-time,['FULLTIME'],https://jobs.siemens.com/careers/job/563156126255413-senior-frontend-developer-%E2%80%93-iot-and-digitalization-goa-goa-india?domain=siemens.com&microsite=siemens.com&utm_campaign=google_jobs_apply&utm_source=google_jobs_apply&utm_medium=organic,False
f_2Rz1jAFPTLVXtCAAAAAA==,React JS Frontend Developer,Aquaria Solutions,,,Iitjobs,Full-time,['FULLTIME'],https://www.iitjobs.com/job/react-js-frontend-developer-mumbai-maharashtra-india-aquaria-solutions-116933?utm_campaign=google_jobs_apply&utm_source=google_jobs_apply&utm_medium=organic,False
uxcstyPCXy_uzGuYAAAAAA==,Web Designer & Frontend Developer,CrackleCode Pvt. Ltd.,https://encrypted-tbn0.gstatic.com/images?q=tbn:ANd9GcRWea3O1wXP4d61BIy6jIKvatHQDwwKG3O7Hb_6&s=0,https://www.cracklecode.com,Recruit.net,Full-time,['FULLTIME'],https://www.recruit.net/job/web-designer-frontend-developer-jobs/728D0025B7B4BED6?utm_campaign=google_jobs_apply&utm_source=google_jobs_apply&utm_medium=organic,False
9VpNlzyqI_L_oE_VAAAAAA==,Lead Frontend Developer (Shopify),Marmeto,https://encrypted-tbn0.gstatic.com/images?q=tbn:ANd9GcSieThKeOFEteuGqkqluls6GaOCkeoym6Tg22I9&s=0,https://marmeto.com/,LinkedIn,Full-time,['FULLTIME'],https://in.linkedin.com/jobs/view/lead-frontend-developer-shopify-at-marmeto-4280208487?utm_campaign=google_jobs_apply&utm_source=google_jobs_apply&utm_medium=organic,False
8QZUUPsNJYfXqrzkAAAAAA==,Senior Frontend Engineer,Procore,https://encrypted-tbn0.gstatic.com/images?q=tbn:ANd9GcQG8vgAv22KCH6sTY7MgaEt8QIwrfivx5AlOEeq&s=0,http://www.procore.com/,Procore Technologies,Full-time,['FULLTIME'],https://careers.procore.com/jobs/97ad67e8-69e9-4fc7-97ba-f791de6a6eaf?utm_campaign=google_jobs_apply&utm_source=google_jobs_apply&utm_medium=organic,False
TEeMSxSocrB7GrVGAAAAAA==,Frontend Developer – React JS,V Support Solutions,https://encrypted-tbn0.gstatic.com/images?q=tbn:ANd9GcTEKGt1ceG_JRH04dWt-IB-0aTIVIaAqoRinpkP&s=0,https://vsupportsolutions.in,Iitjobs,Full-time,['FULLTIME'],https://www.iitjobs.com/job/frontend-developer-react-js-coimbatore-tamil-nadu-india-v-support-solutions-75808?utm_campaign=google_jobs_apply&utm_source=google_jobs_apply&utm_medium=organic,False
ymFnsc0X_TTU5fj8AAAAAA==,SDE - III (Platform - Frontend),HighLevel,https://encrypted-tbn0.gstatic.com/images?q=tbn:ANd9GcQJ0vmo7HV275hxmhUtV3f9vRjahqoVkufo91nd&s=0,http://www.gohighlevel.com/,LinkedIn,Full-time,['FULLTIME'],https://in.linkedin.com/jobs/view/sde-iii-platform-frontend-at-highlevel-4278821650?utm_campaign=google_jobs_apply&utm_source=google_jobs_apply&utm_medium=organic,False
FA8LdcWdBxJn_Da-AAAAAA==,Sr. Frontend Engineer,Electrolux Group,https://encrypted-tbn0.gstatic.com/images?q=tbn:ANd9GcQllbJor5vVgWB6-tgJaNafMRVO4Ap6vDKzXBJu&s=0,http://www.electroluxgroup.com/,Electrolux Group Careers,Full-time,['FULLTIME'],https://career.electroluxgroup.com/global/en/job/EISAGLOBALJR70748EXTERNALENGLOBAL316397/Sr-Frontend-Engineer?utm_campaign=google_jobs_apply&utm_source=google_jobs_apply&utm_medium=organic,False
hp2L-5oUtmozOpNCAAAAAA==,Frontend Developer- Angular,Panacea Biotec,https://encrypted-tbn0.gstatic.com/images?q=tbn:ANd9GcQQ2raC05PCO0D2GFg6v0qNJ-e0FwbO5xpf0WEN&s=0,http://www.panaceabiotec.com/,LinkedIn,Full-time,['FULLTIME'],https://in.linkedin.com/jobs/view/frontend-developer-angular-at-panacea-biotec-4278205951?utm_campaign=google_jobs_apply&utm_source=google_jobs_apply&utm_medium=organic,False
B8s8wba5hgBSCTMrAAAAAA==,Frontend Developer - React,IMA Schelling Group,https://encrypted-tbn0.gstatic.com/images?q=tbn:ANd9GcSC_8RDeQy9SeNsi5hW50DFNmZTBYDfm8VHchtV&s=0,http://www.ima.de/,IMA Schelling Group,Full-time,['FULLTIME'],https://jobs.imaschelling.com/en/jobs/5774587-frontend-developer-react?utm_campaign=google_jobs_apply&utm_source=google_jobs_apply&utm_medium=organic,False
-jLB7mc272OxtGbSAAAAAA==,Sr. Frontend Engineer,Align Technology,https://encrypted-tbn0.gstatic.com/images?q=tbn:ANd9GcTisYgGKHf_B09-K1X0QF0Kd0UUmi8u6FMA-Bsk&s=0,http://www.aligntech.com/,Align Technology Careers,Full-time,['FULLTIME'],https://jobs.aligntech.com/postings/3436aef8-ffb0-4637-8bd7-c788d480dfff?utm_campaign=google_jobs_apply&utm_source=google_jobs_apply&utm_medium=organic,False
lmLTlfEuhlZcoJZcAAAAAA==,Java Frontend Developer,BrainWave Professionals,https://encrypted-tbn0.gstatic.com/images?q=tbn:ANd9GcRWea3O1wXP4d61BIy6jIKvatHQDwwKG3O7Hb_6&s=0,https://brainwaveprofessionals.com,Recruit.net,Full-time,['FULLTIME'],https://www.recruit.net/job/java-frontend-developer-jobs/2A1018284A6CED61?utm_campaign=google_jobs_apply&utm_source=google_jobs_apply&utm_medium=organic,False
J9zn4e_0sO0p_h75AAAAAA==,Java FrontEnd developer | 1- 4 yrs | Chennai,Capgemini Engineering,,https://www.capgemini.com,Capgemini,Full-time,['FULLTIME'],https://www.capgemini.com/in-en/jobs/267863-en_GB+sap_btp/?utm_campaign=google_jobs_apply&utm_source=google_jobs_apply&utm_medium=organic,False
NRo1yWDlZOZjpppgAAAAAA==,Adobe CMS Frontend Developer,Volvo,,https://www.volvo.com,WIZBII Jobs,Full-time,['FULLTIME'],https://en.wizbii.com/company/volvo/job/adobe-cms-frontend-developer?utm_campaign=google_jobs_apply&utm_source=google_jobs_apply&utm_medium=organic,False
r3iBYZSN0WzID9yWAAAAAA==,Lead Front-End Developer / Technical Analyst,Johnson Controls International,https://encrypted-tbn0.gstatic.com/images?q=tbn:ANd9GcTGBerwGh6vdHIbuDCCP7AML5-QnCqEfwEJ-l1u&s=0,https://www.johnsoncontrols.com,Johnson Controls Careers,Full-time,['FULLTIME'],https://jobs.johnsoncontrols.com/job/WD30238201?utm_campaign=google_jobs_apply&utm_source=google_jobs_apply&utm_medium=organic,False
DNyEBf9aJ8bfaDmsAAAAAA==,Frontend Developer (JavaScript Animations),Z1 Tech,https://encrypted-tbn0.gstatic.com/images?q=tbn:ANd9GcRzXtgGrL8wwrznqOE-HhbscXjcB5ADGsnQbzK4&s=0,https://www.z1tech.com,LinkedIn,Full-time,['FULLTIME'],https://in.linkedin.com/jobs/view/frontend-developer-javascript-animations-at-z1-tech-4280239134?utm_campaign=google_jobs_apply&utm_source=google_jobs_apply&utm_medium=organic,False
qe01jP94kbrGU24KAAAAAA==,Frontend Developer,TexAu,https://encrypted-tbn0.gstatic.com/images?q=tbn:ANd9GcQnbFBzisHYil_iJCac5iUi0TRGFiY38RNIB4wP&s=0,https://www.texau.com,Smart Recruiters Jobs,Full-time,['FULLTIME'],https://jobs.smartrecruiters.com/TexAu/743999745077971-frontend-developer?utm_campaign=google_jobs_apply&utm_source=google_jobs_apply&utm_medium=organic,False
06_VHInvmfbIR-_tAAAAAA==,Frontend Developer ( Founding engineer),Recro,https://encrypted-tbn0.gstatic.com/images?q=tbn:ANd9GcSyCgZ7CJe2vSIGayXUljKr5QC0FHsY7shB8Gcv&s=0,https://recro.com,Expertini,Full-time,['FULLTIME'],https://in.expertini.com/jobs/job/frontend-developer-founding-engineer-davanagere-recro-1963-36946968/?utm_campaign=google_jobs_apply&utm_source=google_jobs_apply&utm_medium=organic,False
12O430ipn05KIh2ZAAAAAA==,Frontend Developer - Javascript - Ahmedabad,CodeCaste Pvt Ltd,https://encrypted-tbn0.gstatic.com/images?q=tbn:ANd9GcQo0WJRFI3D6UnM6H9Xq_dGKWbqCvtzbQTrgxfB&s=0,https://www.codecaste.com,Iitjobs,Full-time,['FULLTIME'],https://www.iitjobs.com/job/frontend-developer-javascript-ahmedabad-ahmedabad-gujarat-india-codecaste-pvt-ltd-103517?utm_campaign=google_jobs_apply&utm_source=google_jobs_apply&utm_medium=organic,False
1_h8dxrkoVNarfDXAAAAAA==,Frontend Developer (React + three.js),Prolincur Technologies,https://encrypted-tbn0.gstatic.com/images?q=tbn:ANd9GcRPxWkfP59EBiaMNJK4MCIs3dJO-hMQnue0jggf&s=0,http://www.prolincur.com,LinkedIn,Full-time,['FULLTIME'],https://in.linkedin.com/jobs/view/frontend-developer-react-%2B-three-js-at-prolincur-technologies-4277303337?utm_campaign=google_jobs_apply&utm_source=google_jobs_apply&utm_medium=organic,False
nbw-J4C03BYPY7hkAAAAAA==,Web Frontend Developer,Yaazh Software Studio,,https://www.yaazh.in,Glassdoor,Full-time,['FULLTIME'],"https://www.glassdoor.co.in/job-listing/web-frontend-developer-yaazh-software-studio-JV_IC2833209_KO0,22_KE23,44.htm?jl=1009440942160&utm_campaign=google_jobs_apply&utm_source=google_jobs_apply&utm_medium=organic",False
BbG41AkB0Wg4UnQsAAAAAA==,Lead Frontend Developer(React.Js & Next.Js)-6+Yrs,wayvida,,https://wayvida.com,Glassdoor,Full-time,['FULLTIME'],"https://www.glassdoor.com/job-listing/lead-frontend-developer-react-js-and-next-js-6-yrs-wayvida-JV_KO0,50_KE51,58.htm?jl=1009833056480&utm_campaign=google_jobs_apply&utm_source=google_jobs_apply&utm_medium=organic",True
_wl8qAqv25nvFaE2AAAAAA==,Frontend React Developer (Senior) (225-725),Talentmate,,https://www.talentmate.com,Talentmate,Full-time,['FULLTIME'],https://www.talentmate.com/jobs/india/Gujarat/frontend-react-developer-senior-225-725/2507-1-24283?utm_campaign=google_jobs_apply&utm_source=google_jobs_apply&utm_medium=organic,False
hcRDGUW0UvuxBbKwAAAAAA==,Senior Front End Developer,Salesgear,https://encrypted-tbn0.gstatic.com/images?q=tbn:ANd9GcRWea3O1wXP4d61BIy6jIKvatHQDwwKG3O7Hb_6&s=0,https://www.salesgear.io,Recruit.net,Full-time,['FULLTIME'],https://www.recruit.net/job/front-end-developer-jobs/8FCFEBD656A903A9?utm_campaign=google_jobs_apply&utm_source=google_jobs_apply&utm_medium=organic,False
38g_GgkgQN29YrzSAAAAAA==,WordPress Frontend Developer,storetransform,,https://storetransform.com,Store Transform,Full-time,['FULLTIME'],https://storetransform.com/jobs/wordpress-frontend-developer/?utm_campaign=google_jobs_apply&utm_source=google_jobs_apply&utm_medium=organic,False
Whf8ztJHMSNILhopAAAAAA==,Frontend Developer (Reactjs) - Pune,Be The Bank,https://encrypted-tbn0.gstatic.com/images?q=tbn:ANd9GcQpBFaxhTzM-sTqnIwnnDcJfUsiBGqIfN2_iUWQ&s=0,,Comeet,Full-time,['FULLTIME'],https://www.comeet.com/jobs/btbisrael/78.00B/frontend-developer-reactjs---pune/44.05C?utm_campaign=google_jobs_apply&utm_source=google_jobs_apply&utm_medium=organic,True
81Wscyb-rPGbRQR5AAAAAA==,Frontend Developers / HTML Developers,Capacity Web Solutions,,https://www.capacitywebsolutions.com,Shine,Full-time,['FULLTIME'],https://www.shine.com/jobs/frontend-developers-html-developers/capacity-web-solutions/17433299?utm_campaign=google_jobs_apply&utm_source=google_jobs_apply&utm_medium=organic,False
9GCEXz03BW9fuGcNAAAAAA==,Senior Front-End Developer,Hogarth Studios India,https://encrypted-tbn0.gstatic.com/images?q=tbn:ANd9GcQJEVwbfXbMvgjd06W9cXYiJEsEJRcEJ6Nz0gSx&s=0,,LinkedIn,Full-time,['FULLTIME'],https://in.linkedin.com/jobs/view/senior-front-end-developer-at-hogarth-studios-india-4278775644?utm_campaign=google_jobs_apply&utm_source=google_jobs_apply&utm_medium=organic,False
zzbavgABJG_RP1ZAAAAAAA==,Senior AEM Frontend Developer,Concentrix,,https://www.concentrix.com,Concentrix,Full-time,['FULLTIME'],https://jobs.concentrix.com/portugal/job/phn-phn-16324680?utm_campaign=google_jobs_apply&utm_source=google_jobs_apply&utm_medium=organic,False
vxDvVwc9k42KKMDTAAAAAA==,Senior Frontend Developer,Radancy,https://encrypted-tbn0.gstatic.com/images?q=tbn:ANd9GcT6tkyMlp7COlUUIbwOfz4NVcwMf07mPX8a10he&s=0,https://www.radancy.com,Careers - Radancy,Full-time,['FULLTIME'],https://jobs.radancy.com/es/trabajo/usk/senior-frontend-developer/47123/84168486080?utm_campaign=google_jobs_apply&utm_source=google_jobs_apply&utm_medium=organic,False
t0KuLjt8Lcn8n28YAAAAAA==,Frontend Developer ( Founding engineer),Recro,https://encrypted-tbn0.gstatic.com/images?q=tbn:ANd9GcRD5SC5MS9bEXCjM1p-WWqE8amNQqhaT7rsGLyq&s=0,https://recro.com,Recruit.net,Full-time,['FULLTIME'],https://www.recruit.net/job/frontend-developer-founding-engineer-jobs/CC05B4E06F678FCC?utm_campaign=google_jobs_apply&utm_source=google_jobs_apply&utm_medium=organic,False
anurJY6V0dnvnED-AAAAAA==,"Front-end Developer - Wordpress Divi & PHP (INR24000 per month, part-time, US hours)",SimpleAssist,https://encrypted-tbn0.gstatic.com/images?q=tbn:ANd9GcSWIry6Qm6DaEFFPwEWeDZiz3QSDfb1iCYwscne&s=0,https://www.simpleassist.co,LinkedIn,Part-time,['PARTTIME'],https://in.linkedin.com/jobs/view/front-end-developer-wordpress-divi-php-inr24000-per-month-part-time-us-hours-at-simpleassist-4270892609?refId=29/dS9906TgLXebecf5uAQ%3D%3D&trackingId=tFgKesWWK3rD1LmYDuuGXw%3D%3D&position=14&pageNum=0&utm_campaign=google_jobs_apply&utm_source=google_jobs_apply&utm_medium=organic,False
iLpNHO4DiyqyqjP8AAAAAA==,Founding Engineer (Frontend): 1-4 years experience,KraftX AI,https://encrypted-tbn0.gstatic.com/images?q=tbn:ANd9GcQ9iV8OsaC9VcP072WP1qgL9jam99ymlNJIkPwR&s=0,https://www.kraftx.ai,LinkedIn,Full-time,['FULLTIME'],https://in.linkedin.com/jobs/view/founding-engineer-frontend-1-4-years-experience-at-kraftx-ai-4238467122?utm_campaign=google_jobs_apply&utm_source=google_jobs_apply&utm_medium=organic,False
xtjwC6l9PnFsdqShAAAAAA==,Lead Front-End Developer - ING318,INGOT,https://encrypted-tbn0.gstatic.com/images?q=tbn:ANd9GcRTZjw9qLTk-20G6eRorBS7oCwkksutkeigEL8G&s=0,,LinkedIn,Full-time,['FULLTIME'],https://in.linkedin.com/jobs/view/lead-front-end-developer-ing318-at-ingot-4270639055?utm_campaign=google_jobs_apply&utm_source=google_jobs_apply&utm_medium=organic,False
B141bLlNHHE8KZoyAAAAAA==,Frontend Engineer (React),Kodo,https://encrypted-tbn0.gstatic.com/images?q=tbn:ANd9GcRbKwbUhKkMRfaXEqwTdC11W1YAg0WldsLKbOKs&s=0,https://www.kodo.com,LinkedIn,Full-time,['FULLTIME'],https://in.linkedin.com/jobs/view/frontend-engineer-react-at-kodo-4186586510?utm_campaign=google_jobs_apply&utm_source=google_jobs_apply&utm_medium=organic,False
rr24Gn_yRpvrR9aiAAAAAA==,Front End Developer (Angular) (Remote),The Hub,,https://thehub.io,Cutshort,Full-time,['FULLTIME'],https://cutshort.io/job/Front-End-Developer-Angular-Bengaluru-Bangalore-Mumbai-The-Hub-F63zMaY9?utm_campaign=google_jobs_apply&utm_source=google_jobs_apply&utm_medium=organic,True
a8yxCM0EHHKjC7WiAAAAAA==,Lead Front-end Developer,Mosaic Wellness,https://encrypted-tbn0.gstatic.com/images?q=tbn:ANd9GcTN8a8E2_tQDbb0t9NB7bfI6eqdmkatWQGpWpH0&s=0,https://mosaicwellnesscompany.com,LinkedIn,Full-time,['FULLTIME'],https://in.linkedin.com/jobs/view/lead-front-end-developer-at-mosaic-wellness-4163027370?utm_campaign=google_jobs_apply&utm_source=google_jobs_apply&utm_medium=organic,False
zrFYOpl-3iW9zvSfAAAAAA==,Sr. Frontend Developer (React),Conxai Technologies GmbH,https://encrypted-tbn0.gstatic.com/images?q=tbn:ANd9GcR0vEE-FK-7kNXiVK4XBV3a0l_g9Ndgn1NzufeR&s=0,https://www.conxai.com,JOIN,Full-time,['FULLTIME'],https://join.com/companies/conxai/14642038-sr-frontend-developer-react?utm_campaign=google_jobs_apply&utm_source=google_jobs_apply&utm_medium=organic,True
svjT1dqg_ETPRwE3AAAAAA==,Backend Engineer – Java,Schneider Electric,https://encrypted-tbn0.gstatic.com/images?q=tbn:ANd9GcQejGRgi4fket7ZACb_iCoxET4yEOT3v5Vj_pYz&s=0,http://www.se.com/,LinkedIn,Full-time,['FULLTIME'],https://in.linkedin.com/jobs/view/backend-engineer-%E2%80%93-java-at-schneider-electric-4283008696?utm_campaign=google_jobs_apply&utm_source=google_jobs_apply&utm_medium=organic,False
JR2sIz6ZlUoivtrOAAAAAA==,Backend Developer – India (Mid-Level),Flexera Software,https://encrypted-tbn0.gstatic.com/images?q=tbn:ANd9GcQpPx59ZRJxLpHy_FU217L-vbrS24P_B-4FAOTR&s=0,http://www.flexera.com/,Outscal,Full-time,['FULLTIME'],https://outscal.com/job/backend-developer-india-mid-level-at-flexera-software-in-bengaluru-karnataka-india-1?utm_campaign=google_jobs_apply&utm_source=google_jobs_apply&utm_medium=organic,True
EW6X8DzCyx4z4rvPAAAAAA==,Backend Developer,SAP,https://encrypted-tbn0.gstatic.com/images?q=tbn:ANd9GcQzaPCpCxorZnuGrCw-NUiKBkhyQyWtEMxLstUo&s=0,https://www.sap.com/,SAP Careers,Full-time,['FULLTIME'],https://jobs.sap.com/job/Bangalore-Backend-Developer-560066/1222043901/?utm_campaign=google_jobs_apply&utm_source=google_jobs_apply&utm_medium=organic,True
8wSUCrEtsu88LLQ_AAAAAA==,EverestDX - Senior Backend Developer - Python,EverestDX Inc,https://encrypted-tbn0.gstatic.com/images?q=tbn:ANd9GcQmtWvRCzrSL7zqmpS1IXiUc2BPlR6HQmwKNrB1&s=0,https://www.everestdx.com,LinkedIn,Full-time,['FULLTIME'],https://in.linkedin.com/jobs/view/everestdx-senior-backend-developer-python-at-everestdx-inc-4282980334?utm_campaign=google_jobs_apply&utm_source=google_jobs_apply&utm_medium=organic,False
h-dnH-o1qicTfrotAAAAAA==,Astrotalk - Java Backend Developer,Astrotalk,,https://astrotalk.com,Talentmate,Full-time,['FULLTIME'],https://www.talentmate.com/jobs/india/noida/astrotalk-java-backend-developer/2508-5364-2?utm_campaign=google_jobs_apply&utm_source=google_jobs_apply&utm_medium=organic,False
E2DSY3G5U6cKoilPAAAAAA==,Backend Developer- Node.js JIS107429,Krayr Solutions,https://encrypted-tbn0.gstatic.com/images?q=tbn:ANd9GcSJHhpxAwcn18ekO0X_ZIoX9VqLYyhxFVrbqvSc&s=0,,LinkedIn,Full-time,['FULLTIME'],https://in.linkedin.com/jobs/view/backend-developer-node-js-jis107429-at-krayr-solutions-4283102699?utm_campaign=google_jobs_apply&utm_source=google_jobs_apply&utm_medium=organic,False
zGgHECZTtbj0xprkAAAAAA==,Sr. Backend Developer TIPL102,Techostinger India Private Limited,,,Indeed,Full-time,['FULLTIME'],https://in.indeed.com/viewjob?jk=bf4ad73b3005bf10&utm_campaign=google_jobs_apply&utm_source=google_jobs_apply&utm_medium=organic,True
v8tgqVMcAE2vS5AzAAAAAA==,Java Backend Developer,BNP Paribas India Solutions,https://encrypted-tbn0.gstatic.com/images?q=tbn:ANd9GcQE0FsAgi8aqJGmDp9Av9_rGvWa2nxN8TcZdnHm&s=0,http://www.indiasolutions.bnpparibas.co.in/,Groupe BNP Paribas,Full-time,['FULLTIME'],https://group.bnpparibas/en/careers/job-offer/java-backend-developer-1?utm_campaign=google_jobs_apply&utm_source=google_jobs_apply&utm_medium=organic,False
UO8Fv9MpxL0_Q__GAAAAAA==,Senior Backend Developer – IoT and Digitalization,Siemens,,http://www.siemens.com/,Jobs At Siemens,Full-time,['FULLTIME'],https://jobs.siemens.com/careers/job/563156126254979-senior-backend-developer-%E2%80%93-iot-and-digitalization-goa-goa-india?domain=siemens.com&microsite=siemens.com&utm_campaign=google_jobs_apply&utm_source=google_jobs_apply&utm_medium=organic,False
FxbtCsE7K_zRUGN0AAAAAA==,SDE-4 (Backend Developer),Talentoj,https://encrypted-tbn0.gstatic.com/images?q=tbn:ANd9GcQcdsJ3RIZ_jnh_0-YE4gsThCMI13MtIkRvn9AW&s=0,http://talentoj.com,Recruit.net,Full-time,['FULLTIME'],https://www.recruit.net/job/sde-backend-developer--jobs/CDC25F367543B701?utm_campaign=google_jobs_apply&utm_source=google_jobs_apply&utm_medium=organic,False
GrBJ-KY2HIxmEvzkAAAAAA==,".NET Core Developer (Web, Backend & Desktop POS Applications)",Tuna Software Solutions Pvt Ltd,,https://tunasoftwaresolutions.com,WhatJobs,Full-time,['FULLTIME'],https://en-in.whatjobs.com/jobs/backend-developer?id=166291177&utm_campaign=google_jobs_apply&utm_source=google_jobs_apply&utm_medium=organic,False
FkbiBfZo9ydRSvQSAAAAAA==,Backend Senior Software Development Engineer - GoLang / PHP,GoDaddy,,https://www.godaddy.com,GoDaddy Careers,Full-time,['FULLTIME'],https://careers.godaddy/jobs/backend-senior-software-development-engineer-golang-php-pune-maharashtra-india?utm_campaign=google_jobs_apply&utm_source=google_jobs_apply&utm_medium=organic,False
hJjFbm5EOSyee2rrAAAAAA==,Java PL SQL Backend developer - Pune,Early Career,,https://www.kpmguscareers.com,Citi Careers,Full-time,['FULLTIME'],https://jobs.citi.com/job/pune/java-pl-sql-backend-developer-pune/287/84780361152?utm_campaign=google_jobs_apply&utm_source=google_jobs_apply&utm_medium=organic,False
Q6pEaQvEM1NZGV1DAAAAAA==,Backend Engineer | Python ($30K - $60K),CodeRound AI,https://encrypted-tbn0.gstatic.com/images?q=tbn:ANd9GcTDOXCW1lcKNSQP-xxXqNrqgQpVaBQks0gpobsK&s=0,https://coderound.io,LinkedIn,Full-time,['FULLTIME'],https://in.linkedin.com/jobs/view/backend-engineer-python-%2430k-%2460k-at-coderound-ai-4279491847?utm_campaign=google_jobs_apply&utm_source=google_jobs_apply&utm_medium=organic,False
rWm0TAH3PzrlINSzAAAAAA==,Java Backend Developer,BNP Paribas India Solutions,https://encrypted-tbn0.gstatic.com/images?q=tbn:ANd9GcQE0FsAgi8aqJGmDp9Av9_rGvWa2nxN8TcZdnHm&s=0,,Groupe BNP Paribas,Full-time,['FULLTIME'],https://group.bnpparibas/en/careers/job-offer/java-backend-developer-2?utm_campaign=google_jobs_apply&utm_source=google_jobs_apply&utm_medium=organic,False
DUsudKPS32xGmAAuAAAAAA==,Backend Developer (Golang),TheModernDimesnion (TMD),https://encrypted-tbn0.gstatic.com/images?q=tbn:ANd9GcQKUYMlkbjv3OPhkSVaw44Jz9V2AI-LHftVutpM&s=0,,Iitjobs,Full-time,['FULLTIME'],https://www.iitjobs.com/job/backend-developer-golang-new-delhi-delhi-india-themoderndimesnion-tmd-112243?utm_campaign=google_jobs_apply&utm_source=google_jobs_apply&utm_medium=organic,False
6osaSGs1Ti0IbB6tAAAAAA==,Junior Backend Engineer | Node.js (10 LPA - 18 LPA),CodeRound AI,https://encrypted-tbn0.gstatic.com/images?q=tbn:ANd9GcTDOXCW1lcKNSQP-xxXqNrqgQpVaBQks0gpobsK&s=0,https://coderound.io,LinkedIn,Full-time,['FULLTIME'],https://in.linkedin.com/jobs/view/junior-backend-engineer-node-js-10-lpa-18-lpa-at-coderound-ai-4279883642?utm_campaign=google_jobs_apply&utm_source=google_jobs_apply&utm_medium=organic,False
HOxSZGKXadehFoO8AAAAAA==,Backend Developer (Golang),Wisemonk,https://encrypted-tbn0.gstatic.com/images?q=tbn:ANd9GcRWea3O1wXP4d61BIy6jIKvatHQDwwKG3O7Hb_6&s=0,https://www.wisemonk.io,Recruit.net,Full-time,['FULLTIME'],https://www.recruit.net/job/backend-developer-golang--jobs/C6B7D4EE9E36A5FA?utm_campaign=google_jobs_apply&utm_source=google_jobs_apply&utm_medium=organic,False
oyrgTiFQZ9Cac5L1AAAAAA==,Experienced Backend Developer,Stutzen,https://encrypted-tbn0.gstatic.com/images?q=tbn:ANd9GcTaVBXEcSpM4IsaVE5uaYnteOgEt28y8H3yO1E4&s=0,https://www.stutzen.co,GrabJobs,Full-time,['FULLTIME'],https://grabjobs.co/india/job/full-time/others/experienced-backend-developer-146557038?utm_campaign=google_jobs_apply&utm_source=google_jobs_apply&utm_medium=organic,False
M5_sUlra4ACKV4Q_AAAAAA==,Lead Java Backend Developer,OTU India,,https://www.otuindia.com,Indeed,Full-time,['FULLTIME'],https://in.indeed.com/viewjob?jk=4d83e7f6226b26fe&utm_campaign=google_jobs_apply&utm_source=google_jobs_apply&utm_medium=organic,True
L3nS60SKr6ovBsEoAAAAAA==,Lead Engineer- Backend,Target India,,https://india.target.com,Target Corporation,Full-time,['FULLTIME'],https://corporate.target.com/jobs/w70/28/lead-engineer-backend?utm_campaign=google_jobs_apply&utm_source=google_jobs_apply&utm_medium=organic,False
dHwVJyJARTtaDf0SAAAAAA==,Senior Backend Developer (Golang/Python/Java),Baker Hughes,https://encrypted-tbn0.gstatic.com/images?q=tbn:ANd9GcSWakRdqOYks4LZwgtA2H2KhVZwEvJUsvcFjWrF&s=0,https://www.bakerhughes.com,Baker Hughes,Full-time,['FULLTIME'],https://careers.bakerhughes.com/global/en/job/R136844/Senior-Backend-Developer-Golang-Python-Java?utm_campaign=google_jobs_apply&utm_source=google_jobs_apply&utm_medium=organic,False
MvugBUZZQnIYPBTOAAAAAA==,Sr. Backend Developer,Telna,https://encrypted-tbn0.gstatic.com/images?q=tbn:ANd9GcRxzOQqTMRJYTyqM8PriHmQdOftNtg4IwVXp8qC&s=0,https://www.telna.com,Expertini,Full-time,['FULLTIME'],https://in.expertini.com/jobs/job/sr-backend-developer-kakinada-telna-1963-37430366/?utm_campaign=google_jobs_apply&utm_source=google_jobs_apply&utm_medium=organic,False
OOXLpCN1XYBr884gAAAAAA==,SWE Back End,Alight,https://encrypted-tbn0.gstatic.com/images?q=tbn:ANd9GcSngp3us0dKaFLUh4NZYg285vjfj3JDApf6JcZ6&s=0,https://www.alight.com,Careers At Alight,Full-time,['FULLTIME'],https://careers.alight.com/us/en/job/ALIGUSR29182EXTERNALENUS/SWE-Back-End?utm_campaign=google_jobs_apply&utm_source=google_jobs_apply&utm_medium=organic,False
HAN5ioP8Vq9mj7fsAAAAAA==,Backend developer - .Netcore FSD,HARMAN India,https://encrypted-tbn0.gstatic.com/images?q=tbn:ANd9GcSOTd1rT6Ov45rVS9qjhzBUeHRzYJBn9aAFzULO&s=0,https://www.harmanindia.com,LinkedIn,Full-time,['FULLTIME'],https://in.linkedin.com/jobs/view/backend-developer-netcore-fsd-at-harman-india-4268308724?utm_campaign=google_jobs_apply&utm_source=google_jobs_apply&utm_medium=organic,False
wsZkIs6zMlOPa8gfAAAAAA==,Software Engineer (Backend),REDICA Systems,,,Smart Recruiters Jobs,Full-time,['FULLTIME'],https://jobs.smartrecruiters.com/REDICASystems/744000045647505-software-engineer-backend-?utm_campaign=google_jobs_apply&utm_source=google_jobs_apply&utm_medium=organic,False
2PrcD2oIsof1GlbaAAAAAA==,Backend Developer (JavaScript + Node.js),Programming.com Inc,https://encrypted-tbn0.gstatic.com/images?q=tbn:ANd9GcTvk_bUPcbdXQ91YbVVBSgqLBcyMfeaWBYZGI1_&s=0,https://programming.com,Iitjobs,Full-time,['FULLTIME'],https://www.iitjobs.com/job/backend-developer-javascript-nodejs-gurgaon-haryana-india-programmingcom-inc-51823?utm_campaign=google_jobs_apply&utm_source=google_jobs_apply&utm_medium=organic,False
MlmF-Gw-0hqN11pVAAAAAA==,Backend Developer (PHP + SQL) – Remote | AI Startup,Rockmetric,https://encrypted-tbn0.gstatic.com/images?q=tbn:ANd9GcSZGe-LQ2iuPraSkJ1efKyhpiEQGels2D4fHm0N&s=0,https://www.rockmetric.com,Wellfound,Full-time,['FULLTIME'],https://wellfound.com/jobs/2433659-backend-developer-php-sql-remote-ai-startup?utm_campaign=google_jobs_apply&utm_source=google_jobs_apply&utm_medium=organic,True
0NJA7GcGyZW9RIWEAAAAAA==,"Lead Backend developer (C#, VueJS)",Airbus India Private Limited,https://encrypted-tbn0.gstatic.com/images?q=tbn:ANd9GcRWCt6pbD1XXKIBF4tDY9r4WVSbYsM1zKTcSRoC&s=0,https://www.airbus.com,Glassdoor,Full-time,['FULLTIME'],"https://www.glassdoor.co.in/job-listing/lead-backend-developer-c-vuejs-airbus-india-private-limited-JV_IC2940587_KO0,30_KE31,59.htm?jl=1009625467669&utm_campaign=google_jobs_apply&utm_source=google_jobs_apply&utm_medium=organic",False
5hNDRl3uaZ_S5LQFAAAAAA==,Mid-Level Backend Developer (Python/Django) – Fintech,EZ PIN,,,Glassdoor,Full-time,['FULLTIME'],"https://www.glassdoor.com/job-listing/mid-level-backend-developer-python-django-%E2%80%93-fintech-ez-pin-JV_KO0,51_KE52,58.htm?jl=1009824544722&utm_campaign=google_jobs_apply&utm_source=google_jobs_apply&utm_medium=organic",True
LhIeUINgp7oY1GopAAAAAA==,Backend Developer/Engineer,Adsiduous Media,,https://www.linkedin.com,Jobaaj,Full-time,['FULLTIME'],https://www.jobaaj.com/job/adsiduous-media-backend-developer-engineer-india-2-to-4-years-639062?utm_campaign=google_jobs_apply&utm_source=google_jobs_apply&utm_medium=organic,True
Ch42CRFZl8dNDF4OAAAAAA==,Backend Developer Intern (Web/Hybrid Software),JarNox,https://encrypted-tbn0.gstatic.com/images?q=tbn:ANd9GcRWea3O1wXP4d61BIy6jIKvatHQDwwKG3O7Hb_6&s=0,,Recruit.net,Internship,['INTERN'],https://www.recruit.net/job/backend-developer-web-hybrid-software-jobs/DD45D018F5C8A543?utm_campaign=google_jobs_apply&utm_source=google_jobs_apply&utm_medium=organic,False
cDiGSwHV8Qes8tlrAAAAAA==,Hindustan Times - Senior Backend Developer - Python,HT Media Group,https://encrypted-tbn0.gstatic.com/images?q=tbn:ANd9GcTCiEFF65UukUblgoQoqzldhURy1Iv9723p-CSp&s=0,https://www.htmedia.in,LinkedIn,Full-time,['FULLTIME'],https://in.linkedin.com/jobs/view/hindustan-times-senior-backend-developer-python-at-ht-media-group-4281436715?utm_campaign=google_jobs_apply&utm_source=google_jobs_apply&utm_medium=organic,False
A31v3K2nGVbC4sJ_AAAAAA==,Senior Backend Developer,Sectigo,https://encrypted-tbn0.gstatic.com/images?q=tbn:ANd9GcRKhu3r_Jxi2KRcHtSLnMIFCYTUIrLDWfECyow5&s=0,https://www.sectigo.com,Smart Recruiters Jobs,Full-time,['FULLTIME'],https://jobs.smartrecruiters.com/Sectigo/3743990007703636-senior-backend-developer?utm_campaign=google_jobs_apply&utm_source=google_jobs_apply&utm_medium=organic,False
aYq7A1PbLERiUWBfAAAAAA==,Backend Developer (Golang),Wisemonk,https://encrypted-tbn0.gstatic.com/images?q=tbn:ANd9GcRWea3O1wXP4d61BIy6jIKvatHQDwwKG3O7Hb_6&s=0,https://www.wisemonk.io,Recruit.net,Full-time,['FULLTIME'],https://www.recruit.net/job/backend-developer-golang--jobs/B41AC49018A92E0E?utm_campaign=google_jobs_apply&utm_source=google_jobs_apply&utm_medium=organic,False
XL3OMax4BYkp9nPHAAAAAA==,Python Backend Developer,Lingaro Group,https://encrypted-tbn0.gstatic.com/images?q=tbn:ANd9GcTce2f8T15c6tYWtGKmrtnm4wDmdhdIxc48r9nR&s=0,https://lingarogroup.com,Indeed,Full-time,['FULLTIME'],https://in.indeed.com/viewjob?jk=2148d3c431f2fdf9&utm_campaign=google_jobs_apply&utm_source=google_jobs_apply&utm_medium=organic,False
imwgnzXWwFPRshi5AAAAAA==,Node JS & Backend Developer - Co-founding team for MY MOVIES Portal,ICE Global ECommerce Technology Pvt. Ltd.,https://encrypted-tbn0.gstatic.com/images?q=tbn:ANd9GcQRnlPBngweNIY7uT9QBABCjCo1wQFL1ChSVuEY&s=0,,LinkedIn,Full-time,['FULLTIME'],https://in.linkedin.com/jobs/view/node-js-backend-developer-co-founding-team-for-my-movies-portal-at-ice-global-ecommerce-technology-pvt-ltd-4281823028?utm_campaign=google_jobs_apply&utm_source=google_jobs_apply&utm_medium=organic,False
je3zwLgQA9qLKhFcAAAAAA==,Backend Developer (C++ Enterprise Software),DRIMCO GmbH,https://encrypted-tbn0.gstatic.com/images?q=tbn:ANd9GcRxVwQLOhYq9EVSQGnnwJkumHkk1MMGsYj68g5N&s=0,,Expertini,Full-time,['FULLTIME'],https://in.expertini.com/jobs/job/backend-developer-c-enterprise-software-prayagraj-drimco-gmbh-315-48033023/?utm_campaign=google_jobs_apply&utm_source=google_jobs_apply&utm_medium=organic,False
asQbOobjR4LPpC3lAAAAAA==,"Backend Developer (.NET Core, Real-Time Financial Systems)",Ravant Media,https://encrypted-tbn0.gstatic.com/images?q=tbn:ANd9GcRWea3O1wXP4d61BIy6jIKvatHQDwwKG3O7Hb_6&s=0,https://www.linkedin.com,Recruit.net,Full-time,['FULLTIME'],https://www.recruit.net/job/backend-developer-net-core-real-jobs/A751127421CFA958?utm_campaign=google_jobs_apply&utm_source=google_jobs_apply&utm_medium=organic,False
_AaCwq_bPYrVd591AAAAAA==,Backend Java Developer (Big Data) - INTL - India,Insight Global,,https://insightglobal.com,Insight Global,Contractor,"['CONTRACTOR', 'CONTRACTOR']",https://insightglobal.com/jobs/find_a_job/california/san-jose/backend-java-developer-big-data-intl-india/job-428423/?utm_campaign=google_jobs_apply&utm_source=google_jobs_apply&utm_medium=organic,False
QPzHaabGCsERTqFmAAAAAA==,Senior Backend Developer- Java - Clean code Architecture - $45K- $55K,CareerXperts Consulting,https://encrypted-tbn0.gstatic.com/images?q=tbn:ANd9GcQESdC-zLOh_KX-Ua3GsegTdTkHEhR9BI779Szx&s=0,https://careerxperts.com,LinkedIn,Full-time,['FULLTIME'],https://in.linkedin.com/jobs/view/senior-backend-developer-java-clean-code-architecture-%2445k-%2455k-at-careerxperts-consulting-4278269125?utm_campaign=google_jobs_apply&utm_source=google_jobs_apply&utm_medium=organic,False
Z_5lRDElPxMJi6cdAAAAAA==,Lead Java Backend Developer,Xponentium India,https://encrypted-tbn0.gstatic.com/images?q=tbn:ANd9GcTjPkwl1k-8CJRHdJOnWfAD8Y8jMfSer_cRsaG1&s=0,https://www.xponentiumindia.com,LinkedIn,Full-time,['FULLTIME'],https://in.linkedin.com/jobs/view/lead-java-backend-developer-at-xponentium-india-4280060949?utm_campaign=google_jobs_apply&utm_source=google_jobs_apply&utm_medium=organic,False
sfUlw72WdzqdJCXsAAAAAA==,Back-end Developer,iLink Digital,https://encrypted-tbn0.gstatic.com/images?q=tbn:ANd9GcSkFGOX_XSAzQ2ENqe-RQf7FnqKhsNoNwl6VG0k&s=0,https://www.ilink-digital.com,LinkedIn,Full-time,['FULLTIME'],https://in.linkedin.com/jobs/view/back-end-developer-at-ilink-digital-4267173592?utm_campaign=google_jobs_apply&utm_source=google_jobs_apply&utm_medium=organic,False
kh9UeqpkU3GD2vo0AAAAAA==,"Back-End-developer Storage NooBaa, Nodejs, GoLang, or C++, Kubernetes, 5-8 years",IBM,https://encrypted-tbn0.gstatic.com/images?q=tbn:ANd9GcRk2ihJ9ePBk6F-Q7Bdt7YG12s1HxIcu6k05Vys&s=0,,LinkedIn,Full-time,['FULLTIME'],https://in.linkedin.com/jobs/view/back-end-developer-storage-noobaa-nodejs-golang-or-c%2B%2B-kubernetes-5-8-years-at-ibm-4252679086?utm_campaign=google_jobs_apply&utm_source=google_jobs_apply&utm_medium=organic,False
SnH_OD950guXHMuvAAAAAA==,Technical Consultant (Backend Developer),Autodesk,https://encrypted-tbn0.gstatic.com/images?q=tbn:ANd9GcQkSlOX7aaB53Qvh8v51464_o8VaIz7cI8csGiE&s=0,https://www.autodesk.com,JobzMall,Full-time,['FULLTIME'],https://www.jobzmall.com/autodesk/job/technical-consultant-backend-developer?utm_campaign=google_jobs_apply&utm_source=google_jobs_apply&utm_medium=organic,True
nW9VR73PHxdFkeOJAAAAAA==,Backend Developer(NodeJS),Cloudesign,https://encrypted-tbn0.gstatic.com/images?q=tbn:ANd9GcRgLwvGzY2notOuX9OYXXK_topmxcbaNdKdafL_&s=0,https://www.cloudesign.com,LinkedIn,Full-time,['FULLTIME'],https://in.linkedin.com/jobs/view/backend-developer-nodejs-at-cloudesign-4200257215?utm_campaign=google_jobs_apply&utm_source=google_jobs_apply&utm_medium=organic,False
GzFuwgGsLSrHia01AAAAAA==,Backend Developer-Installer,IBM,https://encrypted-tbn0.gstatic.com/images?q=tbn:ANd9GcTBsNntdONBJr6EiRxTz2-ar8dk-GafXiNAedPz&s=0,,The Muse,Full-time,['FULLTIME'],https://www.themuse.com/jobs/ibm/backend-developerinstaller?utm_campaign=google_jobs_apply&utm_source=google_jobs_apply&utm_medium=organic,False
OCIFfIpjy2rCKzFSAAAAAA==,Backend Developer,LikeMinds,https://encrypted-tbn0.gstatic.com/images?q=tbn:ANd9GcS9Br1vMdxv60aSpIhn8Vyq-qNHV0hc53EbATr8&s=0,https://likeminds.com,LinkedIn,Full-time,['FULLTIME'],https://in.linkedin.com/jobs/view/backend-developer-at-likeminds-4166271374?utm_campaign=google_jobs_apply&utm_source=google_jobs_apply&utm_medium=organic,False
kWDvQ7CRZOolhDrnAAAAAA==,Backend Developer - C#,IMA Schelling Group,https://encrypted-tbn0.gstatic.com/images?q=tbn:ANd9GcSC_8RDeQy9SeNsi5hW50DFNmZTBYDfm8VHchtV&s=0,https://imaschelling.us,IMA Schelling Group,Full-time,['FULLTIME'],https://jobs.imaschelling.com/en/jobs/5774608-backend-developer-c?utm_campaign=google_jobs_apply&utm_source=google_jobs_apply&utm_medium=organic,False
czRPVWqf3FvSoDYcAAAAAA==,Backend Engineer (EdTech Startup),Darsel,https://encrypted-tbn0.gstatic.com/images?q=tbn:ANd9GcSOQnylH07XOCFQJaiC-yffLhnwnTvEzx_a_3si&s=0,https://www.darsel.tech,LinkedIn,Full-time,['FULLTIME'],https://in.linkedin.com/jobs/view/backend-engineer-edtech-startup-at-darsel-4249128661?utm_campaign=google_jobs_apply&utm_source=google_jobs_apply&utm_medium=organic,False
J0hdNlkwMkfwY0X2AAAAAA==,Full stack Developer(Python+React.js),Viraaj HR Solutions Private Limited,https://encrypted-tbn0.gstatic.com/images?q=tbn:ANd9GcQByNn7ujac-0Cs_I3qUe_rIs1Dzd-sqiQJDKdM&s=0,https://www.viraajhrsolutions.com,LinkedIn,Full-time,['FULLTIME'],https://in.linkedin.com/jobs/view/full-stack-developer-python%2Breact-js-at-viraaj-hr-solutions-private-limited-4283045036?utm_campaign=google_jobs_apply&utm_source=google_jobs_apply&utm_medium=organic,False
2EZdGwTZOFPG8qHZAAAAAA==,AI Lab - Full stack Software developer,Siemens,,https://www.siemens.com,Jobs At Siemens,Full-time,['FULLTIME'],https://jobs.siemens.com/careers/job/563156126469154-ai-lab-full-stack-software-developer-gurugram-haryana-india?domain=siemens.com&microsite=siemens.com&utm_campaign=google_jobs_apply&utm_source=google_jobs_apply&utm_medium=organic,False
rfsxvru9rmMh0ooFAAAAAA==,Experienced Software Engineer – Java Fullstack Developer,Boeing,https://encrypted-tbn0.gstatic.com/images?q=tbn:ANd9GcQbjH6YiBUn-CNGJ9uUZui-_-oRmD39aH7Pa3Tw&s=0,https://www.boeing.com,Boeing,Full-time,['FULLTIME'],https://jobs.boeing.com/job/bengaluru/experienced-software-engineer-java-fullstack-developer/185/83648106304?utm_campaign=google_jobs_apply&utm_source=google_jobs_apply&utm_medium=organic,False
U0pEVbZN1KVGTXY4AAAAAA==,Java Fullstack Developer,Incedo Inc.,https://encrypted-tbn0.gstatic.com/images?q=tbn:ANd9GcQr1KKB1pa3bQ_NeHM2VwFtfQfSY4V_KClcRf2w&s=0,https://www.incedoinc.com,LinkedIn,Full-time,['FULLTIME'],https://in.linkedin.com/jobs/view/java-fullstack-developer-at-incedo-inc-4283101807?utm_campaign=google_jobs_apply&utm_source=google_jobs_apply&utm_medium=organic,False
YN-_hYqsK3tuw9PbAAAAAA==,Senior software engineer-2 (Java Full stack developer),Mastercard,https://encrypted-tbn0.gstatic.com/images?q=tbn:ANd9GcTnWxNA5w472wqgBWJbT6wqQd_uHMmklYpnLovn&s=0,https://www.mastercard.com,Mastercard Careers,Full-time,['FULLTIME'],https://careers.mastercard.com/us/en/job/R-253467/Senior-software-engineer-2-Java-Full-stack-developer?utm_campaign=google_jobs_apply&utm_source=google_jobs_apply&utm_medium=organic,False
tD3D7RmdhoJEH6QuAAAAAA==,Full Stack Developer - API & Data Integration,ExxonMobil,,https://corporate.exxonmobil.com,Careers At ExxonMobil,Full-time,['FULLTIME'],https://jobs.exxonmobil.com/ExxonMobil/job/Bengaluru-Full-Stack-Developer-API-&-Data-Integration-KA/1314157700/?utm_campaign=google_jobs_apply&utm_source=google_jobs_apply&utm_medium=organic,False
gEqaKcUgzDJMJX_wAAAAAA==,"Sr Specialist Cybersecurity - Full Stack Developer (Java, Next JS, REACT, ISVA Plugin)",AT&T,https://encrypted-tbn0.gstatic.com/images?q=tbn:ANd9GcTNc737ZDTV2k6rsNV0Ws3zBgNCYKp5FfkNRqlY&s=0,,AT&T Careers,Full-time,['FULLTIME'],https://www.att.jobs/job/bengaluru/sr-specialist-cybersecurity-full-stack-developer-java-next-js-react-isva-plugin/117/84692532736?utm_campaign=google_jobs_apply&utm_source=google_jobs_apply&utm_medium=organic,False
68echWKzKbm6vgHyAAAAAA==,Principal Engineer (Full Stack Developer),MMC Corporate,https://encrypted-tbn0.gstatic.com/images?q=tbn:ANd9GcTyStJ2h8GrJVTHwUZY-vRknFt_7IWLksLv9tTg&s=0,,Careers At Marsh McLennan,Full-time,['FULLTIME'],https://careers.marshmclennan.com/global/en/job/MAMCGLOBALR308863EXTERNALENGLOBAL/Principal-Engineer-Full-Stack-Developer?utm_campaign=google_jobs_apply&utm_source=google_jobs_apply&utm_medium=organic,False
lDZW7TUWbxsI_UY6AAAAAA==,Java Full Stack Developer - AVP,Early Career,,https://www.kpmguscareers.com,Citi Careers,Full-time,['FULLTIME'],https://jobs.citi.com/job/pune/java-full-stack-developer-avp/287/84780360432?utm_campaign=google_jobs_apply&utm_source=google_jobs_apply&utm_medium=organic,False
6QLIg1mCUAcO_HHQAAAAAA==,Full Stack Developer,Radancy,https://encrypted-tbn0.gstatic.com/images?q=tbn:ANd9GcT6tkyMlp7COlUUIbwOfz4NVcwMf07mPX8a10he&s=0,https://www.radancy.com,Careers - Radancy,Full-time,['FULLTIME'],https://jobs.radancy.com/en/job/bengaluru/full-stack-developer/47123/80693644736?utm_campaign=google_jobs_apply&utm_source=google_jobs_apply&utm_medium=organic,False
e490wVuIwaccRz-yAAAAAA==,Full Stack Python Developer - Bengaluru,BNP Paribas India Solutions,https://encrypted-tbn0.gstatic.com/images?q=tbn:ANd9GcQE0FsAgi8aqJGmDp9Av9_rGvWa2nxN8TcZdnHm&s=0,http://www.indiasolutions.bnpparibas.co.in/,Groupe BNP Paribas,Full-time,['FULLTIME'],https://group.bnpparibas/en/careers/job-offer/full-stack-python-developer-bengaluru?utm_campaign=google_jobs_apply&utm_source=google_jobs_apply&utm_medium=organic,False
kJ58EWkEBl5G1QaZAAAAAA==,Full Stack Developer Freshers (.Net Angular),Vineforce IT Services Pvt. Ltd.,https://encrypted-tbn0.gstatic.com/images?q=tbn:ANd9GcQfnEajIurLch21AmFaERL68EursUM20rIxGkoB&s=0,https://www.vineforce.net,LinkedIn,Full-time,['FULLTIME'],https://in.linkedin.com/jobs/view/full-stack-developer-freshers-net-angular-at-vineforce-it-services-pvt-ltd-4280011912?utm_campaign=google_jobs_apply&utm_source=google_jobs_apply&utm_medium=organic,False
g5tPaSnBECPhCpWYAAAAAA==,Platform Senior Software Engineer (Full Stack),Alight,https://encrypted-tbn0.gstatic.com/images?q=tbn:ANd9GcSngp3us0dKaFLUh4NZYg285vjfj3JDApf6JcZ6&s=0,https://www.alight.com,Careers At Alight,Full-time,['FULLTIME'],https://careers.alight.com/us/en/job/ALIGUSR35648EXTERNALENUS/Platform-Senior-Software-Engineer-Full-Stack?utm_campaign=google_jobs_apply&utm_source=google_jobs_apply&utm_medium=organic,False
l7KcP4y4gK_vfscdAAAAAA==,SDE-2 ( Frontend Heavy Full Stack ),Adobe,,http://www.adobe.com/,Adobe Careers,Full-time,['FULLTIME'],https://careers.adobe.com/us/en/job/R156484/SDE-2-Frontend-Heavy-Full-Stack?utm_campaign=google_jobs_apply&utm_source=google_jobs_apply&utm_medium=organic,False
bAkWomIWqDcTWzGwAAAAAA==,R&D Senior Engineer - Full Stack developer,ABB,,http://www.abb.com/,ABB Career,Full-time,['FULLTIME'],https://careers.abb/global/en/job/JR00001936/R-D-Senior-Engineer-Full-Stack-developer?utm_campaign=google_jobs_apply&utm_source=google_jobs_apply&utm_medium=organic,False
rKCIie3B7FzUWRy5AAAAAA==,Full Stack Senior Software Developer,Siemens,,https://www.siemens.com,Jobs At Siemens,Full-time,['FULLTIME'],https://jobs.siemens.com/careers/job/563156124572603-full-stack-senior-software-developer-gurugram-haryana-india?domain=siemens.com&microsite=siemens.com&utm_campaign=google_jobs_apply&utm_source=google_jobs_apply&utm_medium=organic,False
SeCl62gQwHDX7izvAAAAAA==,Full-Stack Java Developer - Framework,Vitech,https://encrypted-tbn0.gstatic.com/images?q=tbn:ANd9GcQwmEwBp5uNKuMjpVGOyYtadTzdWxMKkdKpr-ir&s=0,http://www.vitechcorp.com/,Vitech Careers,Full-time,['FULLTIME'],https://careers.vitechinc.com/postings/24ddeb9a-ffa8-4420-bba8-347bf9bbb277?utm_campaign=google_jobs_apply&utm_source=google_jobs_apply&utm_medium=organic,False
Te3_kQp9haky-mC3AAAAAA==,Full Stack Developer-Senior II,Federal Express Corporation AMEA,https://encrypted-tbn0.gstatic.com/images?q=tbn:ANd9GcT2AwaONUWe0oCIA6W71Vjvkqg5LnD7euyCG7wt&s=0,https://careers.fedex.com,FedEx Careers,Full-time,['FULLTIME'],https://careers.fedex.com/full-stack-developer-senior-ii/job/P25-186702-1?utm_campaign=google_jobs_apply&utm_source=google_jobs_apply&utm_medium=organic,True
1tkmVgFN1tlW5QmBAAAAAA==,Full Stack Java Developer - TRAC & CCLT,Barclays,https://encrypted-tbn0.gstatic.com/images?q=tbn:ANd9GcQGynjTIX-u7dO0i7gRSZgnEQlZXKEuAV1gahHi&s=0,https://www.barclays.com/,Barclays Careers,Full-time,['FULLTIME'],https://search.jobs.barclays/job/pune/full-stack-java-developer-trac-and-cclt/13015/83279619952?utm_campaign=google_jobs_apply&utm_source=google_jobs_apply&utm_medium=organic,False
4Eq0oRRbdzy3txVQAAAAAA==,Full Stack Developer | 6 to 9 years | Pan India,Capgemini Engineering,,http://www.altran.com/,Capgemini,Full-time,['FULLTIME'],https://www.capgemini.com/in-en/jobs/256908-en_GB+sap_btp?utm_campaign=google_jobs_apply&utm_source=google_jobs_apply&utm_medium=organic,False
aVxLzo0Pi3QTBSMhAAAAAA==,Intermediate Applications Developer - Full Stack Dot Net,UPS,https://encrypted-tbn0.gstatic.com/images?q=tbn:ANd9GcTHzXWjfRP3t-W60BV-4pEUdt4O699T7KJav3bq&s=0,http://www.ups.com/,UPS Jobs,Full-time,['FULLTIME'],https://www.jobs-ups.com/imea/en/job/UPBUPSGLOBALR24038384EXTERNALENIMEA/Intermediate-Applications-Developer-Full-Stack-Dot-Net?utm_campaign=google_jobs_apply&utm_source=google_jobs_apply&utm_medium=organic,False
xESgMqpYYyVx_Ul2AAAAAA==,GO Full stack developer,BNP Paribas India Solutions,https://encrypted-tbn0.gstatic.com/images?q=tbn:ANd9GcQE0FsAgi8aqJGmDp9Av9_rGvWa2nxN8TcZdnHm&s=0,http://www.indiasolutions.bnpparibas.co.in/,Groupe BNP Paribas,Full-time,['FULLTIME'],https://group.bnpparibas/en/careers/job-offer/go-full-stack-developer?utm_campaign=google_jobs_apply&utm_source=google_jobs_apply&utm_medium=organic,False
rmeq5osbZZuNfR4XAAAAAA==,"Lead, Tech (DESIM Fullstack)",D. E. Shaw India,,https://www.deshaw.com,D. E. Shaw India,Full-time,['FULLTIME'],https://www.deshawindia.com/careers/lead-tech-desim-fullstack-5353?utm_campaign=google_jobs_apply&utm_source=google_jobs_apply&utm_medium=organic,False
1bT6ACrr8mKxoJuaAAAAAA==,Senior Software Engineer Java Full Stack,Mastercard,https://encrypted-tbn0.gstatic.com/images?q=tbn:ANd9GcTnWxNA5w472wqgBWJbT6wqQd_uHMmklYpnLovn&s=0,https://www.mastercard.com,Mastercard Careers,Full-time,['FULLTIME'],https://careers.mastercard.com/us/en/job/R-252884/Senior-Software-Engineer-Java-Full-Stack?utm_campaign=google_jobs_apply&utm_source=google_jobs_apply&utm_medium=organic,False
kXxWDnmKKN_6v7p2AAAAAA==,Senior Full Stack Developer - INTL India,Insight Global,,https://insightglobal.com,Insight Global,Full-time and Contractor,"['FULLTIME', 'CONTRACTOR', 'CONTRACTOR']",https://insightglobal.com/jobs/find_a_job/job-433355?utm_campaign=google_jobs_apply&utm_source=google_jobs_apply&utm_medium=organic,False
uoD-aksFTVqmvA-GAAAAAA==,Java Full Stack Developer with AWS,Luxoft,https://encrypted-tbn0.gstatic.com/images?q=tbn:ANd9GcT_OhtndE6mGDfcQ_VYU9f6p96lLp770UqQzRXz&s=0,http://www.luxoft.com/,Luxoft,Full-time,['FULLTIME'],https://career.luxoft.com/jobs/java-full-stack-developer-with-aws-13883?utm_campaign=google_jobs_apply&utm_source=google_jobs_apply&utm_medium=organic,True
bD89qr8QbsRVBRUmAAAAAA==,Sr Analyst - Full Stack Developer,Cardinal Health,,http://www.cardinal.com/,Cardinal Health,Full-time,['FULLTIME'],https://jobs.cardinalhealth.com/search/jobdetails/sr-analyst---full-stack-developer/e48571cb-26d7-4837-b241-590e3b2b333e?utm_campaign=google_jobs_apply&utm_source=google_jobs_apply&utm_medium=organic,False
QMOVKjJtJ3b0uOwpAAAAAA==,Java full stack Engineer/Senior Software Engineer,HSBC,https://encrypted-tbn0.gstatic.com/images?q=tbn:ANd9GcRRePNFlIZg1jGCttAUyuoXU7B7RZTI8AZVfZlg&s=0,http://www.hsbc.com/,LinkedIn,Full-time,['FULLTIME'],https://in.linkedin.com/jobs/view/java-full-stack-engineer-senior-software-engineer-at-hsbc-4282147139?utm_campaign=google_jobs_apply&utm_source=google_jobs_apply&utm_medium=organic,False
tt6uY4Ee-IbJP4bKAAAAAA==,"Java Full Stack Developer - Successfactors (Ex 4 - 7Y) - Devanahalli, Bangalore",SAP,https://encrypted-tbn0.gstatic.com/images?q=tbn:ANd9GcQzaPCpCxorZnuGrCw-NUiKBkhyQyWtEMxLstUo&s=0,https://www.sap.com/,SAP Careers,Full-time,['FULLTIME'],https://jobs.sap.com/job/Bangalore-Java-Full-Stack-Developer-Successfactors-%28Ex-4-7Y%29-Devanahalli%2C-Bangalore-KA-562149/1215059001/?utm_campaign=google_jobs_apply&utm_source=google_jobs_apply&utm_medium=organic,True
pEjettcPLGRQxFbxAAAAAA==,Sr Fullstack Developer,UPS,https://encrypted-tbn0.gstatic.com/images?q=tbn:ANd9GcTHzXWjfRP3t-W60BV-4pEUdt4O699T7KJav3bq&s=0,,UPS Jobs,Full-time,['FULLTIME'],https://www.jobs-ups.com/imea/en/job/UPBUPSGLOBALR24020208EXTERNALENIMEA/Sr-Fullstack-Developer?utm_campaign=google_jobs_apply&utm_source=google_jobs_apply&utm_medium=organic,False
u3W_Xle86zPtPSZmAAAAAA==,Senior Full Stack Web Developer,ExxonMobil,,https://corporate.exxonmobil.com,Careers At ExxonMobil,Full-time,['FULLTIME'],https://jobs.exxonmobil.com/ExxonMobil/job/Bengaluru-Senior-Full-Stack-Web-Developer-KA/1286686300/?utm_campaign=google_jobs_apply&utm_source=google_jobs_apply&utm_medium=organic,False
gT1TPawM1o0IpClVAAAAAA==,TRAC TCP Full Stack Developer,Barclays,https://encrypted-tbn0.gstatic.com/images?q=tbn:ANd9GcQGynjTIX-u7dO0i7gRSZgnEQlZXKEuAV1gahHi&s=0,,Barclays Careers,Full-time,['FULLTIME'],https://search.jobs.barclays/job/pune/trac-tcp-full-stack-developer/13015/72409241136?utm_campaign=google_jobs_apply&utm_source=google_jobs_apply&utm_medium=organic,False
_vvXnKMkl0p8GauAAAAAAA==,Full-Stack Automation Software Engineer,Lilly,https://encrypted-tbn0.gstatic.com/images?q=tbn:ANd9GcSqNjNWrb2Mj7S1umJqngcKOMf0_iuUO5gYCRW-&s=0,https://www.lilly.com,Lilly Careers - Eli Lilly,Full-time,['FULLTIME'],https://careers.lilly.com/it/it/job/R-84366/Full-Stack-Automation-Software-Engineer?utm_campaign=google_jobs_apply&utm_source=google_jobs_apply&utm_medium=organic,False
3WdDQT2TPf5rxVRFAAAAAA==,Remote Full-Stack JS/TS Developer - 20414,Turing,https://encrypted-tbn0.gstatic.com/images?q=tbn:ANd9GcTisQpQMXJHCkI6Odt0NkPjxHt15d1rjt4Ls1Ss&s=0,https://www.turing.com,LinkedIn,Contractor,"['CONTRACTOR', 'CONTRACTOR']",https://in.linkedin.com/jobs/view/remote-full-stack-js-ts-developer-20414-at-turing-4280302226?utm_campaign=google_jobs_apply&utm_source=google_jobs_apply&utm_medium=organic,False
8fnjmRA9geXXITc9AAAAAA==,Lead Software Engineer - Full Stack (Java & React/Angular),Mastercard,https://encrypted-tbn0.gstatic.com/images?q=tbn:ANd9GcTnWxNA5w472wqgBWJbT6wqQd_uHMmklYpnLovn&s=0,https://www.mastercard.com,Mastercard Careers,Full-time,['FULLTIME'],https://careers.mastercard.com/us/en/job/R-252701/Lead-Software-Engineer-Full-Stack-Java-React-Angular?utm_campaign=google_jobs_apply&utm_source=google_jobs_apply&utm_medium=organic,False
eOW7QbkNTXUZE8H1AAAAAA==,Senior Java Full Stack Engineer- Bengaluru,BNP Paribas India Solutions,https://encrypted-tbn0.gstatic.com/images?q=tbn:ANd9GcQE0FsAgi8aqJGmDp9Av9_rGvWa2nxN8TcZdnHm&s=0,,Groupe BNP Paribas,Full-time,['FULLTIME'],https://group.bnpparibas/en/careers/job-offer/senior-java-full-stack-engineer-bengaluru?utm_campaign=google_jobs_apply&utm_source=google_jobs_apply&utm_medium=organic,False
fQ3nwYLaQqAkb2KdAAAAAA==,Full Stack Desktop Developer,ExxonMobil,,https://corporate.exxonmobil.com,Careers At ExxonMobil,Full-time,['FULLTIME'],https://jobs.exxonmobil.com/ExxonMobil/job/Bengaluru-Full-Stack-Desktop-Developer-KA/1284442300/?utm_campaign=google_jobs_apply&utm_source=google_jobs_apply&utm_medium=organic,False
KXrQSRHmv_QCzWMiAAAAAA==,AI Full Stack Developer III,RealPage India,https://encrypted-tbn0.gstatic.com/images?q=tbn:ANd9GcRloDQ7p1DJ_HBsle5nwTXKWP-FFkEOzAlwWKDF&s=0,https://www.realpage.com,Indeed,Full-time,['FULLTIME'],https://in.indeed.com/viewjob?jk=d3236b3372fd67c2&utm_campaign=google_jobs_apply&utm_source=google_jobs_apply&utm_medium=organic,False
YrTFHlKXj_Sd1G1tAAAAAA==,Full Stack Developer - Java,matrix7i,https://encrypted-tbn0.gstatic.com/images?q=tbn:ANd9GcRBaP0iJtR4BKXJFodVieQN50-CRCbaBZGAM9TO&s=0,,Iitjobs,Full-time,['FULLTIME'],https://www.iitjobs.com/job/full-stack-developer-java-nagpur-maharashtra-india-matrix7i-834?utm_campaign=google_jobs_apply&utm_source=google_jobs_apply&utm_medium=organic,False
OZj9UZW6N9kvPLEeAAAAAA==,Java Full Stack Developer with Angular,NielsenIQ,https://encrypted-tbn0.gstatic.com/images?q=tbn:ANd9GcT54c-qag3Q0D0NwVBG8j72Jbnrb9M9lNduR5Fh&s=0,http://www.nielsen.com/,Glassdoor,Full-time,['FULLTIME'],"https://www.glassdoor.co.in/job-listing/java-full-stack-developer-with-angular-nielseniq-JV_IC2833209_KO0,38_KE39,48.htm?jl=1009706701131&utm_campaign=google_jobs_apply&utm_source=google_jobs_apply&utm_medium=organic",True
p_cEQoQ5j3UKehTtAAAAAA==,Full Stack Developer – Event-Driven Architecture & Cloud (Azure),Worx-ai,,http://www.worx-ai.com,Recruit.net,Contractor,"['CONTRACTOR', 'CONTRACTOR']",https://www.recruit.net/job/full-stack-developer-event-driven-jobs/0687A842B3C7268E?utm_campaign=google_jobs_apply&utm_source=google_jobs_apply&utm_medium=organic,False
ItRuXpjbfV-GtS-6AAAAAA==,Sr. Full Stack Developer (Golang),Siemens,,https://www.siemens.com,Jobs At Siemens,Full-time,['FULLTIME'],https://jobs.siemens.com/careers/job/563156125129086?utm_campaign=google_jobs_apply&utm_source=google_jobs_apply&utm_medium=organic,False
G-lR_7nkznWblegBAAAAAA==,Senior Full Stack Developer - Tax2,Barclays,https://encrypted-tbn0.gstatic.com/images?q=tbn:ANd9GcQGynjTIX-u7dO0i7gRSZgnEQlZXKEuAV1gahHi&s=0,https://www.barclays.com/,Barclays Careers,Full-time,['FULLTIME'],https://search.jobs.barclays/job/pune/senior-full-stack-developer-tax2/13015/84043307392?utm_campaign=google_jobs_apply&utm_source=google_jobs_apply&utm_medium=organic,False
3cQUao-yQUCugoPOAAAAAA==,Senior Full Stack Developer - .Net & Angular,Plan A Technologies,,https://planatechnologies.com,Indeed,Full-time,['FULLTIME'],https://in.indeed.com/viewjob?jk=dd8d13f8ceb08181&utm_campaign=google_jobs_apply&utm_source=google_jobs_apply&utm_medium=organic,False
5mWrsULzjIIZ9-dDAAAAAA==,Senior Full Stack Developer - Java/Python/Camunda,InstaaCoders Technologies,https://encrypted-tbn0.gstatic.com/images?q=tbn:ANd9GcREnf0XzyYWBHT5nCDYO7UJj2uN5eSRkIKq4vPd&s=0,https://instaacoders.com,LinkedIn,Full-time,['FULLTIME'],https://in.linkedin.com/jobs/view/senior-full-stack-developer-java-python-camunda-at-instaacoders-technologies-4281955581?utm_campaign=google_jobs_apply&utm_source=google_jobs_apply&utm_medium=organic,False
ACvJGdVdwp_usbX4AAAAAA==,Full Stack Developer (Java),matrix7i,https://encrypted-tbn0.gstatic.com/images?q=tbn:ANd9GcRBaP0iJtR4BKXJFodVieQN50-CRCbaBZGAM9TO&s=0,,Iitjobs,Full-time,['FULLTIME'],https://www.iitjobs.com/job/full-stack-developer-java-nagpur-maharashtra-india-matrix7i-835?utm_campaign=google_jobs_apply&utm_source=google_jobs_apply&utm_medium=organic,False
cAWMxIQEayzXbZLkAAAAAA==,Full Stack Developer,BNP Paribas India Solutions,https://encrypted-tbn0.gstatic.com/images?q=tbn:ANd9GcQE0FsAgi8aqJGmDp9Av9_rGvWa2nxN8TcZdnHm&s=0,http://www.indiasolutions.bnpparibas.co.in/,Groupe BNP Paribas,Full-time,['FULLTIME'],https://group.bnpparibas/en/careers/job-offer/full-stack-developer-6?utm_campaign=google_jobs_apply&utm_source=google_jobs_apply&utm_medium=organic,False
M6o0nP8qHpRGIoVfAAAAAA==,"Middle+/Senior Full Stack Developer (Node.js, React)",Instinctools,https://encrypted-tbn0.gstatic.com/images?q=tbn:ANd9GcSlj4y8yyEGfSvJjqr6ApnHXoFBcUJ-pNNifbES&s=0,http://www.instinctools.com/,Indeed,Full-time,['FULLTIME'],https://in.indeed.com/viewjob?jk=c61656b2564a84eb&utm_campaign=google_jobs_apply&utm_source=google_jobs_apply&utm_medium=organic,False
W6Wz-m19yBznsnM6AAAAAA==,Java Fullstack Developer,Response Informatics,https://encrypted-tbn0.gstatic.com/images?q=tbn:ANd9GcQarFSKVWqyK2VqrWiYJqTsF4ui1lcmDPIaQpdy&s=0,http://www.responseinformaticsltd.com/,Iitjobs,Full-time,['FULLTIME'],https://www.iitjobs.com/job/java-fullstack-developer-delhi-india-response-informatics-16499?utm_campaign=google_jobs_apply&utm_source=google_jobs_apply&utm_medium=organic,False
hfmY4Icb3OetWKryAAAAAA==,Senior Product Manager Technical,Mastercard,https://encrypted-tbn0.gstatic.com/images?q=tbn:ANd9GcTnWxNA5w472wqgBWJbT6wqQd_uHMmklYpnLovn&s=0,https://www.mastercard.com,Mastercard Careers,Full-time,['FULLTIME'],https://careers.mastercard.com/us/en/job/R-253956/Senior-Product-Manager-Technical?utm_campaign=google_jobs_apply&utm_source=google_jobs_apply&utm_medium=organic,False
5PetwBvjAZLK3WKFAAAAAA==,AI Product Manager (Enterprise Systems),Motive,https://encrypted-tbn0.gstatic.com/images?q=tbn:ANd9GcQrjq8nrxzCudjIyVyGkqZv_fgf_zxz7yC_Ec35&s=0,https://gomotive.com,LinkedIn,Full-time,['FULLTIME'],https://in.linkedin.com/jobs/view/ai-product-manager-enterprise-systems-at-motive-4281007530?utm_campaign=google_jobs_apply&utm_source=google_jobs_apply&utm_medium=organic,False
KRqOzNIRY6O6Fk7sAAAAAA==,Sr Staff Technical Product Manager,GE Vernova,,https://www.gevernova.com,GE Vernova Careers,Full-time,['FULLTIME'],https://careers.gevernova.com/global/en/job/GVXGVWGLOBALR5016247EXTERNALENGLOBAL/Sr-Staff-Technical-Product-Manager?utm_campaign=google_jobs_apply&utm_source=google_jobs_apply&utm_medium=organic,False
6nvnsUvBHougaH9gAAAAAA==,Senior Technical Product Manager (With Software Engineering Experience),SciSpace,https://encrypted-tbn0.gstatic.com/images?q=tbn:ANd9GcQIFNe21N50-3PJpFtus0lqeXTozpJLK9xzy6NV&s=0,https://scispace.com,LinkedIn,Full-time,['FULLTIME'],https://in.linkedin.com/jobs/view/senior-technical-product-manager-with-software-engineering-experience-at-scispace-4280095579?utm_campaign=google_jobs_apply&utm_source=google_jobs_apply&utm_medium=organic,False
XW-2i3H54s5Zz6dvAAAAAA==,Senior Product Manager - Technical,Mastercard,https://encrypted-tbn0.gstatic.com/images?q=tbn:ANd9GcTnWxNA5w472wqgBWJbT6wqQd_uHMmklYpnLovn&s=0,https://www.mastercard.com,Mastercard Careers,Full-time,['FULLTIME'],https://careers.mastercard.com/us/en/job/R-250418/Senior-Product-Manager-Technical?utm_campaign=google_jobs_apply&utm_source=google_jobs_apply&utm_medium=organic,False
THV5so2nJ4nI-PkkAAAAAA==,Director - Product Management,Athenahealth,https://encrypted-tbn0.gstatic.com/images?q=tbn:ANd9GcQ3xMVLA2EF6Rd3x0k8QDpFpvqEJyHPt4iDScKp&s=0,https://www.athenahealth.com,Athenahealth Careers,Full-time,['FULLTIME'],https://careers.athenahealth.com/us/en/job/R13211/Director-Product-Management?utm_campaign=google_jobs_apply&utm_source=google_jobs_apply&utm_medium=organic,False
STuX3nA1WxXQeZ0eAAAAAA==,Associate Director | Technical Product Manager | Bengaluru | NAT:Clients,deloitte,,https://www.deloitte.com,Deloitte South Asia Careers,Full-time,['FULLTIME'],https://southasiacareers.deloitte.com/job/Bengaluru-Associate-Director-Technical-Product-Manager-Bengaluru-NATClients/42125944/?utm_campaign=google_jobs_apply&utm_source=google_jobs_apply&utm_medium=organic,False
KGAAAxp5NyfSJbQSAAAAAA==,"Senior Product Manager, Tech Solutions",Crossover,,https://www.crossover.com,Jobaaj,Full-time,['FULLTIME'],https://www.jobaaj.com/job/crossover-senior-product-manager-tech-solutions-hyderabad-5-to-7-years-742814?utm_campaign=google_jobs_apply&utm_source=google_jobs_apply&utm_medium=organic,True
ijYxaHTJOsUHVZxWAAAAAA==,VP - Product Management Lead Analyst (Chennai),Professional,,,Citi Careers,Full-time,['FULLTIME'],https://jobs.citi.com/job/chennai/vp-product-management-lead-analyst-chennai/287/83607594000?utm_campaign=google_jobs_apply&utm_source=google_jobs_apply&utm_medium=organic,False
OB5Ovfw0n1CsYVnXAAAAAA==,Technical Product Manager - with Private Markets Experience,Infinite Possibilities,https://encrypted-tbn0.gstatic.com/images?q=tbn:ANd9GcRavcfcIRgoZTx0kM6BIQVz9Y47iPwhYxAGIgT-&s=0,https://infinitepossinc.org,Recruit.net,Full-time,['FULLTIME'],https://www.recruit.net/job/technical-product-manager-private-markets-jobs/310BCA27227D9479?utm_campaign=google_jobs_apply&utm_source=google_jobs_apply&utm_medium=organic,False
Ybobr2R48AMONdERAAAAAA==,"Sr. Product Manager - Technical, Search [Bengaluru]",Amazon Music,,https://www.amazon.com,ShowbizJobs,Full-time,['FULLTIME'],https://www.showbizjobs.com/jobs/amazon-music-sr-product-manager-technical-search-in-bengaluru/jid-86476k?utm_campaign=google_jobs_apply&utm_source=google_jobs_apply&utm_medium=organic,True
5pL6gKnCtoGBvfYYAAAAAA==,Senior Product Manager,Intuit,https://encrypted-tbn0.gstatic.com/images?q=tbn:ANd9GcTn_Flout7UXwcKW-HyidblhEZLwv5KxQymI_mZ&s=0,https://www.intuit.com,Jobs At Intuit,Full-time,['FULLTIME'],https://jobs.intuit.com/job/bengaluru/senior-product-manager/27595/79339435248?utm_campaign=google_jobs_apply&utm_source=google_jobs_apply&utm_medium=organic,False
gmYBpJQLfI94jjkRAAAAAA==,Mobile Product Manager,Aurigo Software Technologies,https://encrypted-tbn0.gstatic.com/images?q=tbn:ANd9GcQeIHVc_lMDEp2i2okfTYCHd1HzYeuAOZaY4dYS&s=0,https://www.aurigo.com,LinkedIn,Full-time,['FULLTIME'],https://in.linkedin.com/jobs/view/mobile-product-manager-at-aurigo-software-technologies-4280087289?utm_campaign=google_jobs_apply&utm_source=google_jobs_apply&utm_medium=organic,False
NmG6OvTCN1YUUO7CAAAAAA==,Product Manager Technical,Fulcrum Digital,https://encrypted-tbn0.gstatic.com/images?q=tbn:ANd9GcTc_P03oG9eNi_ctRxfJ79Htf9uB1c8nLQ6mT2t&s=0,https://fulcrumdigital.com,GrabJobs,Full-time,['FULLTIME'],https://grabjobs.co/india/job/full-time/others/product-manager-technical-142377951?utm_campaign=google_jobs_apply&utm_source=google_jobs_apply&utm_medium=organic,False
yLZMtFVdOCAt4-gwAAAAAA==,Sourcing Technical Product Manager (SAP Ariba and SAP Ariba SLP),Visa,https://encrypted-tbn0.gstatic.com/images?q=tbn:ANd9GcSBAMFjX5B7yzf3MMwT9FHL8N2xeZbwgMlhYyOA&s=0,https://usa.visa.com,Smart Recruiters Jobs,Full-time,['FULLTIME'],https://jobs.smartrecruiters.com/Visa/744000064444655-sourcing-technical-product-manager-sap-ariba-and-sap-ariba-slp-?utm_campaign=google_jobs_apply&utm_source=google_jobs_apply&utm_medium=organic,False
Uzkaa3iefnPdAxoGAAAAAA==,Technical Product Manager,SabPaisa,https://encrypted-tbn0.gstatic.com/images?q=tbn:ANd9GcRKb8lVcAHFx3-J6UAdXQwWXyOUkwrtNhKb_yg7&s=0,https://sabpaisa.in,LinkedIn,Full-time,['FULLTIME'],https://in.linkedin.com/jobs/view/technical-product-manager-at-sabpaisa-4055752433?utm_campaign=google_jobs_apply&utm_source=google_jobs_apply&utm_medium=organic,False
TfRUXQ5_JvJlD0TMAAAAAA==,Associate Product Manager,Ingram Micro,,https://www.ingrammicro.com,Ingram Micro,Full-time,['FULLTIME'],https://careers.ingrammicro.com/en/jobs/r-107873/associate-product-manager/?utm_campaign=google_jobs_apply&utm_source=google_jobs_apply&utm_medium=organic,False
Jb81vBDnWrll9JOLAAAAAA==,Product Management Instructor,Accredian,,https://accredian.com,WhatJobs,Full-time,['FULLTIME'],https://en-in.whatjobs.com/jobs/product-management?id=166651778&utm_campaign=google_jobs_apply&utm_source=google_jobs_apply&utm_medium=organic,False
6PlFpqGaBP1b2_dpAAAAAA==,Lead Product Manager- Technical,MasterCard,,https://www.mastercard.com,LilyLifestyle Jobs,Full-time,['FULLTIME'],https://jobs.lilylifestyle.co.uk/jobs/lead-product-manager-technical-india/2272434834-2/?utm_campaign=google_jobs_apply&utm_source=google_jobs_apply&utm_medium=organic,False
_lv24KvFvCMkK8RDAAAAAA==,Novac Tech - Product Manager/Senior Product Manager - Unsecured Loan,NOVAC TECHNOLOGY SOLUTIONS PRIVATE LIMITED,https://encrypted-tbn0.gstatic.com/images?q=tbn:ANd9GcSKioCYzT5OTSdj3DJ26ozuszmcaeB7uAnCvHDf&s=0,,IIM Jobs,Full-time,['FULLTIME'],https://www.iimjobs.com/j/novac-tech-product-manager-senior-product-manager-unsecured-loan-1574341?utm_campaign=google_jobs_apply&utm_source=google_jobs_apply&utm_medium=organic,False
5y38ucGHIG8WQvkAAAAAAA==,Technical Product Manager,ComplianceQuest,https://encrypted-tbn0.gstatic.com/images?q=tbn:ANd9GcTK4nrnxqyqq5FiJzagIZi9z7hOSmzfGnRaNwJ3&s=0,http://www.compliancequest.com/,Expertini,Full-time,['FULLTIME'],https://in.expertini.com/jobs/job/technical-product-manager-vizianagaram-compliancequest-1963-37011470/?utm_campaign=google_jobs_apply&utm_source=google_jobs_apply&utm_medium=organic,False
_AOVFMgcVem4_O16AAAAAA==,Sr Manager - Product Management,GE Vernova,,https://www.gevernova.com,GE Vernova Careers,Full-time,['FULLTIME'],https://careers.gevernova.com/global/en/job/GVXGVWGLOBALR5013162EXTERNALENGLOBAL/Sr-Manager-Product-Management?utm_campaign=google_jobs_apply&utm_source=google_jobs_apply&utm_medium=organic,False
P8xjmAEAPcCHX3clAAAAAA==,Tresata Technical Product Manager,Tresata,https://encrypted-tbn0.gstatic.com/images?q=tbn:ANd9GcS_lkLeEkfhIfuDNFEYxUxCfT_1bTTLcJhN8vIk&s=0,http://www.tresata.com/,Glassdoor,Full-time,['FULLTIME'],"https://www.glassdoor.co.in/job-listing/tresata-technical-product-manager-tresata-JV_IC2940587_KO0,33_KE34,41.htm?jl=1009421617310&utm_campaign=google_jobs_apply&utm_source=google_jobs_apply&utm_medium=organic",True
bodwhqtE5hiEhHMkAAAAAA==,Product Manager - Developer Community,Infineon,,https://www.infineon.com/,Jobs At Infineon - Infineon Technologies,Full-time,['FULLTIME'],https://jobs.infineon.com/careers/job/563808959471513-product-manager-developer-community-bangalore-btp-india-?domain=infineon.com&utm_campaign=google_jobs_apply&utm_source=google_jobs_apply&utm_medium=organic,False
lRbWzQvjOZNte4BQAAAAAA==,Specialist Product Management - AI Powered Custom Analytics Solution,Mastercard,https://encrypted-tbn0.gstatic.com/images?q=tbn:ANd9GcTnWxNA5w472wqgBWJbT6wqQd_uHMmklYpnLovn&s=0,https://www.mastercard.com,Mastercard Careers,Full-time,['FULLTIME'],https://careers.mastercard.com/us/en/job/R-257089/Specialist-Product-Management-AI-Powered-Custom-Analytics-Solution?utm_campaign=google_jobs_apply&utm_source=google_jobs_apply&utm_medium=organic,False
qi9d9HANffBmvMq9AAAAAA==,AI & Data Product Manager (5 to 15 yrs),AIMLEAP,,,Recruit.net,Full-time,['FULLTIME'],https://www.recruit.net/job/ai-data-product-manager-to-jobs/5E30398BCE380919?utm_campaign=google_jobs_apply&utm_source=google_jobs_apply&utm_medium=organic,False
5Br-QPIJqoWSIzrHAAAAAA==,Technical Product Manager (UnityOne.ai),UnitedLayer,,http://www.unitedlayer.com/,Shine,Full-time,['FULLTIME'],https://www.shine.com/jobs/technical-product-manager-unityoneai/unitedlayer/17438618?utm_campaign=google_jobs_apply&utm_source=google_jobs_apply&utm_medium=organic,False
J_m-NbAjGxJieI1xAAAAAA==,"Product Manager, Cloud Security",Google India Pvt Ltd,https://encrypted-tbn0.gstatic.com/images?q=tbn:ANd9GcSTPxvYIbJyZyx1gm6ApTKDTHcvT1NUH-4w2z1R&s=0,http://www.google.co.in/,Apna,Full-time,['FULLTIME'],https://apna.co/job/hyderabad/product-manager-google-cloud-security-1799343581?utm_campaign=google_jobs_apply&utm_source=google_jobs_apply&utm_medium=organic,False
HfQmPKfuifOxihhrAAAAAA==,Product Manager (Remote),BigStep Technologies,https://encrypted-tbn0.gstatic.com/images?q=tbn:ANd9GcSdzKv6z8pyWuH_whQ8AyFITRZzRuSqWKy23_qk&s=0,https://bigsteptech.com,LinkedIn,Full-time,['FULLTIME'],https://in.linkedin.com/jobs/view/product-manager-remote-at-bigstep-technologies-4270910496?utm_campaign=google_jobs_apply&utm_source=google_jobs_apply&utm_medium=organic,False
4JonNTFm5Z9FoR5fAAAAAA==,Manager/ Product Management,Capital One,https://encrypted-tbn0.gstatic.com/images?q=tbn:ANd9GcTc_P03oG9eNi_ctRxfJ79Htf9uB1c8nLQ6mT2t&s=0,http://www.capitalone.com/,GrabJobs,Full-time,['FULLTIME'],https://grabjobs.co/india/job/full-time/others/manager-product-management-146265495?utm_campaign=google_jobs_apply&utm_source=google_jobs_apply&utm_medium=organic,False
OiDd7nqz9EekXAc6AAAAAA==,Senior Product Manager / Product Manager II,ITILITE,https://encrypted-tbn0.gstatic.com/images?q=tbn:ANd9GcQZe5vmjCXlZnoeDLnpYa6O3fhSiXd1IBU0JN3T&s=0,,LinkedIn,Full-time,['FULLTIME'],https://in.linkedin.com/jobs/view/senior-product-manager-product-manager-ii-at-itilite-4247308053?utm_campaign=google_jobs_apply&utm_source=google_jobs_apply&utm_medium=organic,False
R6kNK8XrPGRYSZjOAAAAAA==,Staff Technical Project Manager,GE HEALTHCARE,https://encrypted-tbn0.gstatic.com/images?q=tbn:ANd9GcSO6WpYBOJtvWyVYZG30MTCwFUYiIH3--971FG5&s=0,,GE HealthCare,Full-time,['FULLTIME'],https://careers.gehealthcare.com/global/en/job/GEVGHLGLOBALR4027785EXTERNALENGLOBAL/Staff-Technical-Project-Manager?utm_campaign=google_jobs_apply&utm_source=google_jobs_apply&utm_medium=organic,False
mhg7CcH396PdWqGUAAAAAA==,Product Marketing Manager,ADP,https://encrypted-tbn0.gstatic.com/images?q=tbn:ANd9GcSEKMbtTfs9zz1_ToTPZfbtnJFsItA_Ga5nQ_qN&s=0,,ADP Careers,Full-time,['FULLTIME'],https://jobs.adp.com/en/jobs/6012362706182025/product-marketing-manager/?utm_campaign=google_jobs_apply&utm_source=google_jobs_apply&utm_medium=organic,False
ots94quTCB8BEkPPAAAAAA==,Technical Product Owner,Accenture,,https://www.accenture.com,WhatJobs,Full-time,['FULLTIME'],https://en-in.whatjobs.com/jobs/product-manager?id=165665830&utm_campaign=google_jobs_apply&utm_source=google_jobs_apply&utm_medium=organic,False
NLLzUKHJArV8pvFAAAAAAA==,Technical Product Manager – Node.js | React.js | Jira,Wayvida,https://encrypted-tbn0.gstatic.com/images?q=tbn:ANd9GcRWea3O1wXP4d61BIy6jIKvatHQDwwKG3O7Hb_6&s=0,https://wayvida.com,Recruit.net,Full-time,['FULLTIME'],https://www.recruit.net/job/technical-product-manager-node-js-jobs/D7DCF07F25790B78?utm_campaign=google_jobs_apply&utm_source=google_jobs_apply&utm_medium=organic,False
5dtHPgigPFgJAdetAAAAAA==,Principal Product Manager - Technical,Mastercard,,https://www.mastercard.com,Shine,Full-time,['FULLTIME'],https://www.shine.com/jobs/principal-product-manager-technical/mastercard/17373011?utm_campaign=google_jobs_apply&utm_source=google_jobs_apply&utm_medium=organic,False
inRBXx0GsPqQgtcBAAAAAA==,Product Manager based in India,HiredChina,https://encrypted-tbn0.gstatic.com/images?q=tbn:ANd9GcRR2TJ0z32VsErAlZc8OPlO6hZZNbjg_CIw5HlN&s=0,https://www.hiredchina.com,HiredChina,Full-time,['FULLTIME'],https://www.hiredchina.com/jobs/c2f348f4-2492-4426-8f90-7bdb6ca64be1?utm_campaign=google_jobs_apply&utm_source=google_jobs_apply&utm_medium=organic,False
WFkZEztLJdOCZ6MZAAAAAA==,"Manager, Digital Products",Novartis India,https://encrypted-tbn0.gstatic.com/images?q=tbn:ANd9GcSXU6T3v72uo6YwDeg6ZGsBFEerr9woMTzFljhb&s=0,https://www.novartis.com,Shine,Full-time,['FULLTIME'],https://www.shine.com/jobs/manager-digital-products/novartis-india/17421399?utm_campaign=google_jobs_apply&utm_source=google_jobs_apply&utm_medium=organic,False
qMGqpa2slIEygLrQAAAAAA==,Product Manager at 75F APAC,75F,https://encrypted-tbn0.gstatic.com/images?q=tbn:ANd9GcQqbqS6UwxeGAn6pJJKhjLLIkEpcP-kwoq_9ata&s=0,https://www.75f.io,Jobgether,Full-time,['FULLTIME'],https://jobgether.com/offer/6873fcd0d2548476eb9d71ac-product-manager-at-75f-apac?utm_campaign=google_jobs_apply&utm_source=google_jobs_apply&utm_medium=organic,False
S9ZYNjTvsoI8zZrGAAAAAA==,Product Manager - Mobile & Employee Experience,Legion Technologies,https://encrypted-tbn0.gstatic.com/images?q=tbn:ANd9GcQe9cclRU844ExPBsnn-eJLQqEh1Vdndn6vTCw4&s=0,https://legion.co,Built In,Full-time,['FULLTIME'],https://builtin.com/job/product-manager-mobile-employee-experience/6415340?utm_campaign=google_jobs_apply&utm_source=google_jobs_apply&utm_medium=organic,False
Ppm9GA38jD4bMBJwAAAAAA==,Associate Technical Product Manager (5+ Years Experienced Immediate Joiners),Leader Investment Group - LIG,,,Shine,Full-time,['FULLTIME'],https://www.shine.com/jobs/associate-technical-product-manager-5-years-experienced-immediate-joiners/leader-investment-group-lig/17338738?utm_campaign=google_jobs_apply&utm_source=google_jobs_apply&utm_medium=organic,False
ZIeS6t30eOFBwVALAAAAAA==,"Sr. Spclst , Technical Product Management",EyeBio,https://encrypted-tbn0.gstatic.com/images?q=tbn:ANd9GcTCyqEGdNVlCL66xeiT7L8mGeDmFpSDHPbT6STo&s=0,,Job Board - Vertex Ventures HC,Full-time,['FULLTIME'],https://jobs.vertexventureshc.com/companies/eyebio/jobs/52810333-sr-spclst-technical-product-management?utm_campaign=google_jobs_apply&utm_source=google_jobs_apply&utm_medium=organic,False
VcRvJkisI1sWqXaEAAAAAA==,Lead Product Manager,Zenoti,https://encrypted-tbn0.gstatic.com/images?q=tbn:ANd9GcS9uaQifIOduLMtf0DD4heQAasmHOS1Vpgy0cN9&s=0,https://www.zenoti.com,The Org,Full-time,['FULLTIME'],https://theorg.com/org/zenoti/jobs/lead-product-manager-1295ce0?utm_campaign=google_jobs_apply&utm_source=google_jobs_apply&utm_medium=organic,False
EW_5qQpnec3cX1NIAAAAAA==,Group Senior Product Manager,DP World,https://encrypted-tbn0.gstatic.com/images?q=tbn:ANd9GcToiwX--hLU0OLOd9AMz7aMnHMOtP1iGpecqH_D&s=0,http://www.dpworld.com/,Oracle,Full-time,['FULLTIME'],https://ehpv.fa.em2.oraclecloud.com/hcmUI/CandidateExperience/en/sites/CX_1/job/8722?utm_campaign=google_jobs_apply&utm_source=google_jobs_apply&utm_medium=organic,False
vA3wCbHmTJJ0NM_uAAAAAA==,Technical Product Manager – Node.js | React.js | Jira,Wayvida,https://encrypted-tbn0.gstatic.com/images?q=tbn:ANd9GcRWea3O1wXP4d61BIy6jIKvatHQDwwKG3O7Hb_6&s=0,https://wayvida.com,Recruit.net,Full-time,['FULLTIME'],https://www.recruit.net/job/technical-product-manager-node-js-jobs/6B60ED636A0776B7?utm_campaign=google_jobs_apply&utm_source=google_jobs_apply&utm_medium=organic,False
qrPl07AbPL7R2kbbAAAAAA==,"Product Manager - Medical Imaging ( Connect Across Time Zones, Work From Your Comfort Zone)",RamSoft,https://encrypted-tbn0.gstatic.com/images?q=tbn:ANd9GcS4nILpBAoRAZuOBlmONT6chtHaUMCHoq0KJBqR&s=0,https://www.ramsoft.com,Work In Tech - Communitech,Full-time,['FULLTIME'],https://www1.communitech.ca/companies/ramsoft/jobs/55795165-product-manager-medical-imaging-connect-across-time-zones-work-from-your-comfort-zone?utm_campaign=google_jobs_apply&utm_source=google_jobs_apply&utm_medium=organic,False
yjYCgjkq1d3yzn7OAAAAAA==,Product Manager  Demand Forecasting Tool,Nihilent,https://encrypted-tbn0.gstatic.com/images?q=tbn:ANd9GcRsxI7lusmmUV2pTU5Mf9yuxivWQy6v9NJirUNM&s=0,http://www.nihilent.com/,LinkedIn,Full-time,['FULLTIME'],https://in.linkedin.com/jobs/view/product-manager-demand-forecasting-tool-at-nihilent-4266056700?utm_campaign=google_jobs_apply&utm_source=google_jobs_apply&utm_medium=organic,False
SiO3Q0A1sx2NpgHAAAAAAA==,Senior Product Manager,Datacultr,https://encrypted-tbn0.gstatic.com/images?q=tbn:ANd9GcRufduZWCQ86uhMa9Bkm6OvkiKqMlOkmphB61_v&s=0,https://datacultr.com,LinkedIn,Full-time,['FULLTIME'],https://in.linkedin.com/jobs/view/senior-product-manager-at-datacultr-4259164421?utm_campaign=google_jobs_apply&utm_source=google_jobs_apply&utm_medium=organic,False
9vjkIOlCNH1pbh1dAAAAAA==,"Product Manager, Research",JoVE,,,Shine,Full-time,['FULLTIME'],https://www.shine.com/jobs/product-manager-research/jove/17443315?utm_campaign=google_jobs_apply&utm_source=google_jobs_apply&utm_medium=organic,False
MZePQ9A5obAXBsMEAAAAAA==,"Product Manager, Amazon MX Player",Amazon,https://encrypted-tbn0.gstatic.com/images?q=tbn:ANd9GcQTifI4qApXZgV_Uz8tSiGZXIaES6fcOxT554DO&s=0,https://www.amazon.com/,LinkedIn,Full-time,['FULLTIME'],https://in.linkedin.com/jobs/view/product-manager-amazon-mx-player-at-amazon-4178614114?refId=siXAoMjjPfNVfGc1WedQPA%3D%3D&trackingId=cwhn1s4fTssAyvWPF/n2gw%3D%3D&utm_campaign=google_jobs_apply&utm_source=google_jobs_apply&utm_medium=organic,False
-I2GwLy_MkHyP2gFAAAAAA==,Data Analyst - SQL,Barclays,https://encrypted-tbn0.gstatic.com/images?q=tbn:ANd9GcQGynjTIX-u7dO0i7gRSZgnEQlZXKEuAV1gahHi&s=0,,Barclays Careers,Full-time,['FULLTIME'],https://search.jobs.barclays/job/pune/data-analyst-sql/13015/84679192224?utm_campaign=google_jobs_apply&utm_source=google_jobs_apply&utm_medium=organic,False
wM83h65xLB83SXf1AAAAAA==,Sr Data Analytics & Full stack Engineer,Intuitive Surgical,https://encrypted-tbn0.gstatic.com/images?q=tbn:ANd9GcRMEnQfc5v8O_TIGnAOVJ-e_I3n5nc-F6ZQNqmp&s=0,https://www.intuitive.com,Careers At Intuitive - Intuitive Surgical,Full-time,['FULLTIME'],https://careers.intuitive.com/en/jobs/744000074585795/JOB206156/sr-data-analytics-full-stack-engineer/?utm_campaign=google_jobs_apply&utm_source=google_jobs_apply&utm_medium=organic,False
G693j-nMfczKDlfdAAAAAA==,Data Analyst,Equifax,,https://www.equifax.com,Equifax Careers,Full-time,['FULLTIME'],https://careers.equifax.com/fr/trouver-un-emploi/j00168674/data-analyst/?utm_campaign=google_jobs_apply&utm_source=google_jobs_apply&utm_medium=organic,False
2crhv5GcjKHN3V-WAAAAAA==,"Quantitative Analyst, Media Data Service",Morningstar,,https://www.morningstar.com,Morningstar Jobs,Full-time,['FULLTIME'],https://careers.morningstar.com/us/en/job/REQ-052084/Quantitative-Analyst-Media-Data-Service?utm_campaign=google_jobs_apply&utm_source=google_jobs_apply&utm_medium=organic,False
ei2QREtnaMI_lKfRAAAAAA==,Associate Product Manager ( Data Analyst; 3 - 6 years exp),Danaher,https://encrypted-tbn0.gstatic.com/images?q=tbn:ANd9GcTH2ZfZjk1P_2govGe6tVHzZrAOU18jdfEMNw8a&s=0,https://www.danaher.com,Danaher Careers - Danaher Corporation,Full-time,['FULLTIME'],https://jobs.danaher.com/global/en/job/R1291979/Associate-Product-Manager-Data-Analyst;-3-6-years-exp?utm_campaign=google_jobs_apply&utm_source=google_jobs_apply&utm_medium=organic,False
cM4Pyg_0m762npZRAAAAAA==,Sr Data Analyst – BI & Reporting,GE Vernova,,https://www.gevernova.com,GE Vernova Careers,Full-time,['FULLTIME'],https://careers.gevernova.com/global/en/job/GVXGVWGLOBALR5008439EXTERNALENGLOBAL/Sr-Data-Analyst-BI-Reporting?utm_campaign=google_jobs_apply&utm_source=google_jobs_apply&utm_medium=organic,False
t7I-wzAyIzonmAQuAAAAAA==,DATA ANALYST - MEDICAL AFFAIRS,Lilly,https://encrypted-tbn0.gstatic.com/images?q=tbn:ANd9GcSqNjNWrb2Mj7S1umJqngcKOMf0_iuUO5gYCRW-&s=0,https://www.lilly.com,Eli Lilly Careers,Full-time,['FULLTIME'],https://careers.lilly.com/br/pt/job/R-88174/DATA-ANALYST-MEDICAL-AFFAIRS?utm_campaign=google_jobs_apply&utm_source=google_jobs_apply&utm_medium=organic,False
5eHqcB3gTdKocsvRAAAAAA==,Enterprise Data Operations Analyst,PepsiCo,,https://www.pepsico.com,PepsiCo Careers,Full-time,['FULLTIME'],https://www.pepsicojobs.com/india/jobs/388341?utm_campaign=google_jobs_apply&utm_source=google_jobs_apply&utm_medium=organic,True
Lklb3vzg2ZoZIB3nAAAAAA==,Data Analyst,Thoucentric,https://encrypted-tbn0.gstatic.com/images?q=tbn:ANd9GcRaG00LUw3z4Fhxb0E3YkC12TUgVxvvz7rwpLrr&s=0,https://thoucentric.com,LinkedIn,Full-time,['FULLTIME'],https://in.linkedin.com/jobs/view/data-analyst-at-thoucentric-4266061215?utm_campaign=google_jobs_apply&utm_source=google_jobs_apply&utm_medium=organic,False
uNz-my0I_zUw9brIAAAAAA==,Business Intelligence Analyst / Data Engineer,Valtech India,,https://careers.india.valtech.com,Valtech India,Full-time,['FULLTIME'],https://careers.india.valtech.com/jobs/4957509-business-intelligence-analyst-data-engineer?utm_campaign=google_jobs_apply&utm_source=google_jobs_apply&utm_medium=organic,False
Z3FnHm_tldpuB6u4AAAAAA==,AVP Business Analyst (Data Analyst),Barclays,https://encrypted-tbn0.gstatic.com/images?q=tbn:ANd9GcQGynjTIX-u7dO0i7gRSZgnEQlZXKEuAV1gahHi&s=0,,Barclays Careers,Full-time,['FULLTIME'],https://search.jobs.barclays/job/pune/avp-business-analyst-data-analyst/13015/82040007312?utm_campaign=google_jobs_apply&utm_source=google_jobs_apply&utm_medium=organic,False
JVLHn6uHKzA-8EH9AAAAAA==,"Database Analyst -  SDP, Cobol",BNP Paribas India Solutions,https://encrypted-tbn0.gstatic.com/images?q=tbn:ANd9GcQE0FsAgi8aqJGmDp9Av9_rGvWa2nxN8TcZdnHm&s=0,,Groupe BNP Paribas,Full-time,['FULLTIME'],https://group.bnpparibas/en/careers/job-offer/database-analyst-sdp-cobol?utm_campaign=google_jobs_apply&utm_source=google_jobs_apply&utm_medium=organic,False
FH3heeQUQ2aSGh9NAAAAAA==,Senior Business Analyst – Data Warehousing & BI,EPAM Systems,,,EPAM,Full-time,['FULLTIME'],https://www.epam.com/careers/job-listings/job.epamgdo_blt8b3b8fe4416f84b8_en-us_Bangalore_India.senior-business-analyst-data-warehousing-bi_bangalore_india?utm_campaign=google_jobs_apply&utm_source=google_jobs_apply&utm_medium=organic,False
CzuBViOCv9xpMa1LAAAAAA==,System Analyst / Data Analyst,CAPCO,https://encrypted-tbn0.gstatic.com/images?q=tbn:ANd9GcS41qvqvqG-OXIcp1pedDyNHl7k6-CUqYYOkBVT&s=0,,Glassdoor,Full-time,['FULLTIME'],"https://www.glassdoor.co.in/job-listing/system-analyst-data-analyst-capco-JV_IC2856202_KO0,27_KE28,33.htm?jl=1009835095886&utm_campaign=google_jobs_apply&utm_source=google_jobs_apply&utm_medium=organic",False
LJQo1DttjPYHVrKFAAAAAA==,"Data Scientist III, Analytics",Expedia Group,https://encrypted-tbn0.gstatic.com/images?q=tbn:ANd9GcS0l23ycJEA4EvuePqOmQ0UsEsIQb3LMhK1waJo&s=0,https://expediagroup.com,Expedia Group,Full-time,['FULLTIME'],"https://careers.expediagroup.com/jobs/job/?Data+Scientist+III,+Analytics-Bangalore-Bangalore-j-R-93875&utm_campaign=google_jobs_apply&utm_source=google_jobs_apply&utm_medium=organic",False
u6nC1-40tSoDQV5gAAAAAA==,"Executive / Senior Executive, Data Analyst – Chennai, India",Emirates Shipping Line,,https://www.emiratesline.com,Emirates Shipping Line,Full-time,['FULLTIME'],https://www.emiratesline.com/jobs/executive-senior-executive-data-analyst-chennai-india/?utm_campaign=google_jobs_apply&utm_source=google_jobs_apply&utm_medium=organic,False
Jn6VdTB3O9gjgy1KAAAAAA==,"Data Analyst, AdTech/Omnichannel (Remote, India)",PulsePoint,https://encrypted-tbn0.gstatic.com/images?q=tbn:ANd9GcSMGPLK6K6JYh1W7H1qcFKdXuhbCBOo8u560I09&s=0,https://www.pulsepoint.com,Indeed,Full-time,['FULLTIME'],https://in.indeed.com/viewjob?jk=a3335d1cd690a517&utm_campaign=google_jobs_apply&utm_source=google_jobs_apply&utm_medium=organic,False
S-Wx1WYNzky0vFGzAAAAAA==,Data Analyst,V B Technologies,https://encrypted-tbn0.gstatic.com/images?q=tbn:ANd9GcQzYgniMZflStjIYdW-6B4-aUiujPFRyIuWMZMr&s=0,https://vbtechnologies.net,Iitjobs,Full-time,['FULLTIME'],https://www.iitjobs.com/job/data-analyst-bhopal-madhya-pradesh-india-v-b-technologies-20608?utm_campaign=google_jobs_apply&utm_source=google_jobs_apply&utm_medium=organic,False
pEUvJMCNbK0eehYeAAAAAA==,Data Analyst - P&G India,Procter & Gamble,https://encrypted-tbn0.gstatic.com/images?q=tbn:ANd9GcQC76Idigr5JgD_IHqe96bPwQKWN9zT3HqqpGNw&s=0,,Jobaaj,Full-time,['FULLTIME'],https://www.jobaaj.com/job/procter-gamble-data-analyst-p-g-india-mumbai-metropolitan-region-3-to-5-years-664550?utm_campaign=google_jobs_apply&utm_source=google_jobs_apply&utm_medium=organic,True
xdj9JP5FGBPVlRGCAAAAAA==,Verisk - Data Analyst II - R/Python,Verisk Analytics India Private Limited,https://encrypted-tbn0.gstatic.com/images?q=tbn:ANd9GcQg2Nz58bHgSXKvxra3YB1IOEYMjYHy_QQoMKWf&s=0,,Hirist,Full-time,['FULLTIME'],https://www.hirist.tech/j/verisk-data-analyst-ii-r-python-1493325?utm_campaign=google_jobs_apply&utm_source=google_jobs_apply&utm_medium=organic,False
Kjxi-bGmAS03r8b4AAAAAA==,Data Analyst (Advanced Excel and VBA),Cognizant,,https://www.cognizant.com,Shine,Full-time,['FULLTIME'],https://www.shine.com/jobs/data-analyst-advanced-excel-and-vba/cognizant/17342488?utm_campaign=google_jobs_apply&utm_source=google_jobs_apply&utm_medium=organic,False
F4cAJdIZJcxOWR3CAAAAAA==,Associate Lead Data Analyst,AtkinsRéalis,https://encrypted-tbn0.gstatic.com/images?q=tbn:ANd9GcS7v67gJCjfOjhKfp1jHIE0Las1sAwijrHfRE2Q&s=0,https://www.atkinsrealis.com,Careers At AtkinsRéalis,Full-time,['FULLTIME'],https://careers.atkinsrealis.com/job/associate-lead-data-analyst-in-bangalore-jid-45885?utm_campaign=google_jobs_apply&utm_source=google_jobs_apply&utm_medium=organic,False
UZULp9wtft1K5pA5AAAAAA==,Manager-Data Analytics,American Express,https://encrypted-tbn0.gstatic.com/images?q=tbn:ANd9GcSDMhA8zUOTNMesqMwGvuOT5jj7CeFvsoPatMP8&s=0,https://www.americanexpress.com,Eightfold - Eightfold AI,Full-time,['FULLTIME'],https://aexp.eightfold.ai/careers/job/30356305-manager-data-analytics-gurugram-haryana-india?domain=aexp.com&utm_campaign=google_jobs_apply&utm_source=google_jobs_apply&utm_medium=organic,False
ZoDeBTqQy_x3GuaTAAAAAA==,ESG Data Analyst: ESG Newsroom,ISS Sustainability Solutions,https://encrypted-tbn0.gstatic.com/images?q=tbn:ANd9GcQahEqcbrcqqlBB9ecEN3agdrlpuOlVWXWONEL_&s=0,,LinkedIn,Full-time,['FULLTIME'],https://in.linkedin.com/jobs/view/esg-data-analyst-esg-newsroom-at-iss-sustainability-solutions-4279597229?utm_campaign=google_jobs_apply&utm_source=google_jobs_apply&utm_medium=organic,False
57Cb4LTuGHEWfuhZAAAAAA==,Manager || Data Analytics || Mumbai,Michael Page,https://encrypted-tbn0.gstatic.com/images?q=tbn:ANd9GcR-jSlVLZwmldFtLhfQuVk1g2b8GO7NBj_-AWeb&s=0,https://www.michaelpage.com,Michael Page,Full-time,['FULLTIME'],https://www.michaelpage.co.in/job-detail/manager-data-analytics-mumbai/ref/jn-022025-6665791?utm_campaign=google_jobs_apply&utm_source=google_jobs_apply&utm_medium=organic,False
g7WWiG6uBY5bUmoLAAAAAA==,"Data Scientist, VP",NatWest Digital X,https://encrypted-tbn0.gstatic.com/images?q=tbn:ANd9GcTu6lhEsxQT1UOE-2wyjArdjztL1XAiD4j-IMNO&s=0,https://jobs.natwestgroup.com,NatWest Group Careers,Full-time,['FULLTIME'],https://jobs.natwestgroup.com/jobs/16388198-data-scientist-vp?utm_campaign=google_jobs_apply&utm_source=google_jobs_apply&utm_medium=organic,False
zFuvGhMoSPhUvQZXAAAAAA==,Senior Analyst - Information Technology,United Airlines,https://encrypted-tbn0.gstatic.com/images?q=tbn:ANd9GcS6DMswunk7F25_BeXSf2w8JVHG65s4lc7v5wfG&s=0,https://www.united.com,United Airlines Jobs,Full-time,['FULLTIME'],https://careers.united.com/us/en/job/GGN00002156/Senior-Analyst-Information-Technology?utm_campaign=google_jobs_apply&utm_source=google_jobs_apply&utm_medium=organic,False
yYH-ZDlz2a3ozmYgAAAAAA==,"Data Analyst – SAP HANA, Snowflake",Cube Hub Inc.,https://encrypted-tbn0.gstatic.com/images?q=tbn:ANd9GcRWea3O1wXP4d61BIy6jIKvatHQDwwKG3O7Hb_6&s=0,https://cube-hub.com,Recruit.net,Full-time,['FULLTIME'],https://www.recruit.net/job/data-analyst-sap-hana-snowflake-jobs/5725BA0FA5E64311?utm_campaign=google_jobs_apply&utm_source=google_jobs_apply&utm_medium=organic,False
PbE618SSbHgPTVAKAAAAAA==,"Analyst, Geo Analytics, India - X Delivery",Boston Consulting Group,https://encrypted-tbn0.gstatic.com/images?q=tbn:ANd9GcQxMy3OJRSwXcqB_s6dIHtI8zYYudxFVfaOcfGQ&s=0,,BCG Careers - Boston Consulting Group,Full-time,['FULLTIME'],https://careers.bcg.com/global/en/job/54231/Analyst-Geo-Analytics-India-X-Delivery?utm_campaign=google_jobs_apply&utm_source=google_jobs_apply&utm_medium=organic,False
IU8u3yrN4kgghe9nAAAAAA==,Analyst- Digital Analytics,Novartis India,https://encrypted-tbn0.gstatic.com/images?q=tbn:ANd9GcSXU6T3v72uo6YwDeg6ZGsBFEerr9woMTzFljhb&s=0,https://www.novartis.com,Shine,Full-time,['FULLTIME'],https://www.shine.com/jobs/analyst-digital-analytics/novartis-india/17399382?utm_campaign=google_jobs_apply&utm_source=google_jobs_apply&utm_medium=organic,False
qr--daIgBRDUITRcAAAAAA==,Data Analytics Apprenticeship,Google India,https://encrypted-tbn0.gstatic.com/images?q=tbn:ANd9GcS1AZMOXKmztw4L3sOZL_lUcoyTclgsuX3KjtzB&s=0,https://startup.google.com,Prosple India,,[],https://in.prosple.com/graduate-employers/google-india/jobs-internships/data-analytics-apprenticeship?utm_campaign=google_jobs_apply&utm_source=google_jobs_apply&utm_medium=organic,False
W_g0E3unnWDiN_AzAAAAAA==,Data Analyst,Tag,https://encrypted-tbn0.gstatic.com/images?q=tbn:ANd9GcQZTn2IZkWKtM0GNBVs7nBsvEUR6hzWR4efo5aP&s=0,https://www.tagltd.com,Expertini,Full-time,['FULLTIME'],https://in.expertini.com/jobs/job/data-analyst-dombivli-tag-1963-35933222/?utm_campaign=google_jobs_apply&utm_source=google_jobs_apply&utm_medium=organic,False
1lIIglxOOAsT1u2vAAAAAA==,Data Scientist,Barclays,https://encrypted-tbn0.gstatic.com/images?q=tbn:ANd9GcQGynjTIX-u7dO0i7gRSZgnEQlZXKEuAV1gahHi&s=0,https://www.barclays.com/,Barclays Careers,Full-time,['FULLTIME'],https://search.jobs.barclays/job/pune/data-scientist/13015/82392172944?utm_campaign=google_jobs_apply&utm_source=google_jobs_apply&utm_medium=organic,False
5LeiPOFrSWe6uyvOAAAAAA==,Data Analyst - Implementation (capital Market)- B2b Saas Fintech,Landytech,https://encrypted-tbn0.gstatic.com/images?q=tbn:ANd9GcSH-bCPEnSaYw2FGx6WZ4DJL_YY8KHMpVBVU7nX&s=0,http://www.landytech.com/,The Org,Full-time,['FULLTIME'],https://theorg.com/org/landytech/jobs/data-analyst-implementati-e60ca4a6?utm_campaign=google_jobs_apply&utm_source=google_jobs_apply&utm_medium=organic,False
r0f93vdwe5FdKioiAAAAAA==,Lead Data Analyst - Google,Srijan: Now Material,https://encrypted-tbn0.gstatic.com/images?q=tbn:ANd9GcSgvAJachmCQJIJXrLi5zA_zLsxwb0_exuevMRG&s=0,,LinkedIn,Full-time,['FULLTIME'],https://in.linkedin.com/jobs/view/lead-data-analyst-google-at-srijan-now-material-4219024217?utm_campaign=google_jobs_apply&utm_source=google_jobs_apply&utm_medium=organic,False
mSDr4ewtDp2cqG3gAAAAAA==,Technical Data Analyst,Clearwater Analytics,https://encrypted-tbn0.gstatic.com/images?q=tbn:ANd9GcR55NJZoamAb4bB93xaVp49CYpLzRBEvHH3W50M&s=0,http://www.clearwater-analytics.com/,Glassdoor,Full-time,['FULLTIME'],"https://www.glassdoor.co.in/job-listing/technical-data-analyst-clearwater-analytics-JV_IC4477468_KO0,22_KE23,43.htm?jl=1009837595482&utm_campaign=google_jobs_apply&utm_source=google_jobs_apply&utm_medium=organic",False
eCpujEKQFrH8_Sl4AAAAAA==,Room to Read - Lead - Data Analyst & Evaluator,Room to Read India Trust,,https://www.roomtoread.org,IIM Jobs,Full-time,['FULLTIME'],https://www.iimjobs.com/j/room-to-read-lead-data-analyst-and-evaluator-1575636?ref=kp_p&jobPos=38&utm_campaign=google_jobs_apply&utm_source=google_jobs_apply&utm_medium=organic,False
8JBj23VAIVLGKn9mAAAAAA==,Senior Data Analyst,Stealth Startup,https://encrypted-tbn0.gstatic.com/images?q=tbn:ANd9GcRGp5x7rY3bbGCJUYoYUsJJ5CYe9CwUGP_vfFd_&s=0,https://stealth-startups.com,Expertini,Full-time,['FULLTIME'],https://in.expertini.com/jobs/job/senior-data-analyst-junagadh-stealth-startup-1963-36743078/amp/?utm_campaign=google_jobs_apply&utm_source=google_jobs_apply&utm_medium=organic,False
z2jt7Ai7JxpFGQUFAAAAAA==,"Analyst, Data Sourcing – Metadata (L08)",Synchrony Financial,https://encrypted-tbn0.gstatic.com/images?q=tbn:ANd9GcTqDo1wucuF967oPks4ZPaEH2gPI_mEQDH0MsLO&s=0,http://www.synchrony.com/,Synchrony Careers,Full-time,['FULLTIME'],https://www.synchronycareers.com/job-detail/22249338/analyst-data-sourcing-metadata-l08-remote/?utm_campaign=google_jobs_apply&utm_source=google_jobs_apply&utm_medium=organic,False
FXzU5fmBrRvt9uk0AAAAAA==,Business Consultant - Data Analyst - Sales,Blue Yonder,,http://www.jda.com/,Jobaaj,Full-time,['FULLTIME'],https://www.jobaaj.com/job/business-consultant-data-analyst-sales-bengaluru-karnataka-india-3-to-5-years-366190?utm_campaign=google_jobs_apply&utm_source=google_jobs_apply&utm_medium=organic,True
t4wJ9VTnDWE0zAykAAAAAA==,SAP Data Analyst,Sonny's Enterprises Inc. - Conveyorized Car Wash Equipment Leader,https://encrypted-tbn0.gstatic.com/images?q=tbn:ANd9GcSGYcU9gQas0EW3KcOKQif_3UK85yG0fv__eBid&s=0,,LinkedIn,Full-time,['FULLTIME'],https://in.linkedin.com/jobs/view/sap-data-analyst-at-sonny-s-enterprises-inc-conveyorized-car-wash-equipment-leader-4272424098?utm_campaign=google_jobs_apply&utm_source=google_jobs_apply&utm_medium=organic,False
2M7JqmpeYNBxiJ_wAAAAAA==,Data Analyst in C#/.NET and SQL,Institutional Shareholder Services,https://encrypted-tbn0.gstatic.com/images?q=tbn:ANd9GcTJhf_APHXenPIBp8jHp7TXWKyQ12Cz5l04PGAu&s=0,,Glassdoor,Full-time,['FULLTIME'],"https://www.glassdoor.co.in/job-listing/data-analyst-in-c-net-and-sql-institutional-shareholder-services-JV_IC2851180_KO0,29_KE30,64.htm?jl=1009686529381&utm_campaign=google_jobs_apply&utm_source=google_jobs_apply&utm_medium=organic",False
VEZ8MajlA31YH_4rAAAAAA==,Revenue Data Analyst,Yonder Talent India,,,WhatJobs,Full-time and Contractor,"['FULLTIME', 'CONTRACTOR', 'CONTRACTOR']",https://en-in.whatjobs.com/jobs/data-analyst?id=164997692&utm_campaign=google_jobs_apply&utm_source=google_jobs_apply&utm_medium=organic,False
-znxxfDjOsXVdNBDAAAAAA==,Associate Clinical Data Analyst,Labcorp India,https://encrypted-tbn0.gstatic.com/images?q=tbn:ANd9GcSdYpPETRdjv2nci3uDTrF5mILEmVYAiAaxi0w5&s=0,,Prosple India,Full-time,['FULLTIME'],https://in.prosple.com/graduate-employers/labcorp/jobs-internships/associate-clinical-data-analyst?utm_campaign=google_jobs_apply&utm_source=google_jobs_apply&utm_medium=organic,False
-hVCuZ6Gm4umn9-pAAAAAA==,Sr Data Analyst,Target India,,https://india.target.com,Target Corporation,Full-time,['FULLTIME'],https://corporate.target.com/jobs/w11/61/sr-data-analyst?utm_campaign=google_jobs_apply&utm_source=google_jobs_apply&utm_medium=organic,False
3junueg5WhrdHnxzAAAAAA==,Analytics & Insight Analyst,Airbnb,https://encrypted-tbn0.gstatic.com/images?q=tbn:ANd9GcTXzKU3pVWmr9pXCudGXY0UZtE4dMuuzEnhGTOF&s=0,https://news.airbnb.com,JobzMall,Full-time,['FULLTIME'],https://www.jobzmall.com/airbnb/job/analytics-insight-analyst-1?utm_campaign=google_jobs_apply&utm_source=google_jobs_apply&utm_medium=organic,True
rG3WgeAQFky5dByVAAAAAA==,Lead Data Analyst,Randstad,https://encrypted-tbn0.gstatic.com/images?q=tbn:ANd9GcQnGi2f4uoxgnabfk515UOSB5L5BbLT5Hq0qaii&s=0,https://www.randstad.com,Randstad India,,[],https://www.randstad.in/jobs/lead-data-analyst_chennai_3bf8679d-5747-4024-8972-bbf472ac8df7/?utm_campaign=google_jobs_apply&utm_source=google_jobs_apply&utm_medium=organic,True
QGp3yG3tFzzQ4EYTAAAAAA==,Revenue Data Analyst,Confidential,https://encrypted-tbn0.gstatic.com/images?q=tbn:ANd9GcRqZ3a1TDlXbfIT-vxhGnZBkY_UU1NNuo4zbvej&s=0,https://confidential.careers,Expertini,Full-time,['FULLTIME'],https://in.expertini.com/jobs/job/revenue-data-analyst-secunderabad-confidential-1963-37459263/?utm_campaign=google_jobs_apply&utm_source=google_jobs_apply&utm_medium=organic,False
XS5QcsOfjqfjhXlRAAAAAA==,IMI Process Automation - Business Data Analyst - Power BI,IMI Process Automation,https://encrypted-tbn0.gstatic.com/images?q=tbn:ANd9GcSzK4Piygj_Mt2AX46EzJIwSaqqUJkmbideJont&s=0,,LinkedIn,Full-time,['FULLTIME'],https://in.linkedin.com/jobs/view/imi-process-automation-business-data-analyst-power-bi-at-imi-process-automation-4275513646?utm_campaign=google_jobs_apply&utm_source=google_jobs_apply&utm_medium=organic,False
ZY_iAQqxlaD_R8OkAAAAAA==,Data Analyst - Associate PMA,TechnoServe Inc.,https://encrypted-tbn0.gstatic.com/images?q=tbn:ANd9GcSmjnAFMqP8rVizYczjoboEWbTxBWqVHvxIvTKx&s=0,https://www.technoserve.org,Glassdoor,Full-time,['FULLTIME'],"https://www.glassdoor.co.in/job-listing/data-analyst-associate-pma-technoserve-inc-JV_IC2852681_KO0,26_KE27,42.htm?jl=1009799567985&utm_campaign=google_jobs_apply&utm_source=google_jobs_apply&utm_medium=organic",False
-9F2hYU6M8W2yphHAAAAAA==,QA Engineer L2 – (Automation Tester) ( Contract ),Haptik,https://encrypted-tbn0.gstatic.com/images?q=tbn:ANd9GcTlYgHpV3vJwXMc91MCug9yv36mCoZ2fIIRofgl&s=0,https://www.haptik.ai,Glassdoor,Contractor,"['CONTRACTOR', 'CONTRACTOR']","https://www.glassdoor.com/job-listing/qa-engineer-l2-%E2%80%93-automation-tester-contract-haptik-JV_IC2851180_KO0,43_KE44,50.htm?jl=1009840790339&utm_campaign=google_jobs_apply&utm_source=google_jobs_apply&utm_medium=organic",False
w_7eHEdHCqIYAYX8AAAAAA==,Functional QA Engineer - Wealth Management,EmbarkGCC,https://encrypted-tbn0.gstatic.com/images?q=tbn:ANd9GcS3jNcmr8O-xL16eub5qlUuaqzoVoHXjzf7bBBg&s=0,,LinkedIn,Full-time,['FULLTIME'],https://in.linkedin.com/jobs/view/functional-qa-engineer-wealth-management-at-embarkgcc-4281029489?utm_campaign=google_jobs_apply&utm_source=google_jobs_apply&utm_medium=organic,False
W6oJ8pNMHDwwO3GJAAAAAA==,Entry Level Software QA Test Engineer,"Medpace, Inc.",,http://www.medpace.com/,Medpace Careers,Full-time,['FULLTIME'],https://careers.medpace.com/jobs/10754?lang=en-us&utm_campaign=google_jobs_apply&utm_source=google_jobs_apply&utm_medium=organic,True
t5BRDzZiafQ5wCceAAAAAA==,Lead QA Engineer,Cloud Software Group,https://encrypted-tbn0.gstatic.com/images?q=tbn:ANd9GcSkhEDcI9q-lKVSNt0YY3zjjyMoePj_1CsDYJ-U&s=0,https://www.cloud.com,Cloud Software Group Career,Full-time,['FULLTIME'],https://careers.cloud.com/jobs/lead-qa-engineer-pune-maharashtra-india-4a0d751b-0989-4854-9616-18ef58d8490c?utm_campaign=google_jobs_apply&utm_source=google_jobs_apply&utm_medium=organic,False
9FpqRx3YvqpueKtHAAAAAA==,QA Automation Engineer - Staff,Synopsys,,http://www.synopsys.com/,Synopsys Careers,Full-time,['FULLTIME'],https://careers.synopsys.com/job/bengaluru/qa-automation-engineer-staff/44408/76799037200?utm_campaign=google_jobs_apply&utm_source=google_jobs_apply&utm_medium=organic,False
5fXfAZ-hV60DPhlAAAAAAA==,Senior QA Engineer (Automation),Procore,https://encrypted-tbn0.gstatic.com/images?q=tbn:ANd9GcQG8vgAv22KCH6sTY7MgaEt8QIwrfivx5AlOEeq&s=0,http://www.procore.com/,Procore Technologies,Full-time,['FULLTIME'],https://careers.procore.com/jobs/senior-qa-engineer-automation-pune-mh-india?utm_campaign=google_jobs_apply&utm_source=google_jobs_apply&utm_medium=organic,False
sd-7bU0TTKskCBLKAAAAAA==,Lead Engineer (QA),Alight,https://encrypted-tbn0.gstatic.com/images?q=tbn:ANd9GcSngp3us0dKaFLUh4NZYg285vjfj3JDApf6JcZ6&s=0,https://www.alight.com,Careers At Alight,Full-time,['FULLTIME'],https://careers.alight.com/us/en/job/ALIGUSR34047EXTERNALENUS/Lead-Engineer-QA?utm_campaign=google_jobs_apply&utm_source=google_jobs_apply&utm_medium=organic,False
WUVAdq-o5LUXSpnOAAAAAA==,Software Quality Engineer,Adobe,,http://www.adobe.com/,Adobe Careers,Full-time,['FULLTIME'],https://careers.adobe.com/us/en/job/R157594/Software-Quality-Engineer?utm_campaign=google_jobs_apply&utm_source=google_jobs_apply&utm_medium=organic,False
1vp7tymaErj0jlnyAAAAAA==,QA Automation Engineer,Morningstar,,http://www.morningstar.com/,Morningstar Jobs,Full-time,['FULLTIME'],https://careers.morningstar.com/us/en/job/REQ-051440/QA-Automation-Engineer?utm_campaign=google_jobs_apply&utm_source=google_jobs_apply&utm_medium=organic,False
tAzmCyjskPMGxN98AAAAAA==,QA / Sr QA Engineer,Gametion Technologies Pvt. Ltd.,https://encrypted-tbn0.gstatic.com/images?q=tbn:ANd9GcSwc30W3qRiI2BeZIixTNVtLcPB1vgJGawrmFk9&s=0,http://www.gametion.com/,LinkedIn,Full-time,['FULLTIME'],https://in.linkedin.com/jobs/view/qa-sr-qa-engineer-at-gametion-technologies-pvt-ltd-4282043867?utm_campaign=google_jobs_apply&utm_source=google_jobs_apply&utm_medium=organic,False
Qwr2_6e25gpPu4uOAAAAAA==,Engineer III - Quality & Testing (IN),Cencora,,http://www.cencora.com/,Cencora Careers,Full-time,['FULLTIME'],https://careers.cencora.com/us/en/job/R258029/Engineer-III-Quality-Testing-IN?utm_campaign=google_jobs_apply&utm_source=google_jobs_apply&utm_medium=organic,False
O88dyWUZ8VFVUQpEAAAAAA==,Senior QA Engineer,DAZN,https://encrypted-tbn0.gstatic.com/images?q=tbn:ANd9GcSkIoYR5jNPhqaejw3-3MSa_p3iDCym90ITQgYB&s=0,http://www.dazn.com/,DAZN Careers,Full-time,['FULLTIME'],https://careers.dazn.com/postings/2ab19aa7-cc0f-4fab-8d53-d74584712799?utm_campaign=google_jobs_apply&utm_source=google_jobs_apply&utm_medium=organic,False
yDTAjaw048mPQ6DsAAAAAA==,QA Engineer with Embedded C,HTC Global Services,https://encrypted-tbn0.gstatic.com/images?q=tbn:ANd9GcR3VPCrcEJ6oMRnIcbB0zpn3HZrY4cwhga_Ubt5&s=0,http://www.htcinc.com/,LinkedIn,Full-time,['FULLTIME'],https://in.linkedin.com/jobs/view/qa-engineer-with-embedded-c-at-htc-global-services-4281945196?utm_campaign=google_jobs_apply&utm_source=google_jobs_apply&utm_medium=organic,False
G2WMszLisLCjah4zAAAAAA==,Automation QA - Software Engineer,Aspire SoftServ,https://encrypted-tbn0.gstatic.com/images?q=tbn:ANd9GcRasDqh2nz3UB4AgcxbZzhx7NhrzLyY6pqz8R3j&s=0,https://www.aspiresoftserv.com,Indeed,Full-time,['FULLTIME'],https://in.indeed.com/viewjob?jk=c4d76bb65a58641b&utm_campaign=google_jobs_apply&utm_source=google_jobs_apply&utm_medium=organic,False
Se49y2x1geVuzCGLAAAAAA==,QA Engineer III,Insight,https://encrypted-tbn0.gstatic.com/images?q=tbn:ANd9GcT_eX-ixyVtyr9F7h3DGx2wmz2HjD8CID4BXwHW&s=0,http://www.insight.com/,Eightfold,Full-time,['FULLTIME'],https://insight.eightfold.ai/careers/job/171828842426-qa-engineer-iii-gurugram-india?domain=insight.com&utm_campaign=google_jobs_apply&utm_source=google_jobs_apply&utm_medium=organic,False
VYFz4FugAUkcDRX6AAAAAA==,Automation Test Engineer,Luxoft,https://encrypted-tbn0.gstatic.com/images?q=tbn:ANd9GcT_OhtndE6mGDfcQ_VYU9f6p96lLp770UqQzRXz&s=0,http://www.luxoft.com/,Luxoft,Full-time,['FULLTIME'],https://career.luxoft.com/jobs/automation-test-engineer-16310?utm_campaign=google_jobs_apply&utm_source=google_jobs_apply&utm_medium=organic,True
M478ENcyscjV4xhNAAAAAA==,AI Quality Assurance (SaaS B2B),Troopr Labs,,https://www.troopr.ai,WhatJobs,Full-time,['FULLTIME'],https://en-in.whatjobs.com/jobs/qa-engineer?id=166258181&utm_campaign=google_jobs_apply&utm_source=google_jobs_apply&utm_medium=organic,False
uErlCdExM5IvBUAmAAAAAA==,QA Engineer,JRK Infotech,,https://www.jrkinfotech.com,Glassdoor,Full-time,['FULLTIME'],"https://www.glassdoor.co.in/job-listing/qa-engineer-jrk-infotech-JV_IC5021997_KO0,11_KE12,24.htm?jl=1009839307931&utm_campaign=google_jobs_apply&utm_source=google_jobs_apply&utm_medium=organic",False
IHlDPAn1p3tVWt4vAAAAAA==,QA Engineer,Inc42 Media,,https://inc42.com,Inc42,Full-time,['FULLTIME'],https://careers.inc42.com/jobs/Gjk3z7bg9iuu/qa-engineer?utm_campaign=google_jobs_apply&utm_source=google_jobs_apply&utm_medium=organic,False
LgjXk8gpVh3wzEx4AAAAAA==,Senior Software Test Engineer,ValueLabs,https://encrypted-tbn0.gstatic.com/images?q=tbn:ANd9GcR_7ufXaXUhIOtblFazEm3Dk7ZZd0FEsPIN3Al7&s=0,http://www.valuelabs.com/,LinkedIn,Full-time,['FULLTIME'],https://in.linkedin.com/jobs/view/senior-software-test-engineer-at-valuelabs-4281808353?utm_campaign=google_jobs_apply&utm_source=google_jobs_apply&utm_medium=organic,False
zlbMkTpetzSOzUyKAAAAAA==,QA Engineer/ Software,Light & Wonder,https://encrypted-tbn0.gstatic.com/images?q=tbn:ANd9GcSGq3vgV-LdHkk1cSFDvfWV7poZkESrVTy__IeK&s=0,,GrabJobs,Full-time,['FULLTIME'],https://grabjobs.co/india/job/full-time/others/qa-engineer-software-146164061?utm_campaign=google_jobs_apply&utm_source=google_jobs_apply&utm_medium=organic,False
KungTmbPZvzAq3UrAAAAAA==,Functional QA Engineer,Domnic Lewis International,https://encrypted-tbn0.gstatic.com/images?q=tbn:ANd9GcT5nFjwm3z_OZnC7bw0FIsFO-ybd7E9Pqtosw6c&s=0,https://insights.domniclewis.com,Iitjobs,Full-time,['FULLTIME'],https://www.iitjobs.com/job/functional-qa-engineer-bengaluru-karnataka-india-domnic-lewis-international-9035?utm_campaign=google_jobs_apply&utm_source=google_jobs_apply&utm_medium=organic,False
tFlG2a86Z7suCXofAAAAAA==,Associate Testing QA Engineer,Welocalize,https://encrypted-tbn0.gstatic.com/images?q=tbn:ANd9GcTo-HF0KeyUo-VOGIsLInfkQJ11d8TZfyxdkCC2&s=0,https://www.welocalize.com,Lever,Full-time,['FULLTIME'],https://jobs.lever.co/welocalize/0628962f-fd19-4bf9-92f0-d067e8115a12?utm_campaign=google_jobs_apply&utm_source=google_jobs_apply&utm_medium=organic,False
Ch5MsiUQTFkyWmU5AAAAAA==,QA Engineer-Playwright,Logic Planet Inc,https://encrypted-tbn0.gstatic.com/images?q=tbn:ANd9GcRv7zs1FJ6SZzqxqxwwMNv8wt3MgC6LcHJQ9enk&s=0,https://logicplanet.com,Iitjobs,Full-time,['FULLTIME'],https://www.iitjobs.com/job/qa-engineer-playwright-india-logic-planet-inc-107635?utm_campaign=google_jobs_apply&utm_source=google_jobs_apply&utm_medium=organic,False
osD7_7kZNm5ppYmoAAAAAA==,QA Automation Engineer (Offshore Contractor - India),Built In,https://encrypted-tbn0.gstatic.com/images?q=tbn:ANd9GcTwZt6jCSN7hZIxDVKh8nHwIFvaVmxxqlB05fgk&s=0,https://builtin.com,Built In,Full-time,['FULLTIME'],https://builtin.com/job/qa-automation-engineer-offshore-contractor-india/2838475?utm_campaign=google_jobs_apply&utm_source=google_jobs_apply&utm_medium=organic,True
84299ldcb5HTrQChAAAAAA==,Quality Control Engineer,Camfil India,https://encrypted-tbn0.gstatic.com/images?q=tbn:ANd9GcTW0toLT3XObw9-MA47ch5a8gsLp65macLJ_HyI&s=0,https://www.camfil.com,LinkedIn,Full-time,['FULLTIME'],https://in.linkedin.com/jobs/view/quality-control-engineer-at-camfil-india-4279410500?utm_campaign=google_jobs_apply&utm_source=google_jobs_apply&utm_medium=organic,False
6icsNmMuVN_wboJeAAAAAA==,Senior Software QA Engineer,IN01 NVIDIA Graphics Bengaluru,,,Workday,Full-time,['FULLTIME'],https://nvidia.wd5.myworkdayjobs.com/en-US/NVIDIAExternalCareerSite/job/India-Bengaluru/Senior-Software-QA-Engineer_JR2000339?utm_campaign=google_jobs_apply&utm_source=google_jobs_apply&utm_medium=organic,False
3aEBU-MSqKtEbHaqAAAAAA==,Quality Assurance Engineer II,zeta,https://encrypted-tbn0.gstatic.com/images?q=tbn:ANd9GcS1Gh_UA7qNGC6beG6EHGRidsy7ERWicPnLnIPh&s=0,https://zetaglobal.com,Outscal,Full-time,['FULLTIME'],https://outscal.com/job/quality-assurance-engineer-ii-at-zeta-in-bengaluru-karnataka-india-1?utm_campaign=google_jobs_apply&utm_source=google_jobs_apply&utm_medium=organic,True
8nqYZ5RQvMHKqnOXAAAAAA==,QA Engineer- BI & Data Analytics (2-3 years),Sapaad,https://encrypted-tbn0.gstatic.com/images?q=tbn:ANd9GcSwLPMMMVoyMUsNcqcO5vK19AtHmhWOl6lL0swq&s=0,https://www.sapaad.com,WhatJobs,Full-time,['FULLTIME'],https://en-in.whatjobs.com/jobs/test-engineer?id=166268978&utm_campaign=google_jobs_apply&utm_source=google_jobs_apply&utm_medium=organic,False
_DBd_95S848VjdxdAAAAAA==,Senior Manual QA Engineer - Remote,Novature Tech,https://encrypted-tbn0.gstatic.com/images?q=tbn:ANd9GcSU42aIAqed9USbwztQfj-o4y7iQNRf5I20rqQs&s=0,https://novaturetech.com,Glassdoor,Full-time,['FULLTIME'],"https://www.glassdoor.com/job-listing/senior-manual-qa-engineer-remote-novature-tech-JV_IC2833209_KO0,32_KE33,46.htm?jl=1008199070329&utm_campaign=google_jobs_apply&utm_source=google_jobs_apply&utm_medium=organic",False
tdSqww8619ZePyq5AAAAAA==,"Senior QA Engineer - Bengaluru Area, India",Ionos Networks,,https://www.ionosnetworks.com,Indeed,Full-time,['FULLTIME'],https://in.indeed.com/viewjob?jk=068c53eb20e702f0&utm_campaign=google_jobs_apply&utm_source=google_jobs_apply&utm_medium=organic,False
_wbAN9FjGNmr_9GtAAAAAA==,Test Automation Manager,Mastercard,https://encrypted-tbn0.gstatic.com/images?q=tbn:ANd9GcTnWxNA5w472wqgBWJbT6wqQd_uHMmklYpnLovn&s=0,https://www.mastercard.com,Mastercard Careers,Full-time,['FULLTIME'],https://careers.mastercard.com/us/en/job/R-249373/Test-Automation-Manager?utm_campaign=google_jobs_apply&utm_source=google_jobs_apply&utm_medium=organic,False
IQNn8caFfoJHDZmzAAAAAA==,QA Test Engineer - Senior Specialist,NASDAQ,https://encrypted-tbn0.gstatic.com/images?q=tbn:ANd9GcRoq9vKLhYiE_buAOUfydDumq_yi6BIrpgIHyq-&s=0,,Glassdoor,Full-time,['FULLTIME'],"https://www.glassdoor.co.in/job-listing/qa-test-engineer-senior-specialist-nasdaq-JV_IC2940587_KO0,34_KE35,41.htm?jl=1009791588029&utm_campaign=google_jobs_apply&utm_source=google_jobs_apply&utm_medium=organic",False
7TA496ptBh6zNCq0AAAAAA==,Sr. Software Development Engineer in Test,Lilly,https://encrypted-tbn0.gstatic.com/images?q=tbn:ANd9GcSeca-uxHwL5dO_wjkDp3kOTzD7Jq-pXc4QTl5B&s=0,https://www.lilly.com,Lilly Careers - Eli Lilly,Full-time,['FULLTIME'],https://careers.lilly.com/us/en/job/R-81284/Sr-Software-Development-Engineer-in-Test?utm_campaign=google_jobs_apply&utm_source=google_jobs_apply&utm_medium=organic,False
voyM-CVK6ipACryaAAAAAA==,QA Engineer AI & Machine Learning,Netsmart India,https://encrypted-tbn0.gstatic.com/images?q=tbn:ANd9GcSFpob08VVyLH7thR-XDiY7mjZs7J2I21e4TK6V&s=0,,LinkedIn,Full-time,['FULLTIME'],https://in.linkedin.com/jobs/view/qa-engineer-ai-machine-learning-at-netsmart-india-4268428181?utm_campaign=google_jobs_apply&utm_source=google_jobs_apply&utm_medium=organic,False
rau_4o3bRtTz1SVTAAAAAA==,Senior QA Engineer - API Testing/Automation,"Blue Yonder, Inc.",https://encrypted-tbn0.gstatic.com/images?q=tbn:ANd9GcSYSVuRsDsqfjhJ269wpnIvUBEqAnZ_aeFDPZe9&s=0,http://www.blueyonderinc.com,JobzMall,Full-time,['FULLTIME'],https://www.jobzmall.com/blue-yonder-inc/job/senior-qa-engineer-api-testing-automation?utm_campaign=google_jobs_apply&utm_source=google_jobs_apply&utm_medium=organic,True
RUiLRXiBLo2SbabAAAAAAA==,Junior engineer quality assurance,Rug-Rel Components & Systems Pvt. Ltd.,https://encrypted-tbn0.gstatic.com/images?q=tbn:ANd9GcTNCbl4P3K3ui8HbVevHAGZNYqy7R7cNy78S76M&s=0,,LinkedIn,Full-time,['FULLTIME'],https://in.linkedin.com/jobs/view/junior-engineer-quality-assurance-at-rug-rel-components-systems-pvt-ltd-4277503463?utm_campaign=google_jobs_apply&utm_source=google_jobs_apply&utm_medium=organic,False
5CQ-SgrfnkPtlLRTAAAAAA==,Data QA Engineer,Stratacent,https://encrypted-tbn0.gstatic.com/images?q=tbn:ANd9GcRDOPo91N2l76rXUom15MGEV6wJA3SCElDZcS_6&s=0,https://stratacent.com,LinkedIn,Full-time,['FULLTIME'],https://in.linkedin.com/jobs/view/data-qa-engineer-at-stratacent-4257002581?utm_campaign=google_jobs_apply&utm_source=google_jobs_apply&utm_medium=organic,False
zwA8kuT1FSaX40g9AAAAAA==,QA Engineer,Synastute,https://encrypted-tbn0.gstatic.com/images?q=tbn:ANd9GcQf9f4fWwQdkDLO_ej77zaEP7FyF5l4ErPqovdH&s=0,https://synastute.com,Glassdoor,Full-time,['FULLTIME'],"https://www.glassdoor.co.in/job-listing/qa-engineer-synastute-JV_IC2852681_KO0,11_KE12,21.htm?jl=1009753359707&utm_campaign=google_jobs_apply&utm_source=google_jobs_apply&utm_medium=organic",False
PIObC7wbtadYrNvtAAAAAA==,QA Engineer SME,Prime Search,https://encrypted-tbn0.gstatic.com/images?q=tbn:ANd9GcSQeJ5krJy8HmvtFLatYc6KYKnldXmu9c1foLWc&s=0,https://theprimesearchgroup.com,Iitjobs,Full-time,['FULLTIME'],https://www.iitjobs.com/job/qa-engineer-sme-noida-uttar-pradesh-india-prime-search-5346?utm_campaign=google_jobs_apply&utm_source=google_jobs_apply&utm_medium=organic,False
aa0yntiVOTFoj68aAAAAAA==,"Quality Assurance Engineer I, Ops and Transportation",ADCI - Haryana,,,WhatJobs,Full-time,['FULLTIME'],https://en-in.whatjobs.com/jobs/qa-engineer?id=165848792&utm_campaign=google_jobs_apply&utm_source=google_jobs_apply&utm_medium=organic,False
AzWgjFJJ0g0eK2VaAAAAAA==,"Senior QA Engineer / QA Lead, Pune",Mundrisoft Solution,https://encrypted-tbn0.gstatic.com/images?q=tbn:ANd9GcTATqCi84NkYktJZn5vRGShp8rDDiV2poDsmz9Q&s=0,,Glassdoor,Full-time,['FULLTIME'],"https://www.glassdoor.co.in/job-listing/senior-qa-engineer-qa-lead-pune-mundrisoft-solutions-JV_IC2856202_KO0,31_KE32,52.htm?jl=1009593069932&utm_campaign=google_jobs_apply&utm_source=google_jobs_apply&utm_medium=organic",False
Zog3tWpBd5d8Uhs7AAAAAA==,QA engineer with python,iAgami,https://encrypted-tbn0.gstatic.com/images?q=tbn:ANd9GcSZOzUtmjmsiG5NOm4O1_6QZIDS7bErjk78lIlb&s=0,https://iagami.com,LinkedIn,Full-time,['FULLTIME'],https://in.linkedin.com/jobs/view/qa-engineer-with-python-at-iagami-4277958511?utm_campaign=google_jobs_apply&utm_source=google_jobs_apply&utm_medium=organic,False
0g68rKxJLFW4U89VAAAAAA==,QA (Remote INTL India),Insight Global,,https://insightglobal.com,Insight Global,Contractor,"['CONTRACTOR', 'CONTRACTOR']",https://insightglobal.com/jobs/find_a_job/job-412158?utm_campaign=google_jobs_apply&utm_source=google_jobs_apply&utm_medium=organic,False
W_CKq25Jn_j59VlqAAAAAA==,Lead I - QA Automation Testing,UST,https://encrypted-tbn0.gstatic.com/images?q=tbn:ANd9GcR1rLv4WKwc6Wb58tB6QjizWerFc8DTNzun-g3S&s=0,http://www.ust.com/,LinkedIn,Full-time,['FULLTIME'],https://in.linkedin.com/jobs/view/lead-i-qa-automation-testing-at-ust-4264482668?utm_campaign=google_jobs_apply&utm_source=google_jobs_apply&utm_medium=organic,False
beaw3LIzp18eVf2PAAAAAA==,QA Engineers,PulsePlay Digital,,https://pulseplaydigital.com,Indeed,Internship,['INTERN'],https://in.indeed.com/viewjob?jk=f3fe912aa30d7559&utm_campaign=google_jobs_apply&utm_source=google_jobs_apply&utm_medium=organic,False
bCvATY1dz9fNJX0pAAAAAA==,Engineer II - QA,Contentstack,https://encrypted-tbn0.gstatic.com/images?q=tbn:ANd9GcS8-jlvhoY4XkObbwZZMdHnEVgidnwqbg7CmhN7&s=0,http://www.contentstack.com/,LinkedIn,Full-time,['FULLTIME'],https://in.linkedin.com/jobs/view/engineer-ii-qa-at-contentstack-4276661282?utm_campaign=google_jobs_apply&utm_source=google_jobs_apply&utm_medium=organic,False
pv3DlC1OloG1sqh5AAAAAA==,Senior Quality Assurance Automation Engineer,Hexad Infosoft IN,,,WhatJobs,Full-time,['FULLTIME'],https://en-in.whatjobs.com/jobs/test-engineer?id=164637023&utm_campaign=google_jobs_apply&utm_source=google_jobs_apply&utm_medium=organic,False
DAsoKk_-Pb3nfamuAAAAAA==,Quality Assurance Engineer- Hyderabad/Indore - Job ID: 87202,Techdome,https://encrypted-tbn0.gstatic.com/images?q=tbn:ANd9GcRUTOyOqWraPOEIcVF8MePGk1gsix7ssiikJySQ&s=0,https://techdome.io,LinkedIn,Full-time,['FULLTIME'],https://in.linkedin.com/jobs/view/quality-assurance-engineer-hyderabad-indore-job-id-87202-at-techdome-4251138958?utm_campaign=google_jobs_apply&utm_source=google_jobs_apply&utm_medium=organic,False
mPQmAqTM3qc3odGxAAAAAA==,Smart Tv QA replacement of Sneha N Irc215373,GlobalLogic,,http://www.globallogic.com/,WhatJobs,Full-time,['FULLTIME'],https://en-in.whatjobs.com/jobs/test-engineer?id=165931267&utm_campaign=google_jobs_apply&utm_source=google_jobs_apply&utm_medium=organic,False
1vu4cWc5qXXBO-S9AAAAAA==,"Software Engineer, ServiceNow",NatWest Digital X,https://encrypted-tbn0.gstatic.com/images?q=tbn:ANd9GcTu6lhEsxQT1UOE-2wyjArdjztL1XAiD4j-IMNO&s=0,http://www.natwest.com/,NatWest Group Careers,Full-time,['FULLTIME'],https://jobs.natwestgroup.com/jobs/16530247-software-engineer-servicenow?utm_campaign=google_jobs_apply&utm_source=google_jobs_apply&utm_medium=organic,False
WUVAdq-o5LUXSpnOAAAAAA==,Software Quality Engineer,Adobe,,https://www.adobe.com,Adobe Careers,Full-time,['FULLTIME'],https://careers.adobe.com/us/en/job/R157594/Software-Quality-Engineer?utm_campaign=google_jobs_apply&utm_source=google_jobs_apply&utm_medium=organic,False
7VazJM2BRJxbPt1AAAAAAA==,Software Engineer II - Backend,Uber,https://encrypted-tbn0.gstatic.com/images?q=tbn:ANd9GcQrnrY2RBocwi6880j2OSqQFKoIisGklfEwXd_3&s=0,https://www.uber.com/,Uber,Full-time,['FULLTIME'],https://www.uber.com/global/en/careers/list/146731?utm_campaign=google_jobs_apply&utm_source=google_jobs_apply&utm_medium=organic,True
rq1POrwN8W9xnfsJAAAAAA==,"Software Engineer, Product (Bangalore)",Meta,https://encrypted-tbn0.gstatic.com/images?q=tbn:ANd9GcSXtrHwHzmdkvcTtTlPeKBUSq47jAIwHA0ZYHYb&s=0,https://www.meta.com,Meta Careers,Full-time,['FULLTIME'],https://www.metacareers.com/jobs/498554243316897?utm_campaign=google_jobs_apply&utm_source=google_jobs_apply&utm_medium=organic,True
lmLhVIHryL8v2s4tAAAAAA==,"Senior Software Engineer- Golang(MSC Team), Bangalore",WARNERMEDIA,,,WBD Careers - Warner Bros. Discovery,Full-time,['FULLTIME'],https://careers.wbd.com/global/en/job/R000090470/Senior-Software-Engineer-Golang-MSC-Team-Bangalore?utm_campaign=google_jobs_apply&utm_source=google_jobs_apply&utm_medium=organic,False
HdF9nxV0FkwaEZvQAAAAAA==,"Software Engineer - EVPN, VXLAN",HPE,https://encrypted-tbn0.gstatic.com/images?q=tbn:ANd9GcSa7qBhCyiynTlupE7NsYwRDRJLm0EQS1gli5gY&s=0,https://www.hpe.com/,HPE Careers,Full-time,['FULLTIME'],https://careers.hpe.com/us/en/job/1191850/Software-Engineer-EVPN-VXLAN?utm_campaign=google_jobs_apply&utm_source=google_jobs_apply&utm_medium=organic,False
nE5FGmzE2T5vYt4DAAAAAA==,"Software Engineer,AVP",NatWest Digital X,https://encrypted-tbn0.gstatic.com/images?q=tbn:ANd9GcTu6lhEsxQT1UOE-2wyjArdjztL1XAiD4j-IMNO&s=0,http://www.natwest.com/,NatWest Group Careers,Full-time,['FULLTIME'],https://jobs.natwestgroup.com/jobs/16427036-software-engineer-avp?utm_campaign=google_jobs_apply&utm_source=google_jobs_apply&utm_medium=organic,False
YSs_IW6zK1c1D9S1AAAAAA==,Staff Software Engineer - C++,Vontier,https://encrypted-tbn0.gstatic.com/images?q=tbn:ANd9GcQNCHBApQRwGcdZsHa-xqp7w8DrkT19CQgOPlO4&s=0,https://www.vontier.com,Vontier Jobs,Full-time,['FULLTIME'],https://careers.vontier.com/us/en/job/INV001265/Staff-Software-Engineer-C?utm_campaign=google_jobs_apply&utm_source=google_jobs_apply&utm_medium=organic,False
-4wS6loe8Jv77DarAAAAAA==,Software Engineer I,Cognizant,,https://www.cognizant.com,Cognizant Careers,Full-time,['FULLTIME'],https://careers.cognizant.com/global-en/jobs/00063301761/software-engineer-i/?utm_campaign=google_jobs_apply&utm_source=google_jobs_apply&utm_medium=organic,False
_6VKlkatmg6GElBnAAAAAA==,Software Engineer II - Android,Uber,https://encrypted-tbn0.gstatic.com/images?q=tbn:ANd9GcQrnrY2RBocwi6880j2OSqQFKoIisGklfEwXd_3&s=0,https://www.uber.com/,Uber,Full-time,['FULLTIME'],https://www.uber.com/careers/list/146949?utm_campaign=google_jobs_apply&utm_source=google_jobs_apply&utm_medium=organic,True
VyXxqmOB1QLaG6ZqAAAAAA==,"Software Engineer 2, Front End",Intuit,https://encrypted-tbn0.gstatic.com/images?q=tbn:ANd9GcTn_Flout7UXwcKW-HyidblhEZLwv5KxQymI_mZ&s=0,https://www.intuit.com,Jobs At Intuit,Full-time,['FULLTIME'],https://jobs.intuit.com/job/bengaluru/software-engineer-2-front-end/27595/83559426848?utm_campaign=google_jobs_apply&utm_source=google_jobs_apply&utm_medium=organic,False
d53DUG2SPkKAntt2AAAAAA==,"Lead Software Engineer - Data Analytics  - IT (Information Technology) - Bangalore, India",Societe Generale,,https://www.societegenerale.com,Careers Société Générale,Full-time and Contractor,"['FULLTIME', 'CONTRACTOR', 'CONTRACTOR']",https://careers.societegenerale.com/en/job-offers/lead-software-engineer-data-analytics-25000FGN-en?pcid=me0vc78kncxmzxv3&utm_campaign=google_jobs_apply&utm_source=google_jobs_apply&utm_medium=organic,False
6w70yoFpEoNBM0_CAAAAAA==,Software Engineer - Full Stack Development,Pearson,,https://www.pearson.com,Pearson Jobs,Full-time,['FULLTIME'],https://pearson.jobs/bangalore-ind/software-engineer-full-stack-development/157FADE2ABD84B2884CA2F8E66FECD53/job/?utm_campaign=google_jobs_apply&utm_source=google_jobs_apply&utm_medium=organic,False
IPLUl8JL04KTUGxnAAAAAA==,Lead Software Development Engineer-Reuters Product Connector,Thomson Reuters,,https://www.thomsonreuters.com,Thomson Reuters Careers,Full-time,['FULLTIME'],https://careers.thomsonreuters.com/us/en/job/JREQ186318/Lead-Software-Development-Engineer-Reuters-Product-Connector?utm_campaign=google_jobs_apply&utm_source=google_jobs_apply&utm_medium=organic,False
PJ44qxWz-FKqqe7KAAAAAA==,Software Engineer III - QA Automation,Thermo Fisher Scientific,https://encrypted-tbn0.gstatic.com/images?q=tbn:ANd9GcSy3nIMgddtLu6yR6A84cE8D9Y15F7zy5f3_m2e&s=0,https://www.thermofisher.com,Careers At Thermo Fisher Scientific,Full-time,['FULLTIME'],https://jobs.thermofisher.com/global/en/job/R-01323222/Software-Engineer-III-QA-Automation?utm_campaign=google_jobs_apply&utm_source=google_jobs_apply&utm_medium=organic,False
AP4bMdivvzxvsKk9AAAAAA==,Staff Software Engineer 1,Sigma-Aldrich Chemicals Private Limited,https://encrypted-tbn0.gstatic.com/images?q=tbn:ANd9GcTCWTwm-iNYoBnSzIA_GgfNoZelQ9boJOm_x3rx&s=0,https://www.sigmaaldrich.com,Careers | Merck,Full-time,['FULLTIME'],https://careers.merckgroup.com/global/en/job/289108/Staff-Software-Engineer-1?utm_campaign=google_jobs_apply&utm_source=google_jobs_apply&utm_medium=organic,False
UYWW14lS4DiY1TEmAAAAAA==,"Software Engineer EVPN, VXLAN",HPE,https://encrypted-tbn0.gstatic.com/images?q=tbn:ANd9GcSa7qBhCyiynTlupE7NsYwRDRJLm0EQS1gli5gY&s=0,,HPE Careers,Full-time,['FULLTIME'],https://careers.hpe.com/us/en/job/1191862/Software-Engineer-EVPN-VXLAN?utm_campaign=google_jobs_apply&utm_source=google_jobs_apply&utm_medium=organic,False
SkTTDav3nqgNVcmSAAAAAA==,"Senior Lead, Software Engineering (Fullstack)",Capital One,,https://www.capitalone.com,Capital One Careers,Full-time,['FULLTIME'],https://www.capitalonecareers.com/job/bengaluru/senior-lead-software-engineering-fullstack/1732/83316933104?utm_campaign=google_jobs_apply&utm_source=google_jobs_apply&utm_medium=organic,False
ErsuulAb_qvlU8l8AAAAAA==,"Software Principal Engineer-ETL, Airflow & Python",Org_Subtype_BU008_Client_Solutions,,,Dell Careers,Full-time,['FULLTIME'],https://jobs.dell.com/en/job/bengaluru/software-principal-engineer-etl-airflow-and-python/375/83617847664?utm_campaign=google_jobs_apply&utm_source=google_jobs_apply&utm_medium=organic,False
2T780aeAMvK0nAddAAAAAA==,Software Engineer II,remitly,,https://www.remitly.com,Remitly Careers,Full-time,['FULLTIME'],https://careers.remitly.com/job/22289221/software-engineer-ii/?utm_campaign=google_jobs_apply&utm_source=google_jobs_apply&utm_medium=organic,False
odBxaAdDXpDuDbHsAAAAAA==,"Lead Software Engineer (Java, Javascript, Oracle Database)",Danaher,https://encrypted-tbn0.gstatic.com/images?q=tbn:ANd9GcTH2ZfZjk1P_2govGe6tVHzZrAOU18jdfEMNw8a&s=0,https://www.danaher.com,Danaher Careers - Danaher Corporation,Full-time,['FULLTIME'],https://jobs.danaher.com/global/en/job/R1294845/Lead-Software-Engineer-Java-Javascript-Oracle-Database?utm_campaign=google_jobs_apply&utm_source=google_jobs_apply&utm_medium=organic,False
oyeTgk-JNgee-u-pAAAAAA==,Principal Software Engineer,Toast,https://encrypted-tbn0.gstatic.com/images?q=tbn:ANd9GcRZkgf08MwHjvu5PcaJj-0M-_fpVRXp3lyy2tcc&s=0,https://pos.toasttab.com,Toast,Full-time,['FULLTIME'],https://careers.toasttab.com/jobs/principal-software-engineer-bengaluru-karnataka-india-4d664d0e-6679-4a49-bdb2-7e46358a6c4f?utm_campaign=google_jobs_apply&utm_source=google_jobs_apply&utm_medium=organic,False
j_jsrcVcbIvWgubtAAAAAA==,"Software Engineer, Product",Meta,https://encrypted-tbn0.gstatic.com/images?q=tbn:ANd9GcSXtrHwHzmdkvcTtTlPeKBUSq47jAIwHA0ZYHYb&s=0,https://www.meta.com,Meta Careers,Full-time,['FULLTIME'],https://www.metacareers.com/jobs/8910061575759301?utm_campaign=google_jobs_apply&utm_source=google_jobs_apply&utm_medium=organic,True
Jc4iwVxEmUPAWereAAAAAA==,Lead Software Engineer II,Allstate,https://encrypted-tbn0.gstatic.com/images?q=tbn:ANd9GcQJm3OeBTrV4GKJkjxrUQS-GnpCUmJWshyVrqQM&s=0,https://www.allstate.com,Allstate Careers,Full-time,['FULLTIME'],https://www.allstate.jobs/job/21995483/lead-software-engineer-ii/?utm_campaign=google_jobs_apply&utm_source=google_jobs_apply&utm_medium=organic,False
bfHnxN4oaS-joMhSAAAAAA==,Software Development Engineer 4 (AEM Developer),Adobe,,https://www.adobe.com,Adobe Careers,Full-time,['FULLTIME'],https://careers.adobe.com/us/en/job/R156476/Software-Development-Engineer-4-AEM-Developer?utm_campaign=google_jobs_apply&utm_source=google_jobs_apply&utm_medium=organic,False
9J3iBz9-mx_9egkyAAAAAA==,"Engineer II, Software Test",Thermo Fisher Scientific,https://encrypted-tbn0.gstatic.com/images?q=tbn:ANd9GcSy3nIMgddtLu6yR6A84cE8D9Y15F7zy5f3_m2e&s=0,https://www.thermofisher.com,Careers At Thermo Fisher Scientific,Full-time,['FULLTIME'],https://jobs.thermofisher.com/global/en/job/R-01321917/Engineer-II-Software-Test?utm_campaign=google_jobs_apply&utm_source=google_jobs_apply&utm_medium=organic,False
NiNYsGlyfducxXf2AAAAAA==,Staff Software/Prompt Engineer,Baker Hughes,https://encrypted-tbn0.gstatic.com/images?q=tbn:ANd9GcSWakRdqOYks4LZwgtA2H2KhVZwEvJUsvcFjWrF&s=0,https://www.bakerhughes.com,Baker Hughes,Full-time,['FULLTIME'],https://careers.bakerhughes.com/global/en/job/R144681/Staff-Software-Prompt-Engineer?utm_campaign=google_jobs_apply&utm_source=google_jobs_apply&utm_medium=organic,False
y8YkPLo7JX6Sx5LSAAAAAA==,Staff Software Engineer - C++ and .net,Vontier,https://encrypted-tbn0.gstatic.com/images?q=tbn:ANd9GcQNCHBApQRwGcdZsHa-xqp7w8DrkT19CQgOPlO4&s=0,https://www.vontier.com,Vontier Jobs,Full-time,['FULLTIME'],https://careers.vontier.com/us/en/job/INV001214/Staff-Software-Engineer-C-and-net?utm_campaign=google_jobs_apply&utm_source=google_jobs_apply&utm_medium=organic,False
OgRMCvCv55TX5vSuAAAAAA==,Senior Software Developer C# .Net,Siemens,,http://www.siemens.com/,Jobs At Siemens,Full-time,['FULLTIME'],https://jobs.siemens.com/careers/job/563156125066470-senior-software-developer-c-net-bangalore-karnataka-india?domain=siemens.com&microsite=siemens.com&utm_campaign=google_jobs_apply&utm_source=google_jobs_apply&utm_medium=organic,False
SNK9aV8JypOqXrs5AAAAAA==,Software Engineering Sr Mgr,HPE,https://encrypted-tbn0.gstatic.com/images?q=tbn:ANd9GcSa7qBhCyiynTlupE7NsYwRDRJLm0EQS1gli5gY&s=0,https://www.hpe.com/,HPE Careers,Full-time,['FULLTIME'],https://careers.hpe.com/us/en/job/1191908/Software-Engineering-Sr-Mgr?utm_campaign=google_jobs_apply&utm_source=google_jobs_apply&utm_medium=organic,False
fsiYa4LPiWWKUVupAAAAAA==,LEAD SOFTWARE DEVELOPER,Thales,https://encrypted-tbn0.gstatic.com/images?q=tbn:ANd9GcTieY7E-h0ihOOfjnsPNo3zFb75L8Pw0djhwtHM&s=0,http://www.thalesgroup.com/,Thales Careers,Full-time,['FULLTIME'],https://careers.thalesgroup.com/global/en/job/R0285529/LEAD-SOFTWARE-DEVELOPER?utm_campaign=google_jobs_apply&utm_source=google_jobs_apply&utm_medium=organic,False
th7to6j9vc3JGRrxAAAAAA==,Senior Software Engineer Fullstack [Bangalore],Warner Bros. Discovery,,https://wbd.com/,ShowbizJobs,Full-time,['FULLTIME'],https://www.showbizjobs.com/jobs/warner-bros-discovery-senior-software-engineer-fullstack-in-bangalore/jid-5bb637?utm_campaign=google_jobs_apply&utm_source=google_jobs_apply&utm_medium=organic,False
h0grHBC56xDYh6NAAAAAAA==,Staff Software Developer,Philips,https://encrypted-tbn0.gstatic.com/images?q=tbn:ANd9GcT3BvOSbeleVsgg_WKcS-3kyXmSZDklFx3l4kOe&s=0,http://www.philips.com/,Philips Careers,Full-time,['FULLTIME'],https://www.careers.philips.com/professional/global/en/job/554023/Staff-Software-Developer?utm_campaign=google_jobs_apply&utm_source=google_jobs_apply&utm_medium=organic,False
tV2DcjUCNdQPXQPEAAAAAA==,"Director, Software Engineering",Intuit,https://encrypted-tbn0.gstatic.com/images?q=tbn:ANd9GcTn_Flout7UXwcKW-HyidblhEZLwv5KxQymI_mZ&s=0,https://www.intuit.com,Jobs At Intuit,Full-time,['FULLTIME'],https://jobs.intuit.com/job/bengaluru/director-software-engineering/27595/80756425600?utm_campaign=google_jobs_apply&utm_source=google_jobs_apply&utm_medium=organic,False
nX2w0f8Tt_ki8rZMAAAAAA==,Senior Principal Software Engineer - IT (I9),Org_Subtype_BU026_IT,,,Dell Careers,Full-time,['FULLTIME'],https://jobs.dell.com/en/job/bengaluru/senior-principal-software-engineer-it-i9/375/82650466720?utm_campaign=google_jobs_apply&utm_source=google_jobs_apply&utm_medium=organic,False
sy0xYvvhFL-wI8yKAAAAAA==,Senior Staff Software Engineer - Fullstack (Content Systems)Bangalore,WARNERMEDIA,,,WBD Careers - Warner Bros. Discovery,Full-time,['FULLTIME'],https://careers.wbd.com/global/en/job/R000091609/Senior-Staff-Software-Engineer-Fullstack-Content-Systems-Bangalore?utm_campaign=google_jobs_apply&utm_source=google_jobs_apply&utm_medium=organic,False
p-nUn6MqIC1DKCYOAAAAAA==,"Sr Software Engineer | Bangalore, IN",London Stock Exchange Group,https://encrypted-tbn0.gstatic.com/images?q=tbn:ANd9GcRO0GIP0kVh2g9IQ0nd3_YZyHt4AfVbr8mFkr7-&s=0,http://www.lseg.com/,EFinancialCareers,Full-time,['FULLTIME'],https://www.efinancialcareers.com/jobs-India-Bangalore-Sr_Software_Engineer.id22920160?utm_campaign=google_jobs_apply&utm_source=google_jobs_apply&utm_medium=organic,True
6NTeAdaJYnhU_QGgAAAAAA==,"Lead Software Engineer, Data Management - Capital One Software",Capital One,,https://www.capitalone.com,Capital One Careers,Full-time,['FULLTIME'],https://www.capitalonecareers.com/job/bengaluru/lead-software-engineer-data-management-capital-one-software/1732/83018191184?utm_campaign=google_jobs_apply&utm_source=google_jobs_apply&utm_medium=organic,False
GiuEs6tQVZTEtdDbAAAAAA==,Software Engineer II - BE+ Data,Uber,https://encrypted-tbn0.gstatic.com/images?q=tbn:ANd9GcQrnrY2RBocwi6880j2OSqQFKoIisGklfEwXd_3&s=0,https://www.uber.com/,Uber,Full-time,['FULLTIME'],https://www.uber.com/global/zh-hk/careers/list/142996/?utm_campaign=google_jobs_apply&utm_source=google_jobs_apply&utm_medium=organic,True
zsFJg1-X_xZXKCvCAAAAAA==,"Lead Software Engineer (C++, C#, MFC, SQL, and OOPS)",Danaher,https://encrypted-tbn0.gstatic.com/images?q=tbn:ANd9GcTH2ZfZjk1P_2govGe6tVHzZrAOU18jdfEMNw8a&s=0,https://www.danaher.com,Danaher Careers - Danaher Corporation,Full-time,['FULLTIME'],https://jobs.danaher.com/global/en/job/R1292560/Lead-Software-Engineer-C-C-MFC-SQL-and-OOPS?utm_campaign=google_jobs_apply&utm_source=google_jobs_apply&utm_medium=organic,False
1lt8FV-47D0_yqr0AAAAAA==,Staff Software Engineer-Fullstack,Toast,https://encrypted-tbn0.gstatic.com/images?q=tbn:ANd9GcRZkgf08MwHjvu5PcaJj-0M-_fpVRXp3lyy2tcc&s=0,https://pos.toasttab.com,Toast,Full-time,['FULLTIME'],https://careers.toasttab.com/jobs/staff-software-engineer-fullstack-bengaluru-karnataka-india?utm_campaign=google_jobs_apply&utm_source=google_jobs_apply&utm_medium=organic,False
NuYu7toOy9fjeHwGAAAAAA==,Software Engineer - Telemetry,HPE,https://encrypted-tbn0.gstatic.com/images?q=tbn:ANd9GcSa7qBhCyiynTlupE7NsYwRDRJLm0EQS1gli5gY&s=0,https://www.hpe.com/,HPE Careers,Full-time,['FULLTIME'],https://careers.hpe.com/us/en/job/1191950/Software-Engineer-Telemetry?utm_campaign=google_jobs_apply&utm_source=google_jobs_apply&utm_medium=organic,False
Z6Vo-C0cohkCV8pnAAAAAA==,Software Engineer 2,Intuit,https://encrypted-tbn0.gstatic.com/images?q=tbn:ANd9GcTn_Flout7UXwcKW-HyidblhEZLwv5KxQymI_mZ&s=0,https://www.intuit.com,Jobs At Intuit,Full-time,['FULLTIME'],https://jobs.intuit.com/job/bengaluru/software-engineer-2/27595/84082701920?utm_campaign=google_jobs_apply&utm_source=google_jobs_apply&utm_medium=organic,False
pAFFHjttAs4-WT06AAAAAA==,Staff Software Engineer-Backend Bangalore [Bangalore],Warner Bros. Discovery,,https://wbd.com/,ShowbizJobs,Full-time,['FULLTIME'],https://www.showbizjobs.com/jobs/warner-bros-discovery-staff-software-engineer-backend-bangalore-in-bangalore/jid-wppnj2?utm_campaign=google_jobs_apply&utm_source=google_jobs_apply&utm_medium=organic,False
9lol-jSKrotgUQjzAAAAAA==,"Staff Software Engineer-Database Engineer with Aurora Postgres  (Database Reliability Engineering Team), Bangalore",WARNERMEDIA,,,WBD Careers - Warner Bros. Discovery,Full-time,['FULLTIME'],https://careers.wbd.com/global/en/job/R000080267/Staff-Software-Engineer-Database-Engineer-with-Aurora-Postgres-Database-Reliability-Engineering-Team-Bangalore?utm_campaign=google_jobs_apply&utm_source=google_jobs_apply&utm_medium=organic,False
QzGh0V8FKCudiPSGAAAAAA==,Staff Software Engineer (Delphi Architect),Danaher,https://encrypted-tbn0.gstatic.com/images?q=tbn:ANd9GcTH2ZfZjk1P_2govGe6tVHzZrAOU18jdfEMNw8a&s=0,https://www.danaher.com,Danaher Careers - Danaher Corporation,Full-time,['FULLTIME'],https://jobs.danaher.com/global/en/job/R1290960/Staff-Software-Engineer-Delphi-Architect?utm_campaign=google_jobs_apply&utm_source=google_jobs_apply&utm_medium=organic,False
ilUWcmw-84znPeeJAAAAAA==,Software Development Engineer 5.5 (Java),Adobe,,https://www.adobe.com,Adobe Careers,Full-time,['FULLTIME'],https://careers.adobe.com/us/en/job/R153204/Software-Development-Engineer-5-5-Java?utm_campaign=google_jobs_apply&utm_source=google_jobs_apply&utm_medium=organic,False
kzFllx4V9liM-gmcAAAAAA==,Software Engineer Staff - SONiC NOS Developer,HPE,https://encrypted-tbn0.gstatic.com/images?q=tbn:ANd9GcSa7qBhCyiynTlupE7NsYwRDRJLm0EQS1gli5gY&s=0,https://www.hpe.com/,HPE Careers,Full-time,['FULLTIME'],https://careers.hpe.com/us/en/job/1191879/Software-Engineer-Staff-SONiC-NOS-Developer?utm_campaign=google_jobs_apply&utm_source=google_jobs_apply&utm_medium=organic,False
0_ytZN8oD7oVLUmUAAAAAA==,Lead -  Data Science,Equifax,,https://www.equifax.com,Equifax Careers,Full-time,['FULLTIME'],https://careers.equifax.com/en/jobs/j00168273/lead-data-science/?utm_campaign=google_jobs_apply&utm_source=google_jobs_apply&utm_medium=organic,False
OvXhxxja4LnFBmjCAAAAAA==,Data Scientist 1,Uber,https://encrypted-tbn0.gstatic.com/images?q=tbn:ANd9GcQrnrY2RBocwi6880j2OSqQFKoIisGklfEwXd_3&s=0,https://www.uber.com/,Uber,Full-time,['FULLTIME'],https://www.uber.com/global/en/careers/list/146948?utm_campaign=google_jobs_apply&utm_source=google_jobs_apply&utm_medium=organic,True
g7WWiG6uBY5bUmoLAAAAAA==,"Data Scientist, VP",NatWest Digital X,https://encrypted-tbn0.gstatic.com/images?q=tbn:ANd9GcTu6lhEsxQT1UOE-2wyjArdjztL1XAiD4j-IMNO&s=0,https://jobs.natwestgroup.com,NatWest Group Careers,Full-time,['FULLTIME'],https://jobs.natwestgroup.com/jobs/16388198-data-scientist-vp?utm_campaign=google_jobs_apply&utm_source=google_jobs_apply&utm_medium=organic,False
ov0KtYbx-AznkmtLAAAAAA==,business insights and analytics - sr data scientist,Lilly,https://encrypted-tbn0.gstatic.com/images?q=tbn:ANd9GcSqNjNWrb2Mj7S1umJqngcKOMf0_iuUO5gYCRW-&s=0,http://www.lilly.com/,Lilly Careers - Eli Lilly,Full-time,['FULLTIME'],https://careers.lilly.com/br/pt/job/R-91074/business-insights-and-analytics-sr-data-scientist?utm_campaign=google_jobs_apply&utm_source=google_jobs_apply&utm_medium=organic,False
xj2aDr6Mb1VqsLaeAAAAAA==,Data Scientist - Generative AI & LLMs IRC272465,Hitachi Careers,,https://careers.hitachi.com,Hitachi Careers,Full-time,['FULLTIME'],https://careers.hitachi.com/jobs/16535524-data-scientist-generative-ai-and-llms-irc272465?utm_campaign=google_jobs_apply&utm_source=google_jobs_apply&utm_medium=organic,False
fa5RKoR526MH833mAAAAAA==,Associate Data Scientist - AI or ML,UnitedHealth Group,https://encrypted-tbn0.gstatic.com/images?q=tbn:ANd9GcQT7a_nKuRSDM0nrBU5mOlim6308gy5dWZ3IPHZ&s=0,https://www.unitedhealthgroup.com/,Careers At UnitedHealth Group,Full-time,['FULLTIME'],https://careers.unitedhealthgroup.com/job/22252933/associate-data-scientist-ai-or-ml-bangalore-in/?utm_campaign=google_jobs_apply&utm_source=google_jobs_apply&utm_medium=organic,False
26P_2PJitkMwsL15AAAAAA==,Sr. Data Scientist,Carrier,https://encrypted-tbn0.gstatic.com/images?q=tbn:ANd9GcSbh1qXGAYVpwcJaNdoPus7U7y8Qyba2ClNcqDm&s=0,https://www.carrier.com/,Search Carrier Jobs - Carrier,Full-time,['FULLTIME'],https://jobs.carrier.com/en/job/bengaluru/sr-data-scientist/29289/78844486320?utm_campaign=google_jobs_apply&utm_source=google_jobs_apply&utm_medium=organic,False
-fPSAnFC8bLHslKJAAAAAA==,"Data Scientist I, India, Core Services",Uber,https://encrypted-tbn0.gstatic.com/images?q=tbn:ANd9GcQrnrY2RBocwi6880j2OSqQFKoIisGklfEwXd_3&s=0,https://www.uber.com/,Uber,Full-time,['FULLTIME'],https://www.uber.com/global/en/careers/list/138331/?utm_campaign=google_jobs_apply&utm_source=google_jobs_apply&utm_medium=organic,True
cSz9clrcBDDzMd6MAAAAAA==,Senior AI Data Scientist,Danaher,https://encrypted-tbn0.gstatic.com/images?q=tbn:ANd9GcTH2ZfZjk1P_2govGe6tVHzZrAOU18jdfEMNw8a&s=0,http://www.danaher.com/,Danaher Careers - Danaher Corporation,Full-time,['FULLTIME'],https://jobs.danaher.com/global/en/job/R1289624/Senior-AI-Data-Scientist?utm_campaign=google_jobs_apply&utm_source=google_jobs_apply&utm_medium=organic,False
8LLWMhfd0FROZlgjAAAAAA==,Principal Data Scientist - Credit Risk/Lending,Toast,https://encrypted-tbn0.gstatic.com/images?q=tbn:ANd9GcRZkgf08MwHjvu5PcaJj-0M-_fpVRXp3lyy2tcc&s=0,http://www.toasttab.com/,Toast,Full-time,['FULLTIME'],https://careers.toasttab.com/jobs/principal-data-scientist-credit-risk-lending-bengaluru-karnataka-india?utm_campaign=google_jobs_apply&utm_source=google_jobs_apply&utm_medium=organic,False
ulnxikZSl5rX5Vq5AAAAAA==,Lead Data Scientist- Operations Research,Target India,,https://india.target.com,Target Corporation,Full-time,['FULLTIME'],https://corporate.target.com/jobs/w84/10/lead-data-scientist-operations-research?utm_campaign=google_jobs_apply&utm_source=google_jobs_apply&utm_medium=organic,False
UvDNUyP-HrmET_ftAAAAAA==,Senior Associate- Data Science,Capital One,,https://www.capitalone.com,Capital One Careers,Full-time,['FULLTIME'],https://www.capitalonecareers.com/job/bengaluru/senior-associate-data-science/1732/79259116400?utm_campaign=google_jobs_apply&utm_source=google_jobs_apply&utm_medium=organic,False
wj0iO8zGrT6A5asFAAAAAA==,Amadeus Labs - Data Scientist,Amadeus Software Labs India Pvt Ltd,https://encrypted-tbn0.gstatic.com/images?q=tbn:ANd9GcQ5jbRCUM5kenO7Cu2wQWuhyFTLDetlZ9axnDau&s=0,https://www.justdial.com,IIM Jobs,Full-time,['FULLTIME'],https://www.iimjobs.com/j/amadeus-labs-data-scientist-1568037?ref=rl&jobPos=9&utm_campaign=google_jobs_apply&utm_source=google_jobs_apply&utm_medium=organic,False
b80Hwh7baG9JLvqLAAAAAA==,Senior Data Scientist Specialist,ABB,,,ABB Career,Full-time,['FULLTIME'],https://careers.abb/us/en/job/92946306/Senior-Data-Scientist-Specialist?utm_campaign=google_jobs_apply&utm_source=google_jobs_apply&utm_medium=organic,False
ql4ZtxrWd2WAcI8SAAAAAA==,"Manager, Data Science - Analytics",eBay,https://encrypted-tbn0.gstatic.com/images?q=tbn:ANd9GcQ4jJ8mXgZgwBwf88jYM5si3QgvclxNqkf56J4G&s=0,https://www.ebay.com,EBay Jobs - EBay Inc.,Full-time,['FULLTIME'],https://jobs.ebayinc.com/us/en/job/R0067684/Manager-Data-Science-Analytics?utm_campaign=google_jobs_apply&utm_source=google_jobs_apply&utm_medium=organic,False
BcxxcXUzZLzVvM14AAAAAA==,Senior Consultant - Data Scientist,Thoughtworks,,https://www.thoughtworks.com,Thoughtworks,Full-time,['FULLTIME'],https://www.thoughtworks.com/en-in/careers/jobs/6757600?utm_campaign=google_jobs_apply&utm_source=google_jobs_apply&utm_medium=organic,False
e3xiUdbbv3OBcFxcAAAAAA==,Data Scientist Job Opening in Capgemini,Capgemini India,,https://www.capgemini.com,LinkedIn,Full-time,['FULLTIME'],https://in.linkedin.com/jobs/view/data-scientist-job-opening-in-capgemini-at-capgemini-india-4281336373?utm_campaign=google_jobs_apply&utm_source=google_jobs_apply&utm_medium=organic,False
hp0QuWJoEXc9gaDzAAAAAA==,"Data Scientist, AVP",NatWest Digital X,https://encrypted-tbn0.gstatic.com/images?q=tbn:ANd9GcTu6lhEsxQT1UOE-2wyjArdjztL1XAiD4j-IMNO&s=0,https://jobs.natwestgroup.com,NatWest Group Careers,Full-time,['FULLTIME'],https://jobs.natwestgroup.com/jobs/16388167-data-scientist-avp?utm_campaign=google_jobs_apply&utm_source=google_jobs_apply&utm_medium=organic,False
7saNS5RKpvwQL98FAAAAAA==,Data Science Engineer 3,Adobe,,https://www.adobe.com,Adobe Careers,Full-time,['FULLTIME'],https://careers.adobe.com/us/en/job/R156884/Data-Science-Engineer-3?utm_campaign=google_jobs_apply&utm_source=google_jobs_apply&utm_medium=organic,False
Xyuh25clXEKktKquAAAAAA==,Data Scientist (Generative AI),Philips,https://encrypted-tbn0.gstatic.com/images?q=tbn:ANd9GcT3BvOSbeleVsgg_WKcS-3kyXmSZDklFx3l4kOe&s=0,https://www.philips.com,Philips Careers,Full-time,['FULLTIME'],https://www.careers.philips.com/professional/global/en/job/549349/Data-Scientist-Generative-AI?utm_campaign=google_jobs_apply&utm_source=google_jobs_apply&utm_medium=organic,False
aCYfiruH2my-oTIPAAAAAA==,Data Science (Alpha Data Services) – Assistant Vice President,State Street,https://encrypted-tbn0.gstatic.com/images?q=tbn:ANd9GcTCf5JsP71oCSJ0wmNuAgUw30uxFmqmXMTBNJKt&s=0,http://www.statestreet.com/,State Street Careers,Full-time,['FULLTIME'],https://careers.statestreet.com/global/en/job/STSTGLOBALR776292EXTERNALENGLOBAL/Data-Science-Alpha-Data-Services-Assistant-Vice-President?utm_campaign=google_jobs_apply&utm_source=google_jobs_apply&utm_medium=organic,False
MKvSavhQ7bULntfOAAAAAA==,"Sr. Analyst, Data Science",Kenvue,https://encrypted-tbn0.gstatic.com/images?q=tbn:ANd9GcTRVOUJymkitVkp85G4Bb5_1sco-5dwpcrinTSa&s=0,http://www.kenvue.com/,Careers At Kenvue,Full-time,['FULLTIME'],https://jobs.kenvue.com/sr-analyst-data-science/job/B2711117B5597E6A116E2E6DCEFE2DA0?utm_campaign=google_jobs_apply&utm_source=google_jobs_apply&utm_medium=organic,True
L0XD0XXCa-UxicwRAAAAAA==,"Senior, Data Scientist",Schneider Electric Careers,,http://www.se.com/,Schneider Electric,Full-time,['FULLTIME'],https://www.se.com/ww/en/about-us/careers/job-details/senior--data-scientist/009G5J/?utm_campaign=google_jobs_apply&utm_source=google_jobs_apply&utm_medium=organic,True
KycCmhBmp9oPm1U3AAAAAA==,Sr Data Scientist- Content Creation,Target India,,https://india.target.com,Target Corporation,Full-time,['FULLTIME'],https://corporate.target.com/jobs/w60/41/sr-data-scientist-content-creation?utm_campaign=google_jobs_apply&utm_source=google_jobs_apply&utm_medium=organic,False
FEg83Js4phBaIDlcAAAAAA==,Data Scientist (Model Governance & Validation) - Bangalore,Early Career,,https://www.kpmguscareers.com,Citi Careers,Full-time,['FULLTIME'],https://jobs.citi.com/job/bengaluru/data-scientist-model-governance-and-validation-bangalore/287/84406815648?utm_campaign=google_jobs_apply&utm_source=google_jobs_apply&utm_medium=organic,False
V3GGXi6rcSNl4LIlAAAAAA==,Data Scientist - III,Locus.sh,https://encrypted-tbn0.gstatic.com/images?q=tbn:ANd9GcTDA0gsbv2CpGdxGZDSXMZSQgT_EWPLz2t1n1re&s=0,http://locus.sh/,Locus.freshteam.com,Full-time,['FULLTIME'],https://locus.freshteam.com/jobs/IQvYmc1OsegX/data-scientist-iii?utm_campaign=google_jobs_apply&utm_source=google_jobs_apply&utm_medium=organic,False
jgmtEna3clu_RPwNAAAAAA==,Data Scientist with LLM,Brillio,https://encrypted-tbn0.gstatic.com/images?q=tbn:ANd9GcQ6JRSpvg1HCu-rk2FVIeensPEQTRp877aBBQQ0&s=0,http://brillio.com/,Iitjobs,Full-time,['FULLTIME'],https://www.iitjobs.com/job/data-scientist-with-llm-bangalore-karnataka-india-brillio-116045?utm_campaign=google_jobs_apply&utm_source=google_jobs_apply&utm_medium=organic,False
YXn7mOs5cKKmmhAhAAAAAA==,"Senior Data Scientist, Supply Chain",Danaher,https://encrypted-tbn0.gstatic.com/images?q=tbn:ANd9GcTH2ZfZjk1P_2govGe6tVHzZrAOU18jdfEMNw8a&s=0,http://www.danaher.com/,Danaher Careers - Danaher Corporation,Full-time,['FULLTIME'],https://jobs.danaher.com/global/en/job/R1292917/Senior-Data-Scientist-Supply-Chain?utm_campaign=google_jobs_apply&utm_source=google_jobs_apply&utm_medium=organic,False
sj7FMh2RwXCLTgriAAAAAA==,"Data Scientist- Bengaluru/ Bangalore ,Pune-ap Moller-maersk Shipping-4-7 - TimesJobs.com",ap moller-maersk shipping,,http://www.maersk.com/,JobLeads,Full-time,['FULLTIME'],https://www.jobleads.com/in/job/data-scientist-bengaluru-bangalore-pune-ap-moller-maersk-shipping-4-7-timesjobs-com--bengaluru--e8ab86ec9c42922b7ce272cc49faeb36f?utm_campaign=google_jobs_apply&utm_source=google_jobs_apply&utm_medium=organic,False
DidwG7B_QNzPjtshAAAAAA==,Data Scientist I,Uber,https://encrypted-tbn0.gstatic.com/images?q=tbn:ANd9GcQrnrY2RBocwi6880j2OSqQFKoIisGklfEwXd_3&s=0,https://www.uber.com/,Uber,Full-time,['FULLTIME'],https://www.uber.com/global/es-es/careers/list/138332/?utm_campaign=google_jobs_apply&utm_source=google_jobs_apply&utm_medium=organic,True
wehWeH-2tNooO8VUAAAAAA==,Senior Architect - Data Science,Iron Mountain,,http://www.ironmountain.com/,Iron Mountain Jobs,Full-time,['FULLTIME'],https://ironmountain.jobs/bangalore-ind/senior-architect-data-science/C427DC8FE1824389B901E927D5043FB0/job/?utm_campaign=google_jobs_apply&utm_source=google_jobs_apply&utm_medium=organic,False
BrgGIxNKZ7igwftJAAAAAA==,"Data Scientist, Sr - (Databricks , Azure, ML Engineering)",Epicor,https://encrypted-tbn0.gstatic.com/images?q=tbn:ANd9GcRnxk79AJk2jwv5ouJkKz8QpW2w5xHXDXInys8f&s=0,http://www.epicor.com/,LinkedIn,Full-time,['FULLTIME'],https://in.linkedin.com/jobs/view/data-scientist-sr-databricks-azure-ml-engineering-at-epicor-4232752397?utm_campaign=google_jobs_apply&utm_source=google_jobs_apply&utm_medium=organic,False
lTFUNmESZupeBfDQAAAAAA==,Data Scientist (Generative AI),Philips,https://encrypted-tbn0.gstatic.com/images?q=tbn:ANd9GcRNPRGVuR_2W40tDAI4c6xgqNUfSkME7uc9r4cI&s=0,https://www.philips.com,Philips Careers,Full-time,['FULLTIME'],https://www.careers.philips.com/in/en/job/549349/Data-Scientist-Generative-AI?utm_campaign=google_jobs_apply&utm_source=google_jobs_apply&utm_medium=organic,False
XFbg0XC3-g9NoIu9AAAAAA==,Principal Data Scientist/ Data Science Manager,Meesho,https://encrypted-tbn0.gstatic.com/images?q=tbn:ANd9GcS5TR0GV8kIqkfdK4bdbLqJ1ghFLp4Jr89H3aEF&s=0,http://www.meesho.com/,Lever,Full-time,['FULLTIME'],https://jobs.lever.co/meesho/3d5bf582-493f-4298-b7de-e42a7d58a358?utm_campaign=google_jobs_apply&utm_source=google_jobs_apply&utm_medium=organic,False
XObaafqPo4FIB5z-AAAAAA==,"Senior Data Scientist - Machine Learning, NLP, R, Python",UnitedHealth Group,https://encrypted-tbn0.gstatic.com/images?q=tbn:ANd9GcQT7a_nKuRSDM0nrBU5mOlim6308gy5dWZ3IPHZ&s=0,https://www.unitedhealthgroup.com/,Careers At UnitedHealth Group,Full-time,['FULLTIME'],https://careers.unitedhealthgroup.com/job/22028825/senior-data-scientist-machine-learning-nlp-r-python-bangalore-in/?utm_campaign=google_jobs_apply&utm_source=google_jobs_apply&utm_medium=organic,False
dvGVpMY7EDYnVcm7AAAAAA==,Lead Data Scientist- Operations Research,TARGET,https://encrypted-tbn0.gstatic.com/images?q=tbn:ANd9GcQH5ezoAfhXpLNLjwe3etb1NV3ycSSP9LpqeW4s&s=0,http://target.com/,Target,Full-time,['FULLTIME'],https://indiajobs.target.com/job/bengaluru/lead-data-scientist-operations-research/34386/83896750448?utm_campaign=google_jobs_apply&utm_source=google_jobs_apply&utm_medium=organic,False
ICbLXoWF47I-LF9hAAAAAA==,Senior Data Scientist – Medical Imaging (Deep Learning & Foundation Models),Ekfrazo Technologies Private Limited,https://encrypted-tbn0.gstatic.com/images?q=tbn:ANd9GcQieS62XoLEIu8Goy5YjH4-Bvz8gYFcb4yzG703&s=0,,LinkedIn,Full-time,['FULLTIME'],https://in.linkedin.com/jobs/view/senior-data-scientist-%E2%80%93-medical-imaging-deep-learning-foundation-models-at-ekfrazo-technologies-private-limited-4281357020?utm_campaign=google_jobs_apply&utm_source=google_jobs_apply&utm_medium=organic,False
dWxK45ac55T4uY9WAAAAAA==,Data Scientist - Customer Segmentation,Mastercard,,http://www.mastercard.com/,Jobaaj,Full-time,['FULLTIME'],https://www.jobaaj.com/job/mastercard-data-scientist-customer-segmentation-bangalore-1-to-2-years-846985?utm_campaign=google_jobs_apply&utm_source=google_jobs_apply&utm_medium=organic,True
4lAbC-n7ELOKOgDvAAAAAA==,Data Analyst / Data Scientist (Remote),Fundfina Tech,,,Motlay.freshteam.com,Full-time,['FULLTIME'],https://motlay.freshteam.com/jobs/RxOKIucCC7gy/data-analyst-data-scientist-remote?utm_campaign=google_jobs_apply&utm_source=google_jobs_apply&utm_medium=organic,False
FEg83Js4phBaIDlcAAAAAA==,Data Scientist (Model Governance & Validation) - Bangalore,Early Career,,https://www.kpmguscareers.com,Citi Careers,Full-time,['FULLTIME'],https://jobs.citi.com/job/bengaluru/data-scientist-model-governance-and-validation-bangalore/287/84406815648?utm_campaign=google_jobs_apply&utm_source=google_jobs_apply&utm_medium=organic,False
X9JRolpBeqD4iLURAAAAAA==,Data Scientist-Bangalore (6-8 Years of Experience ),A Client of Analytics Vidhya,,https://jobsnew.analyticsvidhya.com,Analytics Vidhya,Full-time,['FULLTIME'],https://jobsnew.analyticsvidhya.com/jobs/data-scientist-bangalore-6-8-years-of-experience/?utm_campaign=google_jobs_apply&utm_source=google_jobs_apply&utm_medium=organic,False
s8X7jC30pPqLiQHiAAAAAA==,Senior Data Scientist II,Chubb External,,,Oracle,Full-time,['FULLTIME'],https://fa-ewgu-saasfaprod1.fa.ocs.oraclecloud.com/hcmUI/CandidateExperience/en/sites/CX_2001/job/19350?utm_campaign=google_jobs_apply&utm_source=google_jobs_apply&utm_medium=organic,False
CBtxk3OZxlqwvHr4AAAAAA==,Senior Data Scientist / AI Engineer,Bosch Group,https://encrypted-tbn0.gstatic.com/images?q=tbn:ANd9GcQEozIj8XWtyiPebBHUj7IBml47NcX77kQ4jp2w&s=0,http://www.bosch.com/,Smart Recruiters Jobs,Full-time,['FULLTIME'],https://jobs.smartrecruiters.com/BoschGroup/744000074449176-senior-data-scientist-ai-engineer?utm_campaign=google_jobs_apply&utm_source=google_jobs_apply&utm_medium=organic,False
8fdo4yXZR0Jma3o0AAAAAA==,"Data Scientist, Cloud Infrastructure",Oracle,,https://www.oracle.com,Jobaaj,Full-time,['FULLTIME'],https://www.jobaaj.com/job/oracle-data-scientist-cloud-infrastructure-bangalore-3-to-5-years-756030?utm_campaign=google_jobs_apply&utm_source=google_jobs_apply&utm_medium=organic,True
OeIut-O3lj6ZvFdmAAAAAA==,Data Scientist (SDE 2/3),Kredivo Group,,https://kredivocorp.com,Kredivo Group,Full-time,['FULLTIME'],https://careers.kredivocorp.com/p/d2756e8044c9-senior-data-scientist?utm_campaign=google_jobs_apply&utm_source=google_jobs_apply&utm_medium=organic,False
6HZGc-hivIftVbCkAAAAAA==,"Senior Data Scientist role at Analytics Vidhya in Indore ,Bengaluru/ Bangalore",Analytics Vidhya,,https://www.analyticsvidhya.com,TimesJobs,Full-time,['FULLTIME'],http://m.timesjobs.com/mobile/job-detail/senior-data-scientist-analytics-vidhya-indore-bengaluru-bangalore-5-to-8-yrs-jobid-lpvGF3h37fJzpSvf__PLUS__uAgZw==?utm_campaign=google_jobs_apply&utm_source=google_jobs_apply&utm_medium=organic,False
_X85rEKwKqh5npmNAAAAAA==,"Machine Learning Engineer, AVP",NatWest Digital X,https://encrypted-tbn0.gstatic.com/images?q=tbn:ANd9GcTu6lhEsxQT1UOE-2wyjArdjztL1XAiD4j-IMNO&s=0,https://jobs.natwestgroup.com,NatWest Group Careers,Full-time,['FULLTIME'],https://jobs.natwestgroup.com/jobs/16389032-machine-learning-engineer-avp?utm_campaign=google_jobs_apply&utm_source=google_jobs_apply&utm_medium=organic,False
75zem_tk1v_fxmEhAAAAAA==,ML Engineer II - Applied AI,Uber,https://encrypted-tbn0.gstatic.com/images?q=tbn:ANd9GcQrnrY2RBocwi6880j2OSqQFKoIisGklfEwXd_3&s=0,https://www.uber.com,Uber,Full-time,['FULLTIME'],https://www.uber.com/global/en/careers/list/144219/?utm_campaign=google_jobs_apply&utm_source=google_jobs_apply&utm_medium=organic,True
jhsG6xIdx1pGsy9SAAAAAA==,"Machine Learning Engineer, Data and Analytics","Keysight Technologies, Inc.",,https://www.keysight.com,Keysight Careers,Full-time,['FULLTIME'],https://jobs.keysight.com/external/jobs/49047?lang=en-us&utm_campaign=google_jobs_apply&utm_source=google_jobs_apply&utm_medium=organic,True
y9qlCQdCqa8MaiJkAAAAAA==,Senior AI/ML Engineer,Verizon,,https://www.verizon.com,Verizon Careers,Full-time,['FULLTIME'],https://mycareer.verizon.com/jobs/r-1064556/senior-ai-ml-engineer/?utm_campaign=google_jobs_apply&utm_source=google_jobs_apply&utm_medium=organic,False
Y9MP1m37IK0MhQVAAAAAAA==,Software Engineer - Machine Learning,Observe.AI,https://encrypted-tbn0.gstatic.com/images?q=tbn:ANd9GcTnwMGlok06Ta8ElokqsXdvHIqnZ0pPa3dNI6Fs&s=0,https://www.observe.ai,Instahyre,Full-time,['FULLTIME'],https://www.instahyre.com/job-386842-software-engineer-machine-learning-at-observe-bangalore/?utm_campaign=google_jobs_apply&utm_source=google_jobs_apply&utm_medium=organic,False
sqkA8MTDU5272sxOAAAAAA==,Senior AI/ML Engineer,Altysys,https://encrypted-tbn0.gstatic.com/images?q=tbn:ANd9GcSM7LSIwCA3wIADJR9FqD_64WO-NOR0j2j_s8_p&s=0,https://altysys.com,LinkedIn,Full-time,['FULLTIME'],https://in.linkedin.com/jobs/view/senior-ai-ml-engineer-at-altysys-4281042314?utm_campaign=google_jobs_apply&utm_source=google_jobs_apply&utm_medium=organic,False
VGIDcMsPjNtqYQOsAAAAAA==,"Senior Machine Learning Engineer - Content and Ad platform Team, Bangalore",WARNERMEDIA,,,WBD Careers - Warner Bros. Discovery,Full-time,['FULLTIME'],https://careers.wbd.com/jp/ja/job/R000087727/Senior-Machine-Learning-Engineer-Content-and-Ad-platform-Team-Bangalore?utm_campaign=google_jobs_apply&utm_source=google_jobs_apply&utm_medium=organic,False
4lYuS7__PPW0EMQpAAAAAA==,Machine Learning Developer,Capgemini Engineering,,https://www.capgemini.com,Capgemini,Full-time,['FULLTIME'],https://www.capgemini.com/in-en/jobs/185691-en_GB+sap_btp?utm_campaign=google_jobs_apply&utm_source=google_jobs_apply&utm_medium=organic,False
1IkLy0yr5Bq_J_-aAAAAAA==,Sr Manager - Machine Learning (Applied AI),Uber,https://encrypted-tbn0.gstatic.com/images?q=tbn:ANd9GcQrnrY2RBocwi6880j2OSqQFKoIisGklfEwXd_3&s=0,https://www.uber.com,Uber,Full-time,['FULLTIME'],https://www.uber.com/global/en/careers/list/142399/?utm_campaign=google_jobs_apply&utm_source=google_jobs_apply&utm_medium=organic,True
WqkobkZ-Ou3mjaR0AAAAAA==,"Software Engineer, Machine Learning (India)",Glean,https://encrypted-tbn0.gstatic.com/images?q=tbn:ANd9GcSAzCw02diP12bce8LFO-aGU-93iR2QrFfMG0OF&s=0,https://www.glean.com,VentureLoop,Full-time,['FULLTIME'],https://www.ventureloop.com/ventureloop/jobdetail.php?jobid=2676324&utm_campaign=google_jobs_apply&utm_source=google_jobs_apply&utm_medium=organic,False
GGe_ejo4xKS6IYyZAAAAAA==,Machine Learning Specialist,Undisclosed,https://encrypted-tbn0.gstatic.com/images?q=tbn:ANd9GcT62bhCXblp8nTqap_W5LUOgmWaCMh1QXzZPUlv&s=0,https://undisclosed.global,LinkedIn,Contractor,"['CONTRACTOR', 'CONTRACTOR']",https://in.linkedin.com/jobs/view/machine-learning-specialist-at-undisclosed-4281396875?utm_campaign=google_jobs_apply&utm_source=google_jobs_apply&utm_medium=organic,False
FqRCaextrz6Bh46rAAAAAA==,"Machine Learning Engineer ,Pytorch Engineering , Bangalore, India",Red Hat,,http://www.redhat.com/,Job Referral,Full-time,['FULLTIME'],https://getmereferred.com/job-listing/machine-learning-engineer-pytorch-engineering-bangalore-india-red-hat-bengaluru-2-to-5-years-experience-648528ce-3fde-406a-91d4-e67801b5e48a?utm_campaign=google_jobs_apply&utm_source=google_jobs_apply&utm_medium=organic,False
ctKVG5u8Nb-kh4U9AAAAAA==,Machine Learning/Node Js Engineer,Motorola Solutions,https://encrypted-tbn0.gstatic.com/images?q=tbn:ANd9GcS1o2css6CthXHodaRmZ2iqxKnzxA3hiFQ1k2Cz&s=0,http://www.motorolasolutions.com/,Jobaaj,Full-time,['FULLTIME'],https://www.jobaaj.com/job/motorola-solutions-machine-learning-node-js-engineer-bengaluru-bangalore-karnataka-3-to-5-years-780434?utm_campaign=google_jobs_apply&utm_source=google_jobs_apply&utm_medium=organic,True
Cr8Op87eqm6YSQFpAAAAAA==,Machine Learning Engineer (MLOps & Model),Sony,https://encrypted-tbn0.gstatic.com/images?q=tbn:ANd9GcQnFFoypLTyBvGRu_AU9tarLHmm1grUCO4KKhJ8&s=0,http://www.sony.com/,Instahyre,Full-time,['FULLTIME'],https://www.instahyre.com/job-367775-machine-learning-engineer-mlops-model-at-sony-bangalore/?utm_campaign=google_jobs_apply&utm_source=google_jobs_apply&utm_medium=organic,False
jtjTDXMJ0xjpesYMAAAAAA==,AI Engineer,Alstom,https://encrypted-tbn0.gstatic.com/images?q=tbn:ANd9GcQCtxC6m1t9MRlJdxlGM6ZJiP1nmMTlX7cyJXns&s=0,http://www.alstom.com/,Alstom Careers,Full-time,['FULLTIME'],https://jobsearch.alstom.com/job/Bangalore-AI-Engineer-KA/1212334201/?utm_campaign=google_jobs_apply&utm_source=google_jobs_apply&utm_medium=organic,False
SQPMPnepdmJCEK29AAAAAA==,Atlas Systems - Senior Machine Learning Engineer - Deep Learning/Python,Atlas Systems,https://encrypted-tbn0.gstatic.com/images?q=tbn:ANd9GcQ08tsHtBbWoc39BpqHq7aBZfVarszawQ0S5OBD&s=0,https://www.atlassystems.com,LinkedIn,Full-time,['FULLTIME'],https://in.linkedin.com/jobs/view/atlas-systems-senior-machine-learning-engineer-deep-learning-python-at-atlas-systems-4248377851?utm_campaign=google_jobs_apply&utm_source=google_jobs_apply&utm_medium=organic,False
G8snB1Lmtv7HmjzyAAAAAA==,ML Engineer II,Uber,https://encrypted-tbn0.gstatic.com/images?q=tbn:ANd9GcQrnrY2RBocwi6880j2OSqQFKoIisGklfEwXd_3&s=0,https://www.uber.com,Uber,Full-time,['FULLTIME'],https://www.uber.com/global/da/careers/list/145501/?utm_campaign=google_jobs_apply&utm_source=google_jobs_apply&utm_medium=organic,True
Lr7Ef9W1SmK8pfbCAAAAAA==,AI Orchestration Developer - Machine Learning Group,Qualcomm,,http://www.qualcomm.com/,Qualcomm Careers,Full-time,['FULLTIME'],https://careers.qualcomm.com/careers/job/446704002775-ai-orchestration-developer-machine-learning-group-bangalore-karnataka-india?domain=qualcomm.com&utm_campaign=google_jobs_apply&utm_source=google_jobs_apply&utm_medium=organic,False
zb4AsHAVS8KPVq26AAAAAA==,Senior Machine Learning Engineer II,Moveworks,https://encrypted-tbn0.gstatic.com/images?q=tbn:ANd9GcTNNEQdwnUedvMekS0a9gEfB90SzLYqJEW4PLle&s=0,http://www.moveworks.com/,Instahyre,Full-time,['FULLTIME'],https://www.instahyre.com/job-370890-senior-machine-learning-engineer-ii-at-moveworks-bangalore/?utm_campaign=google_jobs_apply&utm_source=google_jobs_apply&utm_medium=organic,False
qaqShldreJzbiNGsAAAAAA==,Machine Learning Engineer Computer Vision & VLM role at Savram AI in Bengaluru/ Bangalore,Savram AI,,,TimesJobs,Full-time,['FULLTIME'],https://m.timesjobs.com/mobile/job-detail/machine-learning-engineer-computer-vision-vlm-savram-ai-bengaluru-bangalore-2-to-3-yrs-jobid-JNrtCeQ__PLUS____SLASH__ZRzpSvf__PLUS__uAgZw==&bc=+&sequence=13?utm_campaign=google_jobs_apply&utm_source=google_jobs_apply&utm_medium=organic,False
9ossiWECYoWHEzEcAAAAAA==,Senior Staff Machine Learning Engineer,Netradyne,https://encrypted-tbn0.gstatic.com/images?q=tbn:ANd9GcST1qrDjbuDUCg7L3UhC93eJdEfM3H2CIgf1k1R&s=0,https://www.netradyne.com,VentureLoop,Full-time,['FULLTIME'],https://www.ventureloop.com/ventureloop/jobdetail.php?jobid=2868969&utm_campaign=google_jobs_apply&utm_source=google_jobs_apply&utm_medium=organic,False
x_kPUGoksWj9jFWXAAAAAA==,Machine Learning & Data Science Engineer,whitetable.ai,,https://whitetable.ai,Hirist,Full-time,['FULLTIME'],https://www.hirist.tech/j/machine-learning-and-data-science-engineer-1510572?utm_campaign=google_jobs_apply&utm_source=google_jobs_apply&utm_medium=organic,False
xtfqHuQivjWDV9ccAAAAAA==,Junior Machine Learning Engineer,GlobalLogic,https://encrypted-tbn0.gstatic.com/images?q=tbn:ANd9GcTgY6DCX1xyufHcyMPUnerG3RtuzQSvprfIKfVT&s=0,https://www.globallogic.com,Jobaaj,Full-time,['FULLTIME'],https://www.jobaaj.com/job/globallogic-junior-machine-learning-engineer-bangalore-0-to-1-years-771088?utm_campaign=google_jobs_apply&utm_source=google_jobs_apply&utm_medium=organic,True
OUEvx1oo4p90T4fsAAAAAA==,"Mid Data Science & AIML, GenAI Lead/Engineer",NTT DATA North America,https://encrypted-tbn0.gstatic.com/images?q=tbn:ANd9GcSH-kJJf4usVs88xwWi9RzoKCcYwdh4R-8gb1hu&s=0,,NTT DATA Careers,Full-time,['FULLTIME'],https://careers.services.global.ntt/global/en/job/cc581017aa33500/Mid-Data-Science-AIML-GenAI-Lead-Engineer?utm_campaign=google_jobs_apply&utm_source=google_jobs_apply&utm_medium=organic,False
5-PVgoxXfgtolP9TAAAAAA==,Software / ai / machine learning engineer - hybrid,7-Eleven Global Solution Center – India,https://encrypted-tbn0.gstatic.com/images?q=tbn:ANd9GcSHTw36HsS-Wgo9pgYzlBG57Ppfr7wuChw4Kz4r&s=0,,Expertini,Full-time,['FULLTIME'],https://in.expertini.com/jobs/job/software-ai-machine-learning-engineer-hybrid-bangalore-7-eleven-global-solution-center-india-4187-12844789/?utm_campaign=google_jobs_apply&utm_source=google_jobs_apply&utm_medium=organic,False
JNAkrj81c96SiYdOAAAAAA==,"Staff Machine Learning Engineer-Search & Personalization, Bangalore",WARNER BROS DISCOVERY,,,Job Referral,Full-time,['FULLTIME'],https://getmereferred.com/job-listing/staff-machine-learning-engineersearch-personalization-bangalore-warner-bros-discovery-bengaluru-2-to-5-years-experience-619b418a-2eb0-4543-a129-9761abeb59bb?utm_campaign=google_jobs_apply&utm_source=google_jobs_apply&utm_medium=organic,False
qUyQjrePCaBHLxF0AAAAAA==,"Machine Learning Engineer role at Analytics Vidhya in Indore ,Bengaluru/ Bangalore",Analytics Vidhya,https://encrypted-tbn0.gstatic.com/images?q=tbn:ANd9GcSsyjeBL82BOtuvdQIkkcA4pbVf7Li0WgS3T4aM&s=0,https://www.analyticsvidhya.com,TimesJobs,Full-time,['FULLTIME'],https://m.timesjobs.com/mobile/job-detail/machine-learning-engineer-analytics-vidhya-indore-bengaluru-bangalore-5-to-7-yrs-jobid-62KkY0SMBfhzpSvf__PLUS__uAgZw==&bc=+&sequence=7?utm_campaign=google_jobs_apply&utm_source=google_jobs_apply&utm_medium=organic,False
fgLnhN-4QrFUnHtTAAAAAA==,Machine Learning Engineer (Recommender Systems),InMobi,https://encrypted-tbn0.gstatic.com/images?q=tbn:ANd9GcRVKpl9klWFg46fWJZNn8wWhxJCRuCuSFkx-g6F&s=0,https://www.inmobi.com,Instahyre,Full-time,['FULLTIME'],https://www.instahyre.com/job-356085-machine-learning-engineer-recommender-systems-at-inmobi-bangalore/?utm_campaign=google_jobs_apply&utm_source=google_jobs_apply&utm_medium=organic,False
sEhqQDUXwWGrfk6DAAAAAA==,ClearTrail Technologies - Senior Machine Learning Engineer,ClearTrail Technologies,https://encrypted-tbn0.gstatic.com/images?q=tbn:ANd9GcS3fhNLpQc7xnyiOniCZrpqRNEAQqZbO7dLYn2V&s=0,https://www.clear-trail.com,Hirist,Full-time,['FULLTIME'],https://www.hirist.tech/j/clear-trail-technologies-senior-machine-learning-engineer-1477716?utm_campaign=google_jobs_apply&utm_source=google_jobs_apply&utm_medium=organic,False
lrWeC3Z2JvZhc1mxAAAAAA==,Machine Learning Engineer - 2,Parspec,https://encrypted-tbn0.gstatic.com/images?q=tbn:ANd9GcRepBUCJANEOXJFiV7oUNzZJQFIdU17-1nDITkk&s=0,http://www.parspec.io/,Jobs,Full-time,['FULLTIME'],https://jobs.ashbyhq.com/parspec/96f7ebdc-b6aa-4c87-97bd-ec3572a4db3e?utm_campaign=google_jobs_apply&utm_source=google_jobs_apply&utm_medium=organic,True
MYCKG9Q6aEZqA9xyAAAAAA==,"Sr Machine Learning Engineer, AI Governance",Visa,https://encrypted-tbn0.gstatic.com/images?q=tbn:ANd9GcSBAMFjX5B7yzf3MMwT9FHL8N2xeZbwgMlhYyOA&s=0,http://www.visa.com/,Jobaaj,Full-time,['FULLTIME'],https://www.jobaaj.com/job/visa-sr-machine-learning-engineer-ai-governance-bengaluru-bangalore-karnataka-3-to-5-years-647105?utm_campaign=google_jobs_apply&utm_source=google_jobs_apply&utm_medium=organic,True
Rrgdy0goF5zdjhEbAAAAAA==,Senior Machine Learning Engineer,eBay,https://encrypted-tbn0.gstatic.com/images?q=tbn:ANd9GcQ4jJ8mXgZgwBwf88jYM5si3QgvclxNqkf56J4G&s=0,http://www.ebay.com/,EBay Jobs - EBay Inc.,Full-time,['FULLTIME'],https://jobs.ebayinc.com/us/en/job/R0067864/Senior-Machine-Learning-Engineer?utm_campaign=google_jobs_apply&utm_source=google_jobs_apply&utm_medium=organic,False
r2eCzFb6iX2TypTYAAAAAA==,Applied Machine Learning Engineer,Infrrd Private Limited,https://encrypted-tbn0.gstatic.com/images?q=tbn:ANd9GcRSv3LPHhsiZ4FnhNSzRpVAEE-6gM1yfyx1ws4B&s=0,https://www.infrrd.ai,Iitjobs,Full-time,['FULLTIME'],https://www.iitjobs.com/job/applied-machine-learning-engineer-bangalore-karnataka-india-infrrd-private-limited-67865?utm_campaign=google_jobs_apply&utm_source=google_jobs_apply&utm_medium=organic,False
-KJKbYPCh6L2I3VrAAAAAA==,Staff ML Engineer - Applied AI,Uber,https://encrypted-tbn0.gstatic.com/images?q=tbn:ANd9GcQrnrY2RBocwi6880j2OSqQFKoIisGklfEwXd_3&s=0,https://www.uber.com,Uber,Full-time,['FULLTIME'],https://www.uber.com/global/he/careers/list/142400/?utm_campaign=google_jobs_apply&utm_source=google_jobs_apply&utm_medium=organic,True
rVKSTI_jDZYEo2uyAAAAAA==,Machine learning engineer (hybrid or remote),InvokHR Solutions,https://encrypted-tbn0.gstatic.com/images?q=tbn:ANd9GcSHTw36HsS-Wgo9pgYzlBG57Ppfr7wuChw4Kz4r&s=0,,Expertini,Full-time,['FULLTIME'],https://in.expertini.com/jobs/job/machine-learning-engineer-hybrid-or-remote-bangalore-invokhr-solutions-4187-12790285/?utm_campaign=google_jobs_apply&utm_source=google_jobs_apply&utm_medium=organic,False
qyblpzE67AX7vmCJAAAAAA==,Machine Learning Engineer (GEN AI) - I / II,Kapture CX,https://encrypted-tbn0.gstatic.com/images?q=tbn:ANd9GcS-duPtcgnk6a0obbLcYlhDbtXaM6rnwNESAY5g&s=0,https://www.kapture.cx,Instahyre,Full-time,['FULLTIME'],https://www.instahyre.com/job-378987-machine-learning-engineer-gen-ai-i-ii-at-kapture-cx-bangalore/?utm_campaign=google_jobs_apply&utm_source=google_jobs_apply&utm_medium=organic,False
0D4z7jcf17SyAMpYAAAAAA==,"Manager, Machine Learning Engineering role at CAPITAL ONE in Bengaluru/ Bangalore",CAPITAL ONE,,http://www.capitalone.com/,TimesJobs,Full-time,['FULLTIME'],http://m.timesjobs.com/mobile/job-detail/manager-machine-learning-engineering-capital-one-bengaluru-bangalore-6-to-8-yrs-jobid-A5dEM8XfUAlzpSvf__PLUS__uAgZw==?utm_campaign=google_jobs_apply&utm_source=google_jobs_apply&utm_medium=organic,False
Qv7e4OaKURHGnqdFAAAAAA==,Data Analytics / Machine Learning Engineers,Tata Elxsi,https://encrypted-tbn0.gstatic.com/images?q=tbn:ANd9GcRhTT_9z3nYmX9miTl0rQb5I1_tWDok2ggfDe59&s=0,http://www.tataelxsi.com/,Karkidi,Full-time,['FULLTIME'],https://www.karkidi.com/job-details/76574-data-analytics-machine-learning-engineers-job?utm_campaign=google_jobs_apply&utm_source=google_jobs_apply&utm_medium=organic,False
Zz6tnZBS6aXXuhr7AAAAAA==,AI/ML Scientist - Bangalore/Mumbai,L&T Finance,https://encrypted-tbn0.gstatic.com/images?q=tbn:ANd9GcQ0PU6shPDm8eCU9-rMuiu80I-xQ_m53ehY-xPM&s=0,https://www.ltfinance.com,LinkedIn,Full-time,['FULLTIME'],https://in.linkedin.com/jobs/view/ai-ml-scientist-bangalore-mumbai-at-l-t-finance-4269522927?utm_campaign=google_jobs_apply&utm_source=google_jobs_apply&utm_medium=organic,False
IRLjxn0YI_jBE3NiAAAAAA==,Senior Machine Learning Engineer - NLP & Deep Learning,Squareroot Consulting Pvt Ltd.,https://encrypted-tbn0.gstatic.com/images?q=tbn:ANd9GcSDH0xzDHQm7o2vlenj_GLCiYSS0IFSNxiUmHb-&s=0,,Hirist,Full-time,['FULLTIME'],https://www.hirist.tech/j/senior-machine-learning-engineer-nlp-and-deep-learning-1502487?utm_campaign=google_jobs_apply&utm_source=google_jobs_apply&utm_medium=organic,False
iON21-QvIutAG6IrAAAAAA==,Integrating Manager of AI & Machine Learning,"Keysight Technologies, Inc.",,https://www.keysight.com,Keysight Careers,Full-time,['FULLTIME'],https://jobs.keysight.com/external/jobs/48308?lang=en-us&utm_campaign=google_jobs_apply&utm_source=google_jobs_apply&utm_medium=organic,True
Me7ohh7hoHTcEOM7AAAAAA==,Machine Learning Engineer (Python),Infosys,https://encrypted-tbn0.gstatic.com/images?q=tbn:ANd9GcT6kh87lkX5PmMx1uF_qfwy5ZSokDjQzyIJd6_N&s=0,https://www.infosys.com,C# Corner,Full-time,['FULLTIME'],https://www.c-sharpcorner.com/jobs/machine-learning-engineer-python2?utm_campaign=google_jobs_apply&utm_source=google_jobs_apply&utm_medium=organic,False
Ju7ZXpXpdtrJyFQeAAAAAA==,Sr. Data Scientist / Machine Learning Engineer Gen AI & LLM role at Databricks in Bengaluru/ Bangalore,Databricks,https://encrypted-tbn0.gstatic.com/images?q=tbn:ANd9GcSThrxeHfeQZ7a59m7bT_8XD1BMWzLp3NlsYG3L&s=0,https://www.databricks.com,TimesJobs,Full-time,['FULLTIME'],https://m.timesjobs.com/mobile/job-detail/sr-data-scientist-machine-learning-engineer-gen-ai-llm-databricks-bengaluru-bangalore-5-to-8-yrs-jobid-__SLASH__L5KxtN__PLUS__ZEVzpSvf__PLUS__uAgZw==&bc=+&sequence=21?utm_campaign=google_jobs_apply&utm_source=google_jobs_apply&utm_medium=organic,False
RJ4ZSlFdoxrbB3QXAAAAAA==,Senior Lead- Machine Learning Engineering,Capital One,,https://www.capitalone.com,Jooble,Full-time,['FULLTIME'],https://in.jooble.org/jdp/-2427025817908378611?utm_campaign=google_jobs_apply&utm_source=google_jobs_apply&utm_medium=organic,False
Ap668g-pigYJQcz2AAAAAA==,Machine Learning Engineer I,CommerceIQ,https://encrypted-tbn0.gstatic.com/images?q=tbn:ANd9GcTclXj8yxdubgF17oxn0gPPsltIqguCINgi7UHE&s=0,https://www.commerceiq.ai,Jobaaj,Full-time,['FULLTIME'],https://www.jobaaj.com/job/commerceiq-machine-learning-engineer-i-bengaluru-bangalore-karnataka-2-to-4-years-674880?utm_campaign=google_jobs_apply&utm_source=google_jobs_apply&utm_medium=organic,True
T7Wd5gHhSbUGJp4WAAAAAA==,Principal Machine Learning Engineer role at Atlassian in Bengaluru/ Bangalore,Atlassian,,https://www.atlassian.com,TimesJobs,Full-time,['FULLTIME'],https://www.timesjobs.com/job-detail/principal-machine-learning-engineer-atlassian-bengaluru-bangalore-10-to-13-yrs-jobid-n3QFbzrwPrdzpSvf__PLUS__uAgZw==?utm_campaign=google_jobs_apply&utm_source=google_jobs_apply&utm_medium=organic,False
KxN1hzKSpn60FTz5AAAAAA==,Machine Learning Engineer 5,Adobe,https://encrypted-tbn0.gstatic.com/images?q=tbn:ANd9GcT3c5uYJCcoTrrKmhrNxFKu-J9EZw1mGJ7pFPB-&s=0,https://www.adobe.com,Instahyre,Full-time,['FULLTIME'],https://www.instahyre.com/job-369430-machine-learning-engineer-5-at-adobe-bangalore/?utm_campaign=google_jobs_apply&utm_source=google_jobs_apply&utm_medium=organic,False
pwJyEt43GKWbVHhxAAAAAA==,Staff Data Engineer - Machine Learning,Netradyne,https://encrypted-tbn0.gstatic.com/images?q=tbn:ANd9GcST1qrDjbuDUCg7L3UhC93eJdEfM3H2CIgf1k1R&s=0,https://www.netradyne.com,VentureLoop,Full-time,['FULLTIME'],https://www.ventureloop.com/ventureloop/job/2908913/netradyne/staff-data-engineer-machine-learning?utm_campaign=google_jobs_apply&utm_source=google_jobs_apply&utm_medium=organic,False
OJdYMwnDnx2jbRtlAAAAAA==,Graduate Software Engineer,HPE,https://encrypted-tbn0.gstatic.com/images?q=tbn:ANd9GcSa7qBhCyiynTlupE7NsYwRDRJLm0EQS1gli5gY&s=0,,HPE Careers,Full-time,['FULLTIME'],https://careers.hpe.com/us/en/job/1192343/Graduate-Software-Engineer?utm_campaign=google_jobs_apply&utm_source=google_jobs_apply&utm_medium=organic,False
LvYeHFjdZr2oq5AWAAAAAA==,"Software Engineer II, Data Capability Group",Bristol Myers Squibb,https://encrypted-tbn0.gstatic.com/images?q=tbn:ANd9GcQSGZgZj8hQ8S9DNRcuhT1TlAiOm5mZ14xjzjpt&s=0,,BMS Careers - Bristol Myers Squibb,Full-time,['FULLTIME'],https://jobs.bms.com/careers/job/137469588366-software-engineer-ii-data-capability-group-hyderabad-ts-in?domain=bms.com&utm_campaign=google_jobs_apply&utm_source=google_jobs_apply&utm_medium=organic,False
_KH5lqU2ikR42fmDAAAAAA==,Senior Software Engineer - JavaScript Full Stack,ServiceNow,https://encrypted-tbn0.gstatic.com/images?q=tbn:ANd9GcRTKYOfBp7PGNXn_UuimS-If47jMLjo6Eso9JMZ&s=0,https://www.servicenow.com,ServiceNow Careers,Full-time,['FULLTIME'],https://careers.servicenow.com/jobs/744000074961233/senior-software-engineer-javascript-full-stack/?utm_campaign=google_jobs_apply&utm_source=google_jobs_apply&utm_medium=organic,False
d3JIsH-5qjznrIFGAAAAAA==,Software Engineer- ServiceNow,Blackbaud,https://encrypted-tbn0.gstatic.com/images?q=tbn:ANd9GcT1tosBEAdwLXGSg-bgkrorMS76GP5Bhu5Pd5GD&s=0,https://www.blackbaud.com,Blackbaud Jobs,Full-time,['FULLTIME'],https://careers.blackbaud.com/us/en/job/R0013003/Software-Engineer-ServiceNow?utm_campaign=google_jobs_apply&utm_source=google_jobs_apply&utm_medium=organic,False
DP5WTpOHLptne2lfAAAAAA==,"Software Engineer (Python, Aws)",Experian,,https://www.experian.com,Experian,Full-time,['FULLTIME'],https://jobs.experian.com/job/software-engineer-python-aws-in-hyderabad-india-jid-940?utm_campaign=google_jobs_apply&utm_source=google_jobs_apply&utm_medium=organic,False
MwAf8mWoTVllHgcUAAAAAA==,Associate Software Engineer II - Production Support,UnitedHealth Group,https://encrypted-tbn0.gstatic.com/images?q=tbn:ANd9GcQT7a_nKuRSDM0nrBU5mOlim6308gy5dWZ3IPHZ&s=0,https://www.unitedhealthgroup.com,Careers At UnitedHealth Group,Full-time,['FULLTIME'],https://careers.unitedhealthgroup.com/job/21561898/associate-software-engineer-ii-production-support-hyderabad-in/?utm_campaign=google_jobs_apply&utm_source=google_jobs_apply&utm_medium=organic,False
woSoXzjSx-zKR9_ZAAAAAA==,Sr. Software Engineer - Java,Open Text Technologies India Pvt Ltd,,https://www.opentext.com,OpenText Careers,Full-time,['FULLTIME'],https://careers.opentext.com/us/en/job/48620/Sr-Software-Engineer-Java?utm_campaign=google_jobs_apply&utm_source=google_jobs_apply&utm_medium=organic,False
65QGqFrcAcSJ14pLAAAAAA==,Lead Software Engineer - NLP,Gartner Careers,,https://jobs.gartner.com,Gartner Careers,Full-time,['FULLTIME'],https://jobs.gartner.com/jobs/job/100230-lead-software-engineer-nlp/?utm_campaign=google_jobs_apply&utm_source=google_jobs_apply&utm_medium=organic,False
XQ4SdHzECFHuGRovAAAAAA==,Senior Software Engineer (Full Stack & Agentic AI),ServiceNow,https://encrypted-tbn0.gstatic.com/images?q=tbn:ANd9GcRTKYOfBp7PGNXn_UuimS-If47jMLjo6Eso9JMZ&s=0,https://www.servicenow.com,ServiceNow Careers,Full-time,['FULLTIME'],https://careers.servicenow.com/jobs/744000075009935/senior-software-engineer-full-stack-agentic-ai/?utm_campaign=google_jobs_apply&utm_source=google_jobs_apply&utm_medium=organic,False
-OT4x88zpuTBaF7VAAAAAA==,FullStack Software Engineer (Java/ Python),PGBPGNGLOBAL,,,P&G Careers,Full-time,['FULLTIME'],https://www.pgcareers.com/eu/en/job/R000134935/FullStack-Software-Engineer-Java-Python?utm_campaign=google_jobs_apply&utm_source=google_jobs_apply&utm_medium=organic,False
xVU0THDsMEK-FghMAAAAAA==,Software Developer-Senior II,Federal Express Corporation AMEA,https://encrypted-tbn0.gstatic.com/images?q=tbn:ANd9GcT2AwaONUWe0oCIA6W71Vjvkqg5LnD7euyCG7wt&s=0,https://careers.fedex.com,FedEx Careers,Full-time,['FULLTIME'],https://careers.fedex.com/software-developer-senior-ii/job/P25-221731-1?utm_campaign=google_jobs_apply&utm_source=google_jobs_apply&utm_medium=organic,True
7TA496ptBh6zNCq0AAAAAA==,Sr. Software Development Engineer in Test,Lilly,https://encrypted-tbn0.gstatic.com/images?q=tbn:ANd9GcSeca-uxHwL5dO_wjkDp3kOTzD7Jq-pXc4QTl5B&s=0,https://www.lilly.com,Lilly Careers - Eli Lilly,Full-time,['FULLTIME'],https://careers.lilly.com/us/en/job/R-81284/Sr-Software-Development-Engineer-in-Test?utm_campaign=google_jobs_apply&utm_source=google_jobs_apply&utm_medium=organic,False
GncWvSOoTZS0C6gPAAAAAA==,Senior Staff Software Developer,Synopsys,,https://www.synopsys.com,Synopsys Careers,Full-time,['FULLTIME'],https://careers.synopsys.com/job/hyderabad/senior-staff-software-developer/44408/84691873888?utm_campaign=google_jobs_apply&utm_source=google_jobs_apply&utm_medium=organic,False
11c4ReGSAoUdzH6sAAAAAA==,Principal Software Engineer - Large Scale Distributed Systems & Data Platform,WARNERMEDIA,,,WBD Careers - Warner Bros. Discovery,Full-time,['FULLTIME'],https://careers.wbd.com/global/en/job/R000077866/Principal-Software-Engineer-Large-Scale-Distributed-Systems-Data-Platform?utm_campaign=google_jobs_apply&utm_source=google_jobs_apply&utm_medium=organic,False
Bm0Ng8vDh0zYCONHAAAAAA==,Sr Software Engineer,PepsiCo,,https://www.pepsico.com,PepsiCo Careers,Full-time,['FULLTIME'],https://www.pepsicojobs.com/main/jobs/379296?lang=en-US&utm_campaign=google_jobs_apply&utm_source=google_jobs_apply&utm_medium=organic,True
oSFmySU69QDKW0naAAAAAA==,MTS Software Development Eng.,"Advanced Micro Devices, Inc",,,AMD Careers,Full-time,['FULLTIME'],https://careers.amd.com/careers-home/jobs/58385?lang=en-us&utm_campaign=google_jobs_apply&utm_source=google_jobs_apply&utm_medium=organic,True
UBlnw186HdjjSf9GAAAAAA==,Senior Software Engineer- Frontend,Alter Domus,https://encrypted-tbn0.gstatic.com/images?q=tbn:ANd9GcQYEXlh4EKFKNw6xz5JCnrkRrUhjeO6oC5sD36y&s=0,https://alterdomus.com,Alter Domus,Full-time,['FULLTIME'],https://careers.alterdomus.com/en/job/hyderabad/senior-software-engineer-frontend/38735/22206277696?utm_campaign=google_jobs_apply&utm_source=google_jobs_apply&utm_medium=organic,False
uoGnFd91WnqmI-97AAAAAA==,"Software Engineer, Staff - AI Platform Engineer",Blackbaud,https://encrypted-tbn0.gstatic.com/images?q=tbn:ANd9GcT1tosBEAdwLXGSg-bgkrorMS76GP5Bhu5Pd5GD&s=0,https://www.blackbaud.com,Blackbaud Jobs,Full-time,['FULLTIME'],https://careers.blackbaud.com/us/en/job/R0012641/Software-Engineer-Staff-AI-Platform-Engineer?utm_campaign=google_jobs_apply&utm_source=google_jobs_apply&utm_medium=organic,False
ThdLZKL9lKl15vhhAAAAAA==,Senior Backend Software Engineer / SMTS - Hyderabad/Bangalore,"Salesforce, Inc.",https://encrypted-tbn0.gstatic.com/images?q=tbn:ANd9GcT9X9O1w-zhMgcpUf_sqgKi9zK4jws0GJVh4WFF&s=0,https://www.salesforce.com,Salesforce Careers,Full-time,['FULLTIME'],https://careers.salesforce.com/en/jobs/jr278733/senior-backend-software-engineer-smts-hyderabadbangalore/?utm_campaign=google_jobs_apply&utm_source=google_jobs_apply&utm_medium=organic,False
HxRoiSMxC8LJpMRDAAAAAA==,Sr Software Engineer - IOS,Uber,https://encrypted-tbn0.gstatic.com/images?q=tbn:ANd9GcQrnrY2RBocwi6880j2OSqQFKoIisGklfEwXd_3&s=0,https://www.uber.com/,Uber,Full-time,['FULLTIME'],https://www.uber.com/global/en/careers/list/145530/?utm_campaign=google_jobs_apply&utm_source=google_jobs_apply&utm_medium=organic,True
qPbpt1Y3lOaArzK0AAAAAA==,Software Engineering Specialist,GE Vernova,,https://www.gevernova.com,GE Vernova Careers,Full-time,['FULLTIME'],https://careers.gevernova.com/global/en/job/GVXGVWGLOBALR5014153EXTERNALENGLOBAL/Software-Engineering-Specialist?utm_campaign=google_jobs_apply&utm_source=google_jobs_apply&utm_medium=organic,False
rDEb4Pz7CNLIlfyXAAAAAA==,Senior Staff Software Engineer,ServiceNow,https://encrypted-tbn0.gstatic.com/images?q=tbn:ANd9GcRTKYOfBp7PGNXn_UuimS-If47jMLjo6Eso9JMZ&s=0,https://www.servicenow.com,ServiceNow Careers,Full-time,['FULLTIME'],https://careers.servicenow.com/jobs/744000074968145/senior-staff-software-engineer/?utm_campaign=google_jobs_apply&utm_source=google_jobs_apply&utm_medium=organic,False
STCmVyKyOR6lRRiLAAAAAA==,Expert Software Engineer (KSPM),Aqua Security,,http://www.aquasec.com/,Aqua Security,Full-time,['FULLTIME'],https://www.aquasec.com/about-us/careers/co/hyderabad-india/E9.75F/expert-software-engineer-kspm/all/?utm_campaign=google_jobs_apply&utm_source=google_jobs_apply&utm_medium=organic,False
AMlfXqXkkBO_QuSYAAAAAA==,Software Engineer - Python,Experian,,https://www.experian.com,Experian,Full-time,['FULLTIME'],https://jobs.experian.com/job/software-engineer-python-in-hyderabad-india-jid-2012?utm_campaign=google_jobs_apply&utm_source=google_jobs_apply&utm_medium=organic,False
9ryKDMWfz0XsXg34AAAAAA==,Sr Specialist Software Engineering,AT&T,https://encrypted-tbn0.gstatic.com/images?q=tbn:ANd9GcTNc737ZDTV2k6rsNV0Ws3zBgNCYKp5FfkNRqlY&s=0,https://www.att.com/,AT&T Careers,Full-time,['FULLTIME'],https://www.att.jobs/job/hyderabad/sr-specialist-software-engineering/117/84081339696?utm_campaign=google_jobs_apply&utm_source=google_jobs_apply&utm_medium=organic,False
E16tCAe1A7gFHn0-AAAAAA==,Lead Software Engineer (AWS & Java),EPAM Systems,,http://www.epam.com/,EPAM,Full-time,['FULLTIME'],https://www.epam.com/careers/job-listings/job.epamgdo_blt2b64decfd6859da9_en-us_Hyderabad_India.lead-software-engineer-aws-java_hyderabad_india?utm_campaign=google_jobs_apply&utm_source=google_jobs_apply&utm_medium=organic,False
rBo0Xnewjf1jZtnfAAAAAA==,"Lead Software Engineer - Endur, JVS, Java",Wells Fargo,,http://www.wellsfargo.com/,Wells Fargo,Full-time,['FULLTIME'],https://www.wellsfargojobs.com/en/jobs/r-468766/lead-software-engineer-endur-jvs-java/?utm_campaign=google_jobs_apply&utm_source=google_jobs_apply&utm_medium=organic,False
aCUfzdwv88u8bbFRAAAAAA==,"Senior Manager, Software Engineer",MSD,https://encrypted-tbn0.gstatic.com/images?q=tbn:ANd9GcSyFtTU6dH1FwwF9_qSB0jWpCvGlPMuU0Exl77L&s=0,http://www.merck.com/,MSD Careers,Full-time,['FULLTIME'],https://jobs.msd.com/gb/en/job/R345602/Senior-Manager-Software-Engineer?utm_campaign=google_jobs_apply&utm_source=google_jobs_apply&utm_medium=organic,False
oJJYejcShvN4bie7AAAAAA==,Software Engineer (Development and Test),Luxoft,https://encrypted-tbn0.gstatic.com/images?q=tbn:ANd9GcT_OhtndE6mGDfcQ_VYU9f6p96lLp770UqQzRXz&s=0,http://www.luxoft.com/,Luxoft,Full-time,['FULLTIME'],https://career.luxoft.com/jobs/software-engineer-development-and-test-14980?utm_campaign=google_jobs_apply&utm_source=google_jobs_apply&utm_medium=organic,True
csDCEPZ2TjlYavjqAAAAAA==,Software Engineering Lead- Mobile Developer,UnitedHealth Group,https://encrypted-tbn0.gstatic.com/images?q=tbn:ANd9GcQT7a_nKuRSDM0nrBU5mOlim6308gy5dWZ3IPHZ&s=0,https://www.unitedhealthgroup.com,Careers At UnitedHealth Group,Full-time,['FULLTIME'],https://careers.unitedhealthgroup.com/job/22066861/software-engineering-lead-mobile-developer-hyderabad-in/?utm_campaign=google_jobs_apply&utm_source=google_jobs_apply&utm_medium=organic,False
DFFAQctuWM1f5xbqAAAAAA==,uReturn -Software Engineer / Applications Developer / Data Engineer,Uber,https://encrypted-tbn0.gstatic.com/images?q=tbn:ANd9GcQrnrY2RBocwi6880j2OSqQFKoIisGklfEwXd_3&s=0,https://www.uber.com/,Uber,Full-time,['FULLTIME'],https://www.uber.com/global/zh/careers/list/124017/?utm_campaign=google_jobs_apply&utm_source=google_jobs_apply&utm_medium=organic,True
ldCQdxfwnFn8kGI-AAAAAA==,DevOps Software Engineer,Blackbaud,https://encrypted-tbn0.gstatic.com/images?q=tbn:ANd9GcT1tosBEAdwLXGSg-bgkrorMS76GP5Bhu5Pd5GD&s=0,https://www.blackbaud.com,Blackbaud Jobs,Full-time,['FULLTIME'],https://careers.blackbaud.com/us/en/job/R0012326/DevOps-Software-Engineer?utm_campaign=google_jobs_apply&utm_source=google_jobs_apply&utm_medium=organic,False
u15dPrAWaXMJY0ktAAAAAA==,"Staff Software Engineer, ServiceNow Platform",ServiceNow,https://encrypted-tbn0.gstatic.com/images?q=tbn:ANd9GcRTKYOfBp7PGNXn_UuimS-If47jMLjo6Eso9JMZ&s=0,https://www.servicenow.com,ServiceNow Careers,Full-time,['FULLTIME'],https://careers.servicenow.com/jobs/744000074678205/staff-software-engineer-servicenow-platform/?utm_campaign=google_jobs_apply&utm_source=google_jobs_apply&utm_medium=organic,False
VyVXW8s4om9B36yRAAAAAA==,Embedded Software Engineer,GE Vernova,,https://www.gevernova.com,GE Vernova Careers,Full-time,['FULLTIME'],https://careers.gevernova.com/global/en/job/GVXGVWGLOBALR5015219EXTERNALENGLOBAL/Embedded-Software-Engineer?utm_campaign=google_jobs_apply&utm_source=google_jobs_apply&utm_medium=organic,False
09Dx5a8p7wvy_UC1AAAAAA==,"Lead, Software Engineering | Lead Engineer",Verisk,https://encrypted-tbn0.gstatic.com/images?q=tbn:ANd9GcSxk57WRvLgAVKXGK-iN_1T92AxLHYdQzcVcRYJ&s=0,http://www.verisk.com/,LinkedIn,Full-time,['FULLTIME'],https://in.linkedin.com/jobs/view/lead-software-engineering-lead-engineer-at-verisk-4215361674?utm_campaign=google_jobs_apply&utm_source=google_jobs_apply&utm_medium=organic,False
Chv1BmUv0rC3h3oMAAAAAA==,Staff Software Engineer - Data Platform,WARNERMEDIA,,,WBD Careers - Warner Bros. Discovery,Full-time,['FULLTIME'],https://careers.wbd.com/pl/pl/job/R000080072/Staff-Software-Engineer-Data-Platform?utm_campaign=google_jobs_apply&utm_source=google_jobs_apply&utm_medium=organic,False
0yk3n1ycHysxjVFTAAAAAA==,Sr.Software Engineer,Randstad,https://encrypted-tbn0.gstatic.com/images?q=tbn:ANd9GcQnGi2f4uoxgnabfk515UOSB5L5BbLT5Hq0qaii&s=0,http://www.randstad.in/,Randstad India,Full-time,['FULLTIME'],https://www.randstad.in/jobs/srsoftware-engineer_hyderabad_1521ea59-3512-4b44-b7c8-52843cb1bb05/?utm_campaign=google_jobs_apply&utm_source=google_jobs_apply&utm_medium=organic,True
jtI81KIKZG5pH02QAAAAAA==,Senior Software Engineer - Technical Developer - Workday Compensation,Wells Fargo,,http://www.wellsfargo.com/,Wells Fargo,Full-time,['FULLTIME'],https://www.wellsfargojobs.com/en/jobs/r-467011/senior-software-engineer-technical-developer-workday-compensation/?utm_campaign=google_jobs_apply&utm_source=google_jobs_apply&utm_medium=organic,False
NHTpgT4E2wTM99oVAAAAAA==,"R&D Software Engineer - C++, Python, TCAD Simulation",Synopsys,,https://www.synopsys.com,Synopsys Careers,Full-time,['FULLTIME'],https://careers.synopsys.com/job/hyderabad/r-and-d-software-engineer-c-python-tcad-simulation/44408/79097603184?utm_campaign=google_jobs_apply&utm_source=google_jobs_apply&utm_medium=organic,False
3IsWyJREUgaR8bzdAAAAAA==,"Lead Software Engineer (Java Full Stack, React.JS)",EPAM Systems,,,EPAM,Full-time,['FULLTIME'],https://www.epam.com/careers/job-listings/job.epamgdo_blta1adbb9bfa28f2dc_en-us_Hyderabad_India.lead-software-engineer-java-full-stack-react-js_hyderabad_india?utm_campaign=google_jobs_apply&utm_source=google_jobs_apply&utm_medium=organic,False
5z4tFGu8gklROKF5AAAAAA==,Software Engineer - Java and React,UnitedHealth Group,https://encrypted-tbn0.gstatic.com/images?q=tbn:ANd9GcQT7a_nKuRSDM0nrBU5mOlim6308gy5dWZ3IPHZ&s=0,https://www.unitedhealthgroup.com,Careers At UnitedHealth Group,Full-time,['FULLTIME'],https://careers.unitedhealthgroup.com/job/22288456/software-engineer-java-and-react-hyderabad-in/?utm_campaign=google_jobs_apply&utm_source=google_jobs_apply&utm_medium=organic,False
hjk1ryGSDs1zoLf0AAAAAA==,Senior DevOps Software Engineer,Blackbaud,https://encrypted-tbn0.gstatic.com/images?q=tbn:ANd9GcT1tosBEAdwLXGSg-bgkrorMS76GP5Bhu5Pd5GD&s=0,https://www.blackbaud.com,Blackbaud Jobs,Full-time,['FULLTIME'],https://careers.blackbaud.com/us/en/job/R0012560/Senior-DevOps-Software-Engineer?utm_campaign=google_jobs_apply&utm_source=google_jobs_apply&utm_medium=organic,False
Kz6slVtYtFAwH7xcAAAAAA==,Staff Software Engineer,GE Vernova,,https://www.gevernova.com,GE Vernova Careers,Full-time,['FULLTIME'],https://careers.gevernova.com/global/en/job/GVXGVWGLOBALR5003938EXTERNALENGLOBAL/Staff-Software-Engineer?utm_campaign=google_jobs_apply&utm_source=google_jobs_apply&utm_medium=organic,False
eKe1r_XZjsQSvQ96AAAAAA==,Senior Software Engineer - Microsoft Stack (.NET/Azure),Experian,,https://www.experian.com,Experian,Full-time,['FULLTIME'],https://jobs.experian.com/job/senior-software-engineer-microsoft-stack-net-azure-in-hyderabad-india-jid-1849?utm_campaign=google_jobs_apply&utm_source=google_jobs_apply&utm_medium=organic,False
FlNRVG1iEpn2J5KIAAAAAA==,"Software Engineer, Principal",Blackbaud,https://encrypted-tbn0.gstatic.com/images?q=tbn:ANd9GcT1tosBEAdwLXGSg-bgkrorMS76GP5Bhu5Pd5GD&s=0,https://www.blackbaud.com,Blackbaud Jobs,Full-time,['FULLTIME'],https://careers.blackbaud.com/us/en/job/R0012615/Software-Engineer-Principal?utm_campaign=google_jobs_apply&utm_source=google_jobs_apply&utm_medium=organic,False
gtiCBrvYRNtyUagWAAAAAA==,Sr Staff Software Engineer - Architect,GE Vernova,,https://www.gevernova.com,GE Vernova Careers,Full-time,['FULLTIME'],https://careers.gevernova.com/global/en/job/GVXGVWGLOBALR5003614EXTERNALENGLOBAL/Sr-Staff-Software-Engineer-Architect?utm_campaign=google_jobs_apply&utm_source=google_jobs_apply&utm_medium=organic,False
XGI5FAE30ighjOKGAAAAAA==,Senior Software Engineer ( Gen AI),ServiceNow,https://encrypted-tbn0.gstatic.com/images?q=tbn:ANd9GcRTKYOfBp7PGNXn_UuimS-If47jMLjo6Eso9JMZ&s=0,https://www.servicenow.com,ServiceNow Careers,Full-time,['FULLTIME'],https://careers.servicenow.com/jobs/744000066522031/senior-software-engineer-gen-ai/?utm_campaign=google_jobs_apply&utm_source=google_jobs_apply&utm_medium=organic,False
5APQat90gfLp9TTTAAAAAA==,Senior Software Engineering Lead - Java FSE with AWS,UnitedHealth Group,https://encrypted-tbn0.gstatic.com/images?q=tbn:ANd9GcQT7a_nKuRSDM0nrBU5mOlim6308gy5dWZ3IPHZ&s=0,https://www.unitedhealthgroup.com,Careers At UnitedHealth Group,Full-time,['FULLTIME'],https://careers.unitedhealthgroup.com/job/22178183/senior-software-engineering-lead-java-fse-with-aws-hyderabad-in/?utm_campaign=google_jobs_apply&utm_source=google_jobs_apply&utm_medium=organic,False
xAVmzEq_rI3RPm_iAAAAAA==,Senior Data Management Analyst,Experian,,https://www.experian.com,Experian,Full-time,['FULLTIME'],https://jobs.experian.com/job/senior-data-management-analyst-in-hyderabad-india-jid-2405?utm_campaign=google_jobs_apply&utm_source=google_jobs_apply&utm_medium=organic,False
zNz6Cwaeko7BPZ1fAAAAAA==,AI Data Analyst,Carrier,,https://www.carrier.com,Search Carrier Jobs - Carrier,Full-time,['FULLTIME'],https://jobs.carrier.com/en/job/hyderabad/ai-data-analyst/29289/81283161552?utm_campaign=google_jobs_apply&utm_source=google_jobs_apply&utm_medium=organic,False
QKRvZqbIZFQV4IT2AAAAAA==,HIH - Data Engineering Analyst,The Cigna Group,https://encrypted-tbn0.gstatic.com/images?q=tbn:ANd9GcRbiM2lMDe9hA14IFZdSJw8Mz2cZQJcbXPKXxHS&s=0,https://www.thecignagroup.com,Cigna - The Cigna Group,Full-time,['FULLTIME'],https://jobs.thecignagroup.com/us/en/job/25006749/HIH-Data-Engineering-Analyst?utm_campaign=google_jobs_apply&utm_source=google_jobs_apply&utm_medium=organic,False
NXnq5fQmss9YsUCBAAAAAA==,Data Management Analyst,Wells Fargo,,https://www.wellsfargo.com,Wells Fargo,Full-time,['FULLTIME'],https://www.wellsfargojobs.com/en/jobs/r-476410/data-management-analyst/?utm_campaign=google_jobs_apply&utm_source=google_jobs_apply&utm_medium=organic,False
cFxGS2HIAzIEndofAAAAAA==,"Data Analyst Finance (VBA, Power Query, Power BI, Python) 4+ years of experience)",Dupont,https://encrypted-tbn0.gstatic.com/images?q=tbn:ANd9GcRq4_n4qJ3G8rI7ZaKerzwseMrBGxRpNx0PXb1f&s=0,https://www.dupont.com,DuPont Careers,Full-time,['FULLTIME'],https://careers.dupont.com/us/en/job/246328W/Data-Analyst-Finance-VBA-Power-Query-Power-BI-Python-4-years-of-experience?utm_campaign=google_jobs_apply&utm_source=google_jobs_apply&utm_medium=organic,False
jOLpBckWVixbZ2xsAAAAAA==,Associate/Analyst - Data Analytics,D. E. Shaw India,,https://www.deshawindia.com,D. E. Shaw India,Full-time,['FULLTIME'],https://www.deshawindia.com/careers/associate-analyst-data-analytics-4672?utm_campaign=google_jobs_apply&utm_source=google_jobs_apply&utm_medium=organic,False
VGSrFDj8972lwgAjAAAAAA==,Data Analyst III,Crunchyroll,https://encrypted-tbn0.gstatic.com/images?q=tbn:ANd9GcS0isEdhp132BwikvyBr97KQGg80VUyXSC-Cc5n&s=0,https://www.crunchyroll.com,Wellfound,Full-time,['FULLTIME'],https://wellfound.com/jobs/3337756-data-analyst-iii?utm_campaign=google_jobs_apply&utm_source=google_jobs_apply&utm_medium=organic,True
0cZuF1phPpLQWq0BAAAAAA==,Regulatory Data Analyst,Flutter,,https://www.flutter.com,Flutter Group Careers,Full-time,['FULLTIME'],https://careers.fluttergroup.com/jobs/jr130631/regulatory-data-analyst/?utm_campaign=google_jobs_apply&utm_source=google_jobs_apply&utm_medium=organic,False
h8NOeDQvJAq3oN_7AAAAAA==,Master Data Analyst,Carrier,,https://www.carrier.com,Search Carrier Jobs - Carrier,Full-time,['FULLTIME'],https://jobs.carrier.com/en/job/hyderabad/master-data-analyst/29289/84204938448?utm_campaign=google_jobs_apply&utm_source=google_jobs_apply&utm_medium=organic,False
0w0lE3AIO47YjDziAAAAAA==,"Senior Data Analyst, IN",DAZN,https://encrypted-tbn0.gstatic.com/images?q=tbn:ANd9GcSkIoYR5jNPhqaejw3-3MSa_p3iDCym90ITQgYB&s=0,,DAZN Careers,Full-time,['FULLTIME'],https://careers.dazn.com/postings/8d0d26d7-dfa8-4ef1-b05a-6efc62111fc7?utm_campaign=google_jobs_apply&utm_source=google_jobs_apply&utm_medium=organic,False
cM4Pyg_0m762npZRAAAAAA==,Sr Data Analyst – BI & Reporting,GE Vernova,,http://www.gevernova.com/,GE Vernova Careers,Full-time,['FULLTIME'],https://careers.gevernova.com/global/en/job/GVXGVWGLOBALR5008439EXTERNALENGLOBAL/Sr-Data-Analyst-BI-Reporting?utm_campaign=google_jobs_apply&utm_source=google_jobs_apply&utm_medium=organic,False
SGhH1jsVojgEhlHQAAAAAA==,HIH - Data Engineering Senior Analyst,The Cigna Group,https://encrypted-tbn0.gstatic.com/images?q=tbn:ANd9GcRbiM2lMDe9hA14IFZdSJw8Mz2cZQJcbXPKXxHS&s=0,https://www.thecignagroup.com,Cigna - The Cigna Group,Full-time,['FULLTIME'],https://jobs.thecignagroup.com/us/en/job/25006751/HIH-Data-Engineering-Senior-Analyst?utm_campaign=google_jobs_apply&utm_source=google_jobs_apply&utm_medium=organic,False
RzmScLvss4jGd-q3AAAAAA==,FP&A Data Analyst,New Era Technology,https://encrypted-tbn0.gstatic.com/images?q=tbn:ANd9GcRZGpZrzjQJp-EeHIMjAiNARcz_g6bFGrh_c_kM&s=0,https://www.neweratech.com,LinkedIn,Contractor,"['CONTRACTOR', 'CONTRACTOR']",https://in.linkedin.com/jobs/view/fp-a-data-analyst-at-new-era-technology-4281690266?utm_campaign=google_jobs_apply&utm_source=google_jobs_apply&utm_medium=organic,False
kfLR4CMbgM-ZerHFAAAAAA==,Business Analyst - Enterprise Data Operations,Lilly,https://encrypted-tbn0.gstatic.com/images?q=tbn:ANd9GcSeca-uxHwL5dO_wjkDp3kOTzD7Jq-pXc4QTl5B&s=0,http://www.lilly.com/,Lilly Careers - Eli Lilly,Full-time,['FULLTIME'],https://careers.lilly.com/us/en/job/R-89666/Business-Analyst-Enterprise-Data-Operations?utm_campaign=google_jobs_apply&utm_source=google_jobs_apply&utm_medium=organic,False
rGSEDgXxMB4GNOV1AAAAAA==,Data Analyst IRC267968,Hitachi Careers,,https://careers.hitachi.com,Hitachi Careers,Full-time,['FULLTIME'],https://careers.hitachi.com/jobs/16292472-data-analyst-irc267968?utm_campaign=google_jobs_apply&utm_source=google_jobs_apply&utm_medium=organic,False
5eHqcB3gTdKocsvRAAAAAA==,Enterprise Data Operations Analyst,PepsiCo,,https://www.pepsico.com,PepsiCo Careers,Full-time,['FULLTIME'],https://www.pepsicojobs.com/india/jobs/388341?utm_campaign=google_jobs_apply&utm_source=google_jobs_apply&utm_medium=organic,True
Cu09IsNwG8jcheauAAAAAA==,"Data Analyst with Tableau, Payroll, Accounting Background",iitjobs inc,https://encrypted-tbn0.gstatic.com/images?q=tbn:ANd9GcRC39Ssl4X7a4mZ4ti4xaAI3MO8YlOiwuSY81Nw&s=0,https://www.iitjobs.com,Iitjobs,Full-time,['FULLTIME'],https://www.iitjobs.com/job/data-analyst-with-tableau-payroll-accounting-background-hyderabad-telangana-india-iitjobs-inc-15337?utm_campaign=google_jobs_apply&utm_source=google_jobs_apply&utm_medium=organic,False
sNbIXmcPNWd0srr0AAAAAA==,Senior Data Analyst with Python Coding experience,Hitachi Careers,,https://careers.hitachi.com,Hitachi Careers,Full-time,['FULLTIME'],https://careers.hitachi.com/jobs/16449055-senior-data-analyst-with-python-coding-experience?utm_campaign=google_jobs_apply&utm_source=google_jobs_apply&utm_medium=organic,False
-WqsQbmm0Py2nC4UAAAAAA==,"Data Scientist with EDA, Python, SQL and Business Analysis",Cognizant,,https://www.cognizant.com,Cognizant Careers,Full-time,['FULLTIME'],https://careers.cognizant.com/india-en/jobs/00063738612/data-scientist-with-eda-python-sql-and-business-analysis/?utm_campaign=google_jobs_apply&utm_source=google_jobs_apply&utm_medium=organic,False
pxy8njmKyAPCaCs2AAAAAA==,Data Analyst - Supply Chain Optimization,Genpact,https://encrypted-tbn0.gstatic.com/images?q=tbn:ANd9GcQLltRBl4DQWU5qLUR9a-uK5asM6fgp_Ff5Gymp&s=0,http://www.genpact.com/,Jobaaj,Full-time,['FULLTIME'],https://www.jobaaj.com/job/genpact-data-analyst-supply-chain-optimization-hyderabad-0-to-1-years-787001?utm_campaign=google_jobs_apply&utm_source=google_jobs_apply&utm_medium=organic,True
A9w-i8vq8p1KcEg9AAAAAA==,Product Data Analyst II,Phenom People Pvt Ltd,https://encrypted-tbn0.gstatic.com/images?q=tbn:ANd9GcSghCcVmjqTczOXtLC_zC1hmZ27ebgG8HIIDLzd&s=0,,Phenom Jobs,Full-time,['FULLTIME'],https://careers.phenompeople.com/us/en/job/P-104048/Product-Data-Analyst-II?utm_campaign=google_jobs_apply&utm_source=google_jobs_apply&utm_medium=organic,False
iKfN7Ae4EsHjM6eqAAAAAA==,Data Modelling + Data Analyst + Python -T2 /Hyd,Virtusa,,http://www.virtusa.com/,ZipRecruiter India,Full-time,['FULLTIME'],https://www.ziprecruiter.in/jobs/423774517-data-modelling-data-analyst-python-t2-hyd-at-virtusa?utm_campaign=google_jobs_apply&utm_source=google_jobs_apply&utm_medium=organic,False
1lS9RT1w4LMRMUsnAAAAAA==,Oliver Wyman - Senior Data Analytics Specialist (Power BI) - Hyderabad,Oliver Wyman Group,https://encrypted-tbn0.gstatic.com/images?q=tbn:ANd9GcTyStJ2h8GrJVTHwUZY-vRknFt_7IWLksLv9tTg&s=0,http://www.oliverwyman.com/,Careers At Marsh McLennan,Full-time,['FULLTIME'],https://careers.marshmclennan.com/global/en/job/MAMCGLOBALR314973EXTERNALENGLOBAL/Oliver-Wyman-Senior-Data-Analytics-Specialist-Power-BI-Hyderabad?utm_campaign=google_jobs_apply&utm_source=google_jobs_apply&utm_medium=organic,False
08P6_0DGueUE4pHwAAAAAA==,Manager Data Analyst - Digital Finance Hyderabad,Novartis Pharmaceuticals,https://encrypted-tbn0.gstatic.com/images?q=tbn:ANd9GcRj5IR-UDs034fUmuiahHp9Y93grPSoYM-ock2F&s=0,http://www.novartis.com/,HBA Careers,Full-time,['FULLTIME'],https://careers.hbanet.org/job/manager-data-analyst-digital-finance-hyderabad-hyderabad-46963?utm_campaign=google_jobs_apply&utm_source=google_jobs_apply&utm_medium=organic,False
yRk2C3CS1DpQuMrGAAAAAA==,Senior Data Analysts,Cognizant,,https://www.cognizant.com,Cognizant Careers,Full-time,['FULLTIME'],https://careers.cognizant.com/emea-de/arbeitsplaetze/00064733381/senior-data-analysts/?utm_campaign=google_jobs_apply&utm_source=google_jobs_apply&utm_medium=organic,False
hB7Sfk5za50OOBv6AAAAAA==,SQL Data and Statistical Analyst,Triangle,https://encrypted-tbn0.gstatic.com/images?q=tbn:ANd9GcRHFlZ4ZDBwjVo5FtGduTORK-1RQWe_JYMs6xmr&s=0,https://www.trianglemfg.com,Iitjobs,Full-time,['FULLTIME'],https://www.iitjobs.com/job/sql-data-and-statistical-analyst-hyderabad-telangana-india-triangle-92499?utm_campaign=google_jobs_apply&utm_source=google_jobs_apply&utm_medium=organic,False
4v2Z_CgkP3GjpL01AAAAAA==,Senior Digital Analyst,Thomson Reuters,,http://www.tr.com/,Thomson Reuters Careers,Full-time,['FULLTIME'],https://careers.thomsonreuters.com/us/en/job/JREQ192582/Senior-Digital-Analyst?utm_campaign=google_jobs_apply&utm_source=google_jobs_apply&utm_medium=organic,False
WIVlIH1CL_h-mpp2AAAAAA==,"Business Analyst - Data Analyst Job in Hyderabad, India",Virtusa,,http://www.virtusa.com/,Virtusa,Full-time,['FULLTIME'],https://www.virtusa.com/careers/in/hyderabad/data-platforms/business-analyst-data-analyst/creq222874?utm_campaign=google_jobs_apply&utm_source=google_jobs_apply&utm_medium=organic,False
fLRTAB9DIQVtWNxjAAAAAA==,Sr. Data Analyst,iCIMS Talent Acquisition,,http://www.icims.com/,ICIMS Careers,Full-time,['FULLTIME'],https://careers.icims.com/jobs/6072?utm_campaign=google_jobs_apply&utm_source=google_jobs_apply&utm_medium=organic,True
zJXnS-6j4od_PulTAAAAAA==,Hiring Data Analytics or Analyst Trainee,Bytemetrics Solutions,,,Jobaaj,Full-time,['FULLTIME'],https://www.jobaaj.com/job/hiring-data-analytics-or-analyst-trainee-hyderabad-telangana-india-0-to-1-years-484247?utm_campaign=google_jobs_apply&utm_source=google_jobs_apply&utm_medium=organic,True
yKocGb3n8OvWbg5SAAAAAA==,Senior Data and AI Analyst,Valuebound,https://encrypted-tbn0.gstatic.com/images?q=tbn:ANd9GcShwU6_7-evrUTiYQVGhAUfhbqEQi8oh8Av02Lu&s=0,https://www.valuebound.com,LinkedIn,Full-time,['FULLTIME'],https://in.linkedin.com/jobs/view/senior-data-and-ai-analyst-at-valuebound-4268758879?utm_campaign=google_jobs_apply&utm_source=google_jobs_apply&utm_medium=organic,False
W3nJn6t9L2G07PP7AAAAAA==,Reliability Data Analyst,"9040 Pinnacle Reliability India, PLC",,https://pinnaclereliability.com,Workday,Full-time,['FULLTIME'],https://pinnacle.wd1.myworkdayjobs.com/en-US/Pinnacle/job/Reliability-Data-Analyst_R1815?utm_campaign=google_jobs_apply&utm_source=google_jobs_apply&utm_medium=organic,False
jD8qjEpkca6BTo5zAAAAAA==,Enterprise Data Operations Sr. Analyst,PepsiCo,,https://www.pepsico.com,PepsiCo Careers,Full-time,['FULLTIME'],https://www.pepsicojobs.com/main/jobs/387848?lang=en-us&utm_campaign=google_jobs_apply&utm_source=google_jobs_apply&utm_medium=organic,True
wCdlVGsUOZf9TQSbAAAAAA==,Senior Team Lead - Data Analytics,Uber,https://encrypted-tbn0.gstatic.com/images?q=tbn:ANd9GcTfVP6MiEvjCsLvqP03wmySKeDkyj_JquCejGIX&s=0,https://www.uber.com,Instahyre,Full-time,['FULLTIME'],https://www.instahyre.com/job-360015-senior-team-lead-data-analytics-at-uber-hyderabad/?utm_campaign=google_jobs_apply&utm_source=google_jobs_apply&utm_medium=organic,False
qNIaAvpMpoijXQCMAAAAAA==,"BIE I, Analytics Operations and Programs",Amazon,https://encrypted-tbn0.gstatic.com/images?q=tbn:ANd9GcQTifI4qApXZgV_Uz8tSiGZXIaES6fcOxT554DO&s=0,https://www.amazon.com,LinkedIn,Full-time,['FULLTIME'],https://in.linkedin.com/jobs/view/bie-i-analytics-operations-and-programs-at-amazon-4131365360?utm_campaign=google_jobs_apply&utm_source=google_jobs_apply&utm_medium=organic,False
X2T-nACAxZGSPhroAAAAAA==,Data Analytics- Hyderabad (1-2 Years Of Experience),A Client of Analytics Vidhya,,https://jobsnew.analyticsvidhya.com,Analytics Vidhya,Full-time,['FULLTIME'],https://jobsnew.analyticsvidhya.com/jobs/data-analytics-hyderabad-1-2-years-of-experience/?utm_campaign=google_jobs_apply&utm_source=google_jobs_apply&utm_medium=organic,False
-pM6E6jSr3Vm8-kAAAAAAA==,EPM Data Integration Senior Analyst,Flutter,,https://www.flutter.com,Flutter Group Careers,Full-time,['FULLTIME'],https://careers.fluttergroup.com/jobs/jr128504/epm-data-integration-senior-analyst/?utm_campaign=google_jobs_apply&utm_source=google_jobs_apply&utm_medium=organic,False
z2jt7Ai7JxpFGQUFAAAAAA==,"Analyst, Data Sourcing – Metadata (L08)",Synchrony Financial,https://encrypted-tbn0.gstatic.com/images?q=tbn:ANd9GcTqDo1wucuF967oPks4ZPaEH2gPI_mEQDH0MsLO&s=0,https://www.synchrony.com,Synchrony Careers,Full-time,['FULLTIME'],https://www.synchronycareers.com/job-detail/22249338/analyst-data-sourcing-metadata-l08-remote/?utm_campaign=google_jobs_apply&utm_source=google_jobs_apply&utm_medium=organic,False
nJKjtyXvcHyaWldtAAAAAA==,Data Analyst(Tableau+SQL) @ Hyderabad,iitjobs inc,https://encrypted-tbn0.gstatic.com/images?q=tbn:ANd9GcRC39Ssl4X7a4mZ4ti4xaAI3MO8YlOiwuSY81Nw&s=0,https://www.iitjobs.com,Iitjobs,Full-time,['FULLTIME'],https://www.iitjobs.com/job/data-analysttableausql-at-hyderabad-hyderabad-telangana-india-iitjobs-inc-71120?utm_campaign=google_jobs_apply&utm_source=google_jobs_apply&utm_medium=organic,False
eCopPMa5yRHcOcUjAAAAAA==,"""Senior Data Analyst""",Cognizant,,https://www.cognizant.com,Cognizant Careers,Full-time,['FULLTIME'],https://careers.cognizant.com/latam-es/empleos/00064395121/senior-data-analyst/?utm_campaign=google_jobs_apply&utm_source=google_jobs_apply&utm_medium=organic,False
2FsRU460F_PgBGxbAAAAAA==,"Data Analyst I, Innovation & Digital Health",Bristol-Myers Squibb,https://encrypted-tbn0.gstatic.com/images?q=tbn:ANd9GcSW4LsZpSRDSvLahkyaFrRtxNLHSm4U1oQofYzz&s=0,http://www.bms.com/,Jobaaj,Full-time,['FULLTIME'],https://www.jobaaj.com/job/bristol-myers-squibb-data-analyst-i-innovation-digital-health-hyderabad-telangana-india-0-to-3-years-359662?utm_campaign=google_jobs_apply&utm_source=google_jobs_apply&utm_medium=organic,True
YVBexshLIbTV8KUwAAAAAA==,Corp Tech/DE&A-CFO	Data Analyst	Advanced,MassMutual India,https://encrypted-tbn0.gstatic.com/images?q=tbn:ANd9GcQt7mjzZlfZL4jQpKsbgUFbBgLfm9kw859C0duw&s=0,http://www.vfgnys.com/,Built In,Full-time,['FULLTIME'],https://builtin.com/job/corp-tech-de-cfo-data-analyst-advanced/6460499?utm_campaign=google_jobs_apply&utm_source=google_jobs_apply&utm_medium=organic,False
F-FPwTRldHstD2fbAAAAAA==,Python Data Analyst,Shreeniwas Innovations Pvt. Ltd.,,https://shreeniwas.com,Shine,Full-time,['FULLTIME'],https://www.shine.com/jobs/python-data-analyst/shreeniwas-innovations-pvt-ltd/17410668?utm_campaign=google_jobs_apply&utm_source=google_jobs_apply&utm_medium=organic,False
AzdNutiHz4k8LTABAAAAAA==,Internal Audit-Data Analytics-Analyst-Hyderabad,Goldman Sachs,https://encrypted-tbn0.gstatic.com/images?q=tbn:ANd9GcTMi6RXoJ4WMZ31I_iCDBKqF-ljtUN0gvaub2Yy&s=0,https://www.goldmansachs.com/,Jobaaj,Full-time,['FULLTIME'],https://www.jobaaj.com/job/goldman-sachs-internal-audit-data-analytics-analyst-hyderabad-hyderabad-telangana-india-1-to-3-years-384234?utm_campaign=google_jobs_apply&utm_source=google_jobs_apply&utm_medium=organic,True
d5UwKgyQUtRZr3snAAAAAA==,"Sr. Data/System Analyst (India, Hyderabad)",Insight Global,,https://insightglobal.com,Insight Global,Full-time and Contractor,"['FULLTIME', 'CONTRACTOR', 'CONTRACTOR']",https://insightglobal.com/jobs/find_a_job/california/san-francisco/sr-data-system-analyst-india-hyderabad-/job-388454/?utm_campaign=google_jobs_apply&utm_source=google_jobs_apply&utm_medium=organic,False
H0CgJO42GXLM_SwFAAAAAA==,Opening For SR. Data Analytics,Firstwave Technology,,http://firstwave.com/,Placement India,Full-time,['FULLTIME'],https://www.placementindia.com/job-detail/data-analyst-in-firstwave-technology-at-hyderabad-1352692.htm?utm_campaign=google_jobs_apply&utm_source=google_jobs_apply&utm_medium=organic,False
2prhU26gg70DtM1iAAAAAA==,Data Analyst - Healthcare,Optum,,https://www.optum.com,Jobaaj,Full-time,['FULLTIME'],https://www.jobaaj.com/job/optum-data-analyst-healthcare-hyderabad-2-to-4-years-834611?utm_campaign=google_jobs_apply&utm_source=google_jobs_apply&utm_medium=organic,True
QDSOH9modmCG65zIAAAAAA==,Freshers For Data Analyst - Hyderabad,BB Software Solutions,,,Placement India,Full-time,['FULLTIME'],https://www.placementindia.com/job-detail/data-research-in-bb-software-solutions-at-hyderabad-1326996.htm?utm_campaign=google_jobs_apply&utm_source=google_jobs_apply&utm_medium=organic,False
wfj-QB62KNRTLXVKAAAAAA==,"Sr. Specialist DDIT OPS Data, Analytics, DS&AI",Novartis Pharmaceuticals,https://encrypted-tbn0.gstatic.com/images?q=tbn:ANd9GcRj5IR-UDs034fUmuiahHp9Y93grPSoYM-ock2F&s=0,http://www.novartis.com/,HBA Careers,Full-time,['FULLTIME'],https://careers.hbanet.org/job/sr-specialist-ddit-ops-data-analytics-ds-ai-hyderabad-38048?utm_campaign=google_jobs_apply&utm_source=google_jobs_apply&utm_medium=organic,False
DfcYCBW1uCGnVdEEAAAAAA==,Risk and Finance Data Analyst-2 (Python) | 4 to 9 years | Pune & Bangalore & Hyderabad,Capgemini Invent,,http://www.capgemini.com/service/invent,Shine,Full-time,['FULLTIME'],https://www.shine.com/jobs/risk-and-finance-data-analyst-2-python-4-to-9-years-pune-bangalore-hyderabad/capgemini-invent/17432323?utm_campaign=google_jobs_apply&utm_source=google_jobs_apply&utm_medium=organic,False
1VE_BMEbkio2xxz-AAAAAA==,DevOps Engineer,Barclays,https://encrypted-tbn0.gstatic.com/images?q=tbn:ANd9GcQGynjTIX-u7dO0i7gRSZgnEQlZXKEuAV1gahHi&s=0,https://www.barclays.com/,Barclays Careers,Full-time,['FULLTIME'],https://search.jobs.barclays/job/pune/devops-engineer/13015/78376983040?utm_campaign=google_jobs_apply&utm_source=google_jobs_apply&utm_medium=organic,False
cAEEiX0PPr0OO133AAAAAA==,Senior Cloud DevOps Engineer,Snowflake,https://encrypted-tbn0.gstatic.com/images?q=tbn:ANd9GcQSpLqaY5bhser3M_0CNtOLHRqhfh6VYSZ_gF1p&s=0,http://www.snowflake.com/,Snowflake Careers,Full-time,['FULLTIME'],https://careers.snowflake.com/us/en/job/SNCOUSB8AC47577F36474B83E475F22CA86B71EXTERNALENUS94EDDD1821514DB8AECA8382D3A79D4E/Senior-Cloud-DevOps-Engineer?utm_campaign=google_jobs_apply&utm_source=google_jobs_apply&utm_medium=organic,False
un9YHtX5-Uztxb6DAAAAAA==,DevOps Engineer - Marketing,Siemens,,http://www.siemens.com/,Careers | Siemens Digital Industries Software - Siemens,Full-time,['FULLTIME'],https://jobs.sw.siemens.com/pune-ind/devops-engineer-marketing/659D5B660AD1401CB3173C5FBA704DB0/job/?utm_campaign=google_jobs_apply&utm_source=google_jobs_apply&utm_medium=organic,False
sVbWIkCY1pRgD7wKAAAAAA==,"DevOps Jobs in Pune, India",Virtusa,,http://www.virtusa.com/,Virtusa,Full-time,['FULLTIME'],https://www.virtusa.com/careers/in/pune/devops?utm_campaign=google_jobs_apply&utm_source=google_jobs_apply&utm_medium=organic,False
kheqRQCu6KfE7zY0AAAAAA==,Lead DevOps Engineer - Java,Principal Global Services,https://encrypted-tbn0.gstatic.com/images?q=tbn:ANd9GcTztiTaUONF_Uhc0gXrGpJ5OgQ2cD1LW5pWlkKu&s=0,,Careers At Principal - Principal Financial,Full-time,['FULLTIME'],https://careers.principal.com/in/jobs/47158?lang=en-us&previousLocale=en-US&utm_campaign=google_jobs_apply&utm_source=google_jobs_apply&utm_medium=organic,True
e7oVsceiYzgrMwTzAAAAAA==,DevOps Engineer/Lead,vueverse.,https://encrypted-tbn0.gstatic.com/images?q=tbn:ANd9GcRup9QvLqbDv1RMSJ20Q2-WC8vaaAQ00yW3nvu8&s=0,https://ivueverse.com,LinkedIn,Full-time,['FULLTIME'],https://in.linkedin.com/jobs/view/devops-engineer-lead-at-vueverse-4279414857?utm_campaign=google_jobs_apply&utm_source=google_jobs_apply&utm_medium=organic,False
5FOPYSA2rlYUnyhfAAAAAA==,Application Engineer - DevOps/Infra,Barclays,https://encrypted-tbn0.gstatic.com/images?q=tbn:ANd9GcQGynjTIX-u7dO0i7gRSZgnEQlZXKEuAV1gahHi&s=0,https://www.barclays.com/,Barclays Careers,Full-time,['FULLTIME'],https://search.jobs.barclays/job/pune/application-engineer-devops-infra/13015/84762881760?utm_campaign=google_jobs_apply&utm_source=google_jobs_apply&utm_medium=organic,False
xyWUZqFgL5kqrbIuAAAAAA==,DevOps Engineer - Source Code Management Platforms,Roche,https://encrypted-tbn0.gstatic.com/images?q=tbn:ANd9GcTvq_W2NTpOlZRtAqoxDN18KzC32Lm647HzRm-O&s=0,http://www.roche.com/,Roche Careers,Full-time,['FULLTIME'],https://careers.roche.com/global/en/job/ROCHGLOBAL202505112586EXTERNALENGLOBAL/DevOps-Engineer-Source-Code-Management-Platforms?utm_campaign=google_jobs_apply&utm_source=google_jobs_apply&utm_medium=organic,False
RkIjw0LqMdVcRxEdAAAAAA==,Software Engineer II (DevOps) Real Time Payments,Mastercard,https://encrypted-tbn0.gstatic.com/images?q=tbn:ANd9GcTnWxNA5w472wqgBWJbT6wqQd_uHMmklYpnLovn&s=0,https://www.mastercard.com,Mastercard Careers,Full-time,['FULLTIME'],https://careers.mastercard.com/us/en/job/R-254178/Software-Engineer-II-DevOps-Real-Time-Payments?utm_campaign=google_jobs_apply&utm_source=google_jobs_apply&utm_medium=organic,False
kFemrCJSutuEN42-AAAAAA==,DevOps Engineer (f/m/d),thinkproject,,https://www.thinkproject.com,Jobs - Thinkproject,Full-time,['FULLTIME'],https://careers.thinkproject.com/DevOps-Engineer-fmd-eng-j1285.html?utm_campaign=google_jobs_apply&utm_source=google_jobs_apply&utm_medium=organic,True
DJTv07tVk9XgPqdWAAAAAA==,DevOps Engineer - India,Domo,https://encrypted-tbn0.gstatic.com/images?q=tbn:ANd9GcRab725B4ZHjVDiGbzOAuFRK8iVA317sbKCCoTN&s=0,https://www.domo.com,Startup Jobs,Full-time,['FULLTIME'],https://startup.jobs/devops-engineer-india-domo-7062505?utm_campaign=google_jobs_apply&utm_source=google_jobs_apply&utm_medium=organic,False
dY1obCQLG7vFLhEwAAAAAA==,Software Engineer DevOps,157 Careers,https://encrypted-tbn0.gstatic.com/images?q=tbn:ANd9GcSzBYc2kEWJQwr9v3KufS8xh9ZCJR-SZsBh4SDG&s=0,http://www.157careers.in,LinkedIn,Full-time,['FULLTIME'],https://in.linkedin.com/jobs/view/software-engineer-devops-at-157-careers-4282185599?utm_campaign=google_jobs_apply&utm_source=google_jobs_apply&utm_medium=organic,False
Mf_hO01aRIfB_cDfAAAAAA==,Senior DevOps Engineer,Barclays,https://encrypted-tbn0.gstatic.com/images?q=tbn:ANd9GcQGynjTIX-u7dO0i7gRSZgnEQlZXKEuAV1gahHi&s=0,,Barclays Careers,Full-time,['FULLTIME'],https://search.jobs.barclays/job/pune/senior-devops-engineer/13015/84459246320?utm_campaign=google_jobs_apply&utm_source=google_jobs_apply&utm_medium=organic,False
sQNX-jyW4Vr4XW4pAAAAAA==,Kubernetes DevOps Engineer- Pune Location,iitjobs inc,https://encrypted-tbn0.gstatic.com/images?q=tbn:ANd9GcRC39Ssl4X7a4mZ4ti4xaAI3MO8YlOiwuSY81Nw&s=0,https://www.iitjobs.com,Iitjobs,Full-time,['FULLTIME'],https://www.iitjobs.com/job/kubernetes-devops-engineer-pune-location-pune-maharashtra-india-iitjobs-inc-44660?utm_campaign=google_jobs_apply&utm_source=google_jobs_apply&utm_medium=organic,False
lyHcND0QXQy5IG7XAAAAAA==,Systems Engineer (Azure & DevOps),EPAM Systems,,,EPAM,Full-time,['FULLTIME'],https://www.epam.com/careers/job-listings/job.epamgdo_blte62c1d1d7a382833_en-us_Pune_India.systems-engineer-azure-devops_pune_india?utm_campaign=google_jobs_apply&utm_source=google_jobs_apply&utm_medium=organic,False
hNvSBtlL0qaUia_pAAAAAA==,Mid-Level Backend / DevOps Engineer,Dyspach,https://encrypted-tbn0.gstatic.com/images?q=tbn:ANd9GcSK48SAj8km6-gMx5oVCPwnZ-EisPghXdvbN2fa&s=0,https://www.dyspach.com,Wellfound,Full-time,['FULLTIME'],https://wellfound.com/jobs/2799941-mid-level-backend-devops-engineer?utm_campaign=google_jobs_apply&utm_source=google_jobs_apply&utm_medium=organic,True
Ek8oD6cOXDVeiCyEAAAAAA==,Cloud DevOps Engineer,Align Technology,https://encrypted-tbn0.gstatic.com/images?q=tbn:ANd9GcTisYgGKHf_B09-K1X0QF0Kd0UUmi8u6FMA-Bsk&s=0,https://www.aligntech.com,Align Technology Careers,Full-time,['FULLTIME'],https://jobs.aligntech.com/ko/postings/73a230f9-1062-4118-a1fe-7bbe815d4843?utm_campaign=google_jobs_apply&utm_source=google_jobs_apply&utm_medium=organic,False
V0vLHWFchSpNDQFTAAAAAA==,SAP ABAP DevOps Engineer,Johnson Controls International,https://encrypted-tbn0.gstatic.com/images?q=tbn:ANd9GcTGBerwGh6vdHIbuDCCP7AML5-QnCqEfwEJ-l1u&s=0,https://www.johnsoncontrols.com,Johnson Controls Careers,Full-time,['FULLTIME'],https://jobs.johnsoncontrols.com/fr/job/WD30243746?utm_campaign=google_jobs_apply&utm_source=google_jobs_apply&utm_medium=organic,False
ipngLOotia1ZhYwGAAAAAA==,SRE DevOps Engineer,Zensar Technologies,https://encrypted-tbn0.gstatic.com/images?q=tbn:ANd9GcRzW49idQgLlO0tWRFhLkrEZpnghFIuLe30CFUp&s=0,http://www.zensar.com/,Internshala,Full-time,['FULLTIME'],https://internshala.com/job/detail/sre-devops-engineer-job-in-pune-at-zensar-technologies1752712279?utm_campaign=google_jobs_apply&utm_source=google_jobs_apply&utm_medium=organic,False
YwUIYtPIDXcK5mS4AAAAAA==,Devops Engineer – Release Manager,FINGROW CONSULTING SERVICES PVT LTD,,,Iitjobs,Full-time,['FULLTIME'],https://www.iitjobs.com/job/devops-engineer-release-manager-pune-maharashtra-india-fingrow-consulting-services-pvt-ltd-85755?utm_campaign=google_jobs_apply&utm_source=google_jobs_apply&utm_medium=organic,False
kFemrCJSutuEN42-AAAAAA==,DevOps Engineer (f/m/d),thinkproject,https://encrypted-tbn0.gstatic.com/images?q=tbn:ANd9GcT6tyXRuyetxGU4A85FmkhN3jT30JINlnerrX-P&s=0,https://www.thinkproject.com,Jobs - Thinkproject,Full-time,['FULLTIME'],https://careers.thinkproject.com/DevOps-Engineer-fmd-eng-j1285.html?utm_campaign=google_jobs_apply&utm_source=google_jobs_apply&utm_medium=organic,True
EeVsV0Ev89PqByFrAAAAAA==,DevOps Engineer-AWS,Heaptrace Technology,https://encrypted-tbn0.gstatic.com/images?q=tbn:ANd9GcTy7CV6boE11Yj3P410feODxrDJWMJOKirTjfmZ&s=0,http://www.heaptrace.com/,Glassdoor,Full-time,['FULLTIME'],"https://www.glassdoor.co.in/job-listing/devops-engineer-aws-heaptrace-technology-JV_IC2856202_KO0,19_KE20,40.htm?jl=1009606705249&utm_campaign=google_jobs_apply&utm_source=google_jobs_apply&utm_medium=organic",True
JsWiuAy18BBlI6GGAAAAAA==,Release and DevOps Engineer,Wolters Kluwer,https://encrypted-tbn0.gstatic.com/images?q=tbn:ANd9GcRDkXohP8f96qXZ448IHmnSJt63gqRnk4vfYfGK&s=0,https://www.wolterskluwer.com/en,LinkedIn,Full-time,['FULLTIME'],https://in.linkedin.com/jobs/view/release-and-devops-engineer-at-wolters-kluwer-4270722002?utm_campaign=google_jobs_apply&utm_source=google_jobs_apply&utm_medium=organic,False
i27IC3BQjYPGtQW_AAAAAA==,DevOps Engineer | 6 TO 12 years | Mumbai & Bengaluru & Pune & Gurugram,Capgemini Invent,,https://www.capgemini.com,Capgemini,Full-time,['FULLTIME'],https://www.capgemini.com/in-en/jobs/wqWtTJEBOD1fn20zi-2x/devops-engineer-6-to-12-years-mumbai-bengaluru-pune-gurugram/?utm_campaign=google_jobs_apply&utm_source=google_jobs_apply&utm_medium=organic,False
ft00WgTQW5gZb41yAAAAAA==,Staff DevOps Engineer,Assent,https://encrypted-tbn0.gstatic.com/images?q=tbn:ANd9GcQ4-KOr67dR5bowzCxw1cOgOMovTvbidnhatufa&s=0,https://www.assent.com,SmartRecruiters,Full-time,['FULLTIME'],https://www.smartrecruiters.com/Assent/744000073910147-staff-devops-engineer?utm_campaign=google_jobs_apply&utm_source=google_jobs_apply&utm_medium=organic,False
K4ajHfGcGipNmrVrAAAAAA==,"Tech Devops Engineer, Enterprise AI Suite",UBS,https://encrypted-tbn0.gstatic.com/images?q=tbn:ANd9GcTdDhaiq8_idid7C4IcFjZ8abcRaog54wF8QZQY&s=0,http://www.ubs.com/,LinkedIn,Full-time,['FULLTIME'],https://in.linkedin.com/jobs/view/tech-devops-engineer-enterprise-ai-suite-at-ubs-4276859269?utm_campaign=google_jobs_apply&utm_source=google_jobs_apply&utm_medium=organic,False
ZTyiZhCwRo4alBIeAAAAAA==,DevOps Engineer (m/f/d),Thinkproject,,https://www.thinkproject.com,Jobaaj,Full-time,['FULLTIME'],https://www.jobaaj.com/job/thinkproject-devops-engineer-m-f-d-pune-maharashtra-0-to-1-years-795892?utm_campaign=google_jobs_apply&utm_source=google_jobs_apply&utm_medium=organic,True
ap8Knrkt_CcYIo_fAAAAAA==,DevOps Engineer - Remote Work,BairesDev,https://encrypted-tbn0.gstatic.com/images?q=tbn:ANd9GcTlKnj-NTdgpoVKu5H71oIlLQViQ0F83tVLbsem&s=0,https://www.bairesdev.com/,SimplyHired,Full-time,['FULLTIME'],https://www.simplyhired.co.in/job/Zv1fSAPabv7jjWW7X4jEdxE24YKJJs9C0cid-NSgACYp0TfFHEUCZQ?utm_campaign=google_jobs_apply&utm_source=google_jobs_apply&utm_medium=organic,False
O-FtcMQe4PjtIvU2AAAAAA==,DevOps Engineer | Full time,Asmadiya Technologies,https://encrypted-tbn0.gstatic.com/images?q=tbn:ANd9GcQTNDJA77WHLQbK3uHDR-qXwdR7qX141hLfKPCa&s=0,http://asmadiya.com,Glassdoor,Full-time,['FULLTIME'],"https://www.glassdoor.co.in/job-listing/devops-engineer-full-time-asmadiya-technologies-JV_IC2856202_KO0,25_KE26,47.htm?jl=1008581545745&utm_campaign=google_jobs_apply&utm_source=google_jobs_apply&utm_medium=organic",False
mqahOOFp6N17FHQFAAAAAA==,Kubernetes DevOps Engineer,iitjobs inc,https://encrypted-tbn0.gstatic.com/images?q=tbn:ANd9GcRC39Ssl4X7a4mZ4ti4xaAI3MO8YlOiwuSY81Nw&s=0,https://www.iitjobs.com,Iitjobs,Full-time,['FULLTIME'],https://www.iitjobs.com/job/kubernetes-devops-engineer-pune-maharashtra-india-iitjobs-inc-44953?utm_campaign=google_jobs_apply&utm_source=google_jobs_apply&utm_medium=organic,False
bHVZjZ_JjlYe_SCiAAAAAA==,Mainframe DevOps Engineer,Barclays,https://encrypted-tbn0.gstatic.com/images?q=tbn:ANd9GcQGynjTIX-u7dO0i7gRSZgnEQlZXKEuAV1gahHi&s=0,https://www.barclays.com/,Barclays Careers,Full-time,['FULLTIME'],https://search.jobs.barclays/job/pune/mainframe-devops-engineer/13015/84447412960?utm_campaign=google_jobs_apply&utm_source=google_jobs_apply&utm_medium=organic,False
YfbxhTUEyWjd0DK_AAAAAA==,Citi Commodities Technology – DevOps Engineer – Pune,Citi Bank,,http://www.citi.com/,Job Referral,Full-time,['FULLTIME'],https://getmereferred.com/job-listing/citi-commodities-technology-devops-engineer-pune-citi-bank-pune-2-to-5-years-experience-acb6d3cd-d9c2-44fb-a1fa-f9b4d7ddd846?utm_campaign=google_jobs_apply&utm_source=google_jobs_apply&utm_medium=organic,False
WbHg8h2a-bqUULhJAAAAAA==,DevOps Engineer (6-9 years exp),Enlyft,https://encrypted-tbn0.gstatic.com/images?q=tbn:ANd9GcQxqL1IQlXrGJGdh0pqwK3NiymtzwxWfqHo22f0&s=0,https://enlyft.com,LinkedIn,Full-time,['FULLTIME'],https://in.linkedin.com/jobs/view/devops-engineer-6-9-years-exp-at-enlyft-4228373710?utm_campaign=google_jobs_apply&utm_source=google_jobs_apply&utm_medium=organic,False
NcJtcWB0HPF3I2H-AAAAAA==,Lead Devops Engineer,Alfa Laval,,http://www.alfalaval.com/,Alfa Laval,Full-time,['FULLTIME'],https://career.alfalaval.com/zh/jobs/lead-devops-engineer-pune-maharashtra-india?utm_campaign=google_jobs_apply&utm_source=google_jobs_apply&utm_medium=organic,False
R41gG7w28v86Eg7FAAAAAA==,Terraform with DevOps,Hitachi Careers,,http://www.hitachi.com/,Hitachi Careers,Full-time,['FULLTIME'],https://careers.hitachi.com/jobs/13929494-terraform-with-devops?utm_campaign=google_jobs_apply&utm_source=google_jobs_apply&utm_medium=organic,False
LvKTEzjsFJP1bcbuAAAAAA==,SRE/DevOps Engineer,Centre for Computational Technologies,,,SimplyHired,Full-time,['FULLTIME'],https://www.simplyhired.co.in/job/8y8h103dfclY6ZCm2p9nVTdxhLHritsrFzoaAsgyF6--ZskVIxFsww?utm_campaign=google_jobs_apply&utm_source=google_jobs_apply&utm_medium=organic,False
nI9ZSe1U-gk_7nr2AAAAAA==,Site Reliability/DevOps Engineer,Deutsche Bank,https://encrypted-tbn0.gstatic.com/images?q=tbn:ANd9GcQaXPfcKiLNXK8IEBtH38KX2YvT8z2k7hLhQvC6&s=0,http://www.db.com/,Jobaaj,Full-time,['FULLTIME'],https://www.jobaaj.com/job/deutsche-bank-site-reliability-devops-engineer-pune-maharashtra-0-to-1-years-535910?utm_campaign=google_jobs_apply&utm_source=google_jobs_apply&utm_medium=organic,True
f8kfIROZyEpeYLHtAAAAAA==,Senior Software Engineer (DevOps),Autodesk,https://encrypted-tbn0.gstatic.com/images?q=tbn:ANd9GcQQjr4CYClUQmOnJVpF67sI5vrEwKLo-kRiLVmE&s=0,https://www.autodesk.com/,Fairygodboss,Full-time,['FULLTIME'],https://fairygodboss.com/jobs/autodesk/senior-software-engineer-devops-867d0c81774412e13fd524b43a410fff?utm_campaign=google_jobs_apply&utm_source=google_jobs_apply&utm_medium=organic,False
Bb3jDJz90VzKqr5GAAAAAA==,"Software Engineer, DevOps",Verantos,https://encrypted-tbn0.gstatic.com/images?q=tbn:ANd9GcQZgcSCg9GncUFa2LrM0cncRQdgqvJv2IJMuKBS&s=0,https://verantos.com,Startup Jobs,Full-time,['FULLTIME'],https://startup.jobs/software-engineer-devops-verantos-6931609?utm_campaign=google_jobs_apply&utm_source=google_jobs_apply&utm_medium=organic,False
s9zvaGLap0rs-Fi1AAAAAA==,DevOps Site Reliability Engineer,LotusFlare,https://encrypted-tbn0.gstatic.com/images?q=tbn:ANd9GcQluZGh-hRaJqNU4oVPCtsnvK2_P-yWaGktHXAh&s=0,http://lotusflare.com/,LinkedIn,Full-time,['FULLTIME'],https://in.linkedin.com/jobs/view/devops-site-reliability-engineer-at-lotusflare-4272883906?utm_campaign=google_jobs_apply&utm_source=google_jobs_apply&utm_medium=organic,False
3Q5FR9RlUTRc0w0uAAAAAA==,Cloud and DevOps Engineer,WAi Technologies,https://encrypted-tbn0.gstatic.com/images?q=tbn:ANd9GcQKhcNtfHPe0LV1K5uTWs1J89RsSnwK9ZlRt1ya&s=0,,Glassdoor,Full-time,['FULLTIME'],"https://www.glassdoor.co.in/job-listing/cloud-and-devops-engineer-wai-technologies-JV_IC2856202_KO0,25_KE26,42.htm?jl=1009710490450&utm_campaign=google_jobs_apply&utm_source=google_jobs_apply&utm_medium=organic",False
SI8KGhUEQhF0TKWyAAAAAA==,DevOps Engineer for Electric Vehicle Powertrain HPC,Tata Technologies,https://encrypted-tbn0.gstatic.com/images?q=tbn:ANd9GcRJHuna-pF7ij5bsZm-cbeZ5Cx4ZLw7Nu41rrzK&s=0,http://www.tatatechnologies.com/,Jobs,Full-time,['FULLTIME'],https://superjobss.com/jobs/devops-engineer-for-electric-vehicle-powertrain-hpc-tata-technologies-pune-maharashtra-24b66b25-11e7-4782-8d3d-146037bbf305?utm_campaign=google_jobs_apply&utm_source=google_jobs_apply&utm_medium=organic,False
uPTIEra0z0bU0uEXAAAAAA==,"DevOps Engineer (CICD, Jenkins, Terraform, GCP)",Vintage Consultancy Services,https://encrypted-tbn0.gstatic.com/images?q=tbn:ANd9GcRuanbywJxmMQTAG7TG3wTa7h5ZLI7hLujph9tb&s=0,,Expertia AI,Full-time and Contractor,"['FULLTIME', 'CONTRACTOR', 'CONTRACTOR']",https://www.expertia.ai/vintageconsultancy/job/hiring-devops-engineer-cicd-jenkins-terraform-gcp-67ebb3295e8823dd9011077b?utm_campaign=google_jobs_apply&utm_source=google_jobs_apply&utm_medium=organic,True
H6Q2bM8oHtUuClC0AAAAAA==,Principal AI Engineer - MLOps,Rapid7,,http://www.rapid7.com/,Rapid7 Careers,Full-time,['FULLTIME'],https://careers.rapid7.com/jobs/principal-ai-engineer-mlops-pune-india-68e4de3f-47b7-4d34-8675-78be5a39b1e0?utm_campaign=google_jobs_apply&utm_source=google_jobs_apply&utm_medium=organic,False
XwJ_nG9phIt0aXZvAAAAAA==,"Senior Software Engineer, DevOps",Icertis,https://encrypted-tbn0.gstatic.com/images?q=tbn:ANd9GcSzTFSjbwPELdhw3OOByGjMpt5MZeCUbdwMimGu&s=0,http://www.icertis.com/,LinkedIn,Full-time,['FULLTIME'],https://in.linkedin.com/jobs/view/senior-software-engineer-devops-at-icertis-4267243264?utm_campaign=google_jobs_apply&utm_source=google_jobs_apply&utm_medium=organic,False
2dnqEIHauMcpNZdHAAAAAA==,GFN and NvApp DevOps Engineer,NVIDIA,https://encrypted-tbn0.gstatic.com/images?q=tbn:ANd9GcQKQHMWTntAshvewVT_VQ7j0BHTo7AiLIdtnRJV&s=0,http://www.nvidia.com/,Fairygodboss,Full-time,['FULLTIME'],https://fairygodboss.com/jobs/nvidia/gfn-and-nvapp-devops-engineer-2a5f4dbcaf0ce0201ea1ff652aabe85e?utm_campaign=google_jobs_apply&utm_source=google_jobs_apply&utm_medium=organic,False
XXiibMEY5-Q92d5uAAAAAA==,Infrastructure Engineer,Siemens,,http://www.siemens.com/,Careers | Siemens Digital Industries Software - Siemens,Full-time,['FULLTIME'],https://jobs.sw.siemens.com/pune-ind/infrastructure-engineer/C5C95257EAE04FEFA7A63D56B5B1F116/job/?utm_campaign=google_jobs_apply&utm_source=google_jobs_apply&utm_medium=organic,False
QE58y4rXY5f-a1KOAAAAAA==,Mobile CI/CD DevOps Engineer,Mastercard,https://encrypted-tbn0.gstatic.com/images?q=tbn:ANd9GcRo09B-TGrKnmJO0YOKiZrMatjV0DBToVy486lZ&s=0,https://www.mastercard.com,JobzMall,Full-time,['FULLTIME'],https://www.jobzmall.com/mastercard/job/mobile-ci-cd-devops-engineer?utm_campaign=google_jobs_apply&utm_source=google_jobs_apply&utm_medium=organic,True
K18H2v28Af56DH8nAAAAAA==,Java Full Stack Developer,Equifax,,https://www.equifax.com,Equifax Careers,Full-time,['FULLTIME'],https://careers.equifax.com/en/jobs/j00168815/java-full-stack-developer/?utm_campaign=google_jobs_apply&utm_source=google_jobs_apply&utm_medium=organic,False
TRFbc9TCPqoExZbXAAAAAA==,Java Developer Progammer Analyst - Pune,Early Career,,https://www.kpmguscareers.com,Citi Careers,Full-time,['FULLTIME'],https://jobs.citi.com/job/pune/java-developer-progammer-analyst-pune/287/84780360112?utm_campaign=google_jobs_apply&utm_source=google_jobs_apply&utm_medium=organic,False
HY1wwuB38m8r7qSIAAAAAA==,Rest API Java Developer,Barclays,https://encrypted-tbn0.gstatic.com/images?q=tbn:ANd9GcQGynjTIX-u7dO0i7gRSZgnEQlZXKEuAV1gahHi&s=0,,Barclays Careers,Full-time,['FULLTIME'],https://search.jobs.barclays/job/pune/rest-api-java-developer/13015/84790180944?utm_campaign=google_jobs_apply&utm_source=google_jobs_apply&utm_medium=organic,False
bacRV3nowNftZ_zsAAAAAA==,Java Springboot Developer,SellCraft Global Solutions,https://encrypted-tbn0.gstatic.com/images?q=tbn:ANd9GcSijZT14TlQWyzQ3KuIHHTWL6vq3oWmZzqXrIEH&s=0,https://sellcraft.net,Iitjobs,Full-time,['FULLTIME'],https://testxlake.iitjobs.com/job/java-springboot-developer-pune-maharashtra-india-sellcraft-global-solutions-92982?utm_campaign=google_jobs_apply&utm_source=google_jobs_apply&utm_medium=organic,False
VlBmLxCAqxY6KOBuAAAAAA==,Spark Java Developer,Barclays,https://encrypted-tbn0.gstatic.com/images?q=tbn:ANd9GcQGynjTIX-u7dO0i7gRSZgnEQlZXKEuAV1gahHi&s=0,,Barclays Careers,Full-time,['FULLTIME'],https://search.jobs.barclays/job/pune/spark-java-developer/13015/84736454864?utm_campaign=google_jobs_apply&utm_source=google_jobs_apply&utm_medium=organic,False
1tkmVgFN1tlW5QmBAAAAAA==,Full Stack Java Developer - TRAC & CCLT,Barclays,https://encrypted-tbn0.gstatic.com/images?q=tbn:ANd9GcQGynjTIX-u7dO0i7gRSZgnEQlZXKEuAV1gahHi&s=0,,Barclays Careers,Full-time,['FULLTIME'],https://search.jobs.barclays/job/pune/full-stack-java-developer-trac-and-cclt/13015/83279619952?utm_campaign=google_jobs_apply&utm_source=google_jobs_apply&utm_medium=organic,False
rgVrlKOFTPIgO70IAAAAAA==,Sr. Java Developer - C12 - Pune,Citi,https://encrypted-tbn0.gstatic.com/images?q=tbn:ANd9GcR7faBQOdGUADCYL1U26nurqW3ff_-IXxzgyTrY&s=0,https://www.citigroup.com,Citi Careers,Full-time,['FULLTIME'],https://jobs.citi.com/job/pune/sr-java-developer-c12-pune/287/82981227648?utm_campaign=google_jobs_apply&utm_source=google_jobs_apply&utm_medium=organic,False
VPDAGbudwt-BPNrUAAAAAA==,Java Developer-3-5Years - PUNE,Citi,https://encrypted-tbn0.gstatic.com/images?q=tbn:ANd9GcR7faBQOdGUADCYL1U26nurqW3ff_-IXxzgyTrY&s=0,https://www.citigroup.com,Citi Careers,Full-time,['FULLTIME'],https://jobs.citi.com/job/pune/java-developer-3-5years-pune/287/84406829664?utm_campaign=google_jobs_apply&utm_source=google_jobs_apply&utm_medium=organic,False
YN-_hYqsK3tuw9PbAAAAAA==,Senior software engineer-2 (Java Full stack developer),Mastercard,https://encrypted-tbn0.gstatic.com/images?q=tbn:ANd9GcTnWxNA5w472wqgBWJbT6wqQd_uHMmklYpnLovn&s=0,https://www.mastercard.com,Mastercard Careers,Full-time,['FULLTIME'],https://careers.mastercard.com/us/en/job/R-253467/Senior-software-engineer-2-Java-Full-stack-developer?utm_campaign=google_jobs_apply&utm_source=google_jobs_apply&utm_medium=organic,False
11xPqOKgrqWnSgoKAAAAAA==,Senior Java Developer,Barclays,https://encrypted-tbn0.gstatic.com/images?q=tbn:ANd9GcQGynjTIX-u7dO0i7gRSZgnEQlZXKEuAV1gahHi&s=0,,Barclays Careers,Full-time,['FULLTIME'],https://search.jobs.barclays/job/pune/senior-java-developer/13015/83322143472?utm_campaign=google_jobs_apply&utm_source=google_jobs_apply&utm_medium=organic,False
BKEw04AcsDlRYNnCAAAAAA==,"Java Developer (Pro) Job in Pune, India",Virtusa,,https://www.virtusa.com,Virtusa,Full-time,['FULLTIME'],https://www.virtusa.com/careers/in/pune/core-tech-java/java-developer-pro/creq226723?utm_campaign=google_jobs_apply&utm_source=google_jobs_apply&utm_medium=organic,False
JOphelBeqjduorjhAAAAAA==,Senior Java Developer - AVP,Barclays,https://encrypted-tbn0.gstatic.com/images?q=tbn:ANd9GcQGynjTIX-u7dO0i7gRSZgnEQlZXKEuAV1gahHi&s=0,,Barclays Careers,Full-time,['FULLTIME'],https://search.jobs.barclays/job/pune/senior-java-developer-avp/13015/83653410672?utm_campaign=google_jobs_apply&utm_source=google_jobs_apply&utm_medium=organic,False
FZHdkiRxsxcR7-lvAAAAAA==,TCW Java Developer,Barclays,https://encrypted-tbn0.gstatic.com/images?q=tbn:ANd9GcQGynjTIX-u7dO0i7gRSZgnEQlZXKEuAV1gahHi&s=0,,Barclays Careers,Full-time,['FULLTIME'],https://search.jobs.barclays/job/pune/tcw-java-developer/13015/72448579168?utm_campaign=google_jobs_apply&utm_source=google_jobs_apply&utm_medium=organic,False
5ivrRX1DCU_7leqUAAAAAA==,Java Developer / Sr. Java Developer,Bridgenext,https://encrypted-tbn0.gstatic.com/images?q=tbn:ANd9GcRLTVnLJ_zyxl_5uE6CsL5LhzBFx8MCRz1IBjgH&s=0,https://www.bridgenext.com,LinkedIn,Full-time,['FULLTIME'],https://in.linkedin.com/jobs/view/java-developer-sr-java-developer-at-bridgenext-4281121897?utm_campaign=google_jobs_apply&utm_source=google_jobs_apply&utm_medium=organic,False
05u9xHtVkt3YN91_AAAAAA==,Java Developer/ Consultant Specialist,HSBC,,,WIZBII Jobs,Full-time,['FULLTIME'],https://en.wizbii.com/company/hsbc/job/java-developer-consultant-specialist-4?utm_campaign=google_jobs_apply&utm_source=google_jobs_apply&utm_medium=organic,False
EMc9aNuT_sQbaIN9AAAAAA==,Officer- Java full stack developer- C10- Hybrid -Pune,Early Career,,https://www.kpmguscareers.com,Citi Careers,Full-time,['FULLTIME'],https://jobs.citi.com/job/pune/officer-java-full-stack-developer-c10-hybrid-pune/287/84697028752?utm_campaign=google_jobs_apply&utm_source=google_jobs_apply&utm_medium=organic,False
xY_sPTF_1zxfCXkWAAAAAA==,Controller Technology – Java Developer – C11 - Pune,Early Career,,https://www.kpmguscareers.com,Citi Careers,Full-time,['FULLTIME'],https://jobs.citi.com/job/pune/controller-technology-java-developer-c11-pune/287/83607508400?utm_campaign=google_jobs_apply&utm_source=google_jobs_apply&utm_medium=organic,False
PkuiGObXLTm8qWmnAAAAAA==,"Lead Software Engineer (Java Full Stack Developer with hands on experience in coding, designing, developing, architecture)",Mastercard,https://encrypted-tbn0.gstatic.com/images?q=tbn:ANd9GcTnWxNA5w472wqgBWJbT6wqQd_uHMmklYpnLovn&s=0,https://www.mastercard.com,Mastercard Careers,Full-time,['FULLTIME'],https://careers.mastercard.com/us/en/job/R-211836/Lead-Software-Engineer-Java-Developer?utm_campaign=google_jobs_apply&utm_source=google_jobs_apply&utm_medium=organic,False
x3_qajKRi_SivYcCAAAAAA==,Java API Developer/ Senior Consultant Specialist,HSBC,https://encrypted-tbn0.gstatic.com/images?q=tbn:ANd9GcRRePNFlIZg1jGCttAUyuoXU7B7RZTI8AZVfZlg&s=0,,LinkedIn,Full-time,['FULLTIME'],https://in.linkedin.com/jobs/view/java-api-developer-senior-consultant-specialist-at-hsbc-4282143509?utm_campaign=google_jobs_apply&utm_source=google_jobs_apply&utm_medium=organic,False
vR2klDLXCy-02X9KAAAAAA==,"Senior Software Engineer (Java, Golang, and DevOps)",Mastercard,https://encrypted-tbn0.gstatic.com/images?q=tbn:ANd9GcTnWxNA5w472wqgBWJbT6wqQd_uHMmklYpnLovn&s=0,https://www.mastercard.com,Mastercard Careers,Full-time,['FULLTIME'],https://careers.mastercard.com/us/en/job/R-253847/Senior-Software-Engineer-Java-Golang-and-DevOps?utm_campaign=google_jobs_apply&utm_source=google_jobs_apply&utm_medium=organic,False
dlRET93lHy41qzXmAAAAAA==,Fixed Income Electronic Trading - Senior Java Developer- C12 - PUNE,Citi,https://encrypted-tbn0.gstatic.com/images?q=tbn:ANd9GcR7faBQOdGUADCYL1U26nurqW3ff_-IXxzgyTrY&s=0,https://www.citigroup.com,Citi Careers,Full-time,['FULLTIME'],https://jobs.citi.com/job/pune/fixed-income-electronic-trading-senior-java-developer-c12-pune/287/84053777280?utm_campaign=google_jobs_apply&utm_source=google_jobs_apply&utm_medium=organic,False
euZ2aiBO4d_5ZAVHAAAAAA==,Java Developer - Pune - C11,Early Career,,https://www.kpmguscareers.com,Citi Careers,Full-time,['FULLTIME'],https://jobs.citi.com/job/pune/java-developer-pune-c11/287/84221772736?utm_campaign=google_jobs_apply&utm_source=google_jobs_apply&utm_medium=organic,False
cIQzCAE32IEVHhBcAAAAAA==,Fulstack Java Developer(React JS exp)-C12-AVP-Pune,Citi,https://encrypted-tbn0.gstatic.com/images?q=tbn:ANd9GcQ1WIARHJ0aEvSnH8SikvgqR4QFC8Pv9VQ_OgaK&s=0,https://www.citigroup.com,LinkedIn,Full-time,['FULLTIME'],https://in.linkedin.com/jobs/view/fulstack-java-developer-react-js-exp-c12-avp-pune-at-citi-4280869945?utm_campaign=google_jobs_apply&utm_source=google_jobs_apply&utm_medium=organic,False
nMFY0V7IYNmRaYrZAAAAAA==,Sr Java Developer/Python/Devops- AVP- C12- Pune,Citi,https://encrypted-tbn0.gstatic.com/images?q=tbn:ANd9GcQ1WIARHJ0aEvSnH8SikvgqR4QFC8Pv9VQ_OgaK&s=0,https://www.citigroup.com,LinkedIn,Full-time,['FULLTIME'],https://in.linkedin.com/jobs/view/sr-java-developer-python-devops-avp-c12-pune-at-citi-4280389871?utm_campaign=google_jobs_apply&utm_source=google_jobs_apply&utm_medium=organic,False
X1TY-I2JUUCm5HifAAAAAA==,"Senior Software Engineer - Java, Springboot, API",Mastercard,https://encrypted-tbn0.gstatic.com/images?q=tbn:ANd9GcTnWxNA5w472wqgBWJbT6wqQd_uHMmklYpnLovn&s=0,https://www.mastercard.com,Mastercard Careers,Full-time,['FULLTIME'],https://careers.mastercard.com/us/en/job/R-252374/Senior-Software-Engineer-Java-Springboot-API?utm_campaign=google_jobs_apply&utm_source=google_jobs_apply&utm_medium=organic,False
xiJcbdmVV7uKIV2rAAAAAA==,"Core Tech Java Jobs in Pune, India",Virtusa,,https://www.virtusa.com,Virtusa,Full-time,['FULLTIME'],https://www.virtusa.com/careers/in/pune/core-tech-java?utm_campaign=google_jobs_apply&utm_source=google_jobs_apply&utm_medium=organic,False
DUKmNqcYNdKVqqVEAAAAAA==,Intermediate Java Developer,Luxoft,https://encrypted-tbn0.gstatic.com/images?q=tbn:ANd9GcT_OhtndE6mGDfcQ_VYU9f6p96lLp770UqQzRXz&s=0,http://www.luxoft.com/,Luxoft,Full-time,['FULLTIME'],https://career.luxoft.com/jobs/intermediate-java-developer-15759?utm_campaign=google_jobs_apply&utm_source=google_jobs_apply&utm_medium=organic,True
brwIVpzm1RRWbkgNAAAAAA==,Senior Java Developer- C12 - PUNE,Early Career,,https://www.kpmguscareers.com,Citi Careers,Full-time,['FULLTIME'],https://jobs.citi.com/job/pune/senior-java-developer-c12-pune/287/79604658416?utm_campaign=google_jobs_apply&utm_source=google_jobs_apply&utm_medium=organic,False
UawSduKszSbOm-XdAAAAAA==,Senior Engineer - Java Full Stack,UBS,https://encrypted-tbn0.gstatic.com/images?q=tbn:ANd9GcTdDhaiq8_idid7C4IcFjZ8abcRaog54wF8QZQY&s=0,http://www.ubs.com/,LinkedIn,Full-time,['FULLTIME'],https://in.linkedin.com/jobs/view/senior-engineer-java-full-stack-at-ubs-4279259488?utm_campaign=google_jobs_apply&utm_source=google_jobs_apply&utm_medium=organic,False
lzkLcpEztpZDLSzVAAAAAA==,Sr. Lead Java Developer | Cloud Expertise,Northern Trust,https://encrypted-tbn0.gstatic.com/images?q=tbn:ANd9GcQBtQi92HLnB1zfWFugJlAjz6WIGME5hZwTp5Hb&s=0,https://www.northerntrust.com,LinkedIn,Full-time,['FULLTIME'],https://in.linkedin.com/jobs/view/sr-lead-java-developer-cloud-expertise-at-northern-trust-4279482133?utm_campaign=google_jobs_apply&utm_source=google_jobs_apply&utm_medium=organic,False
cjBDLRZA6bhAraW8AAAAAA==,Java Fullstack Developer ( AWS),Roche,https://encrypted-tbn0.gstatic.com/images?q=tbn:ANd9GcTvq_W2NTpOlZRtAqoxDN18KzC32Lm647HzRm-O&s=0,https://www.roche.com,Roche Careers,Full-time,['FULLTIME'],https://careers.roche.com/global/en/job/ROCHGLOBAL202506114571EXTERNALENGLOBAL/Java-Fullstack-Developer-AWS?utm_campaign=google_jobs_apply&utm_source=google_jobs_apply&utm_medium=organic,False
hQwH63U7UZmQZnSsAAAAAA==,Senior Java developer with Low Latency - Pune,Early Career,,https://www.kpmguscareers.com,Citi Careers,Full-time,['FULLTIME'],https://jobs.citi.com/job/pune/senior-java-developer-with-low-latency-pune/287/84449759696?utm_campaign=google_jobs_apply&utm_source=google_jobs_apply&utm_medium=organic,False
GBC8KyELE4xJUiqHAAAAAA==,Senior Developer - Java Spark and pySpark developer - Pune,Early Career,,https://www.kpmguscareers.com,Citi Careers,Full-time,['FULLTIME'],https://jobs.citi.com/job/pune/senior-developer-java-spark-and-pyspark-developer-pune/287/84697057056?utm_campaign=google_jobs_apply&utm_source=google_jobs_apply&utm_medium=organic,False
BALG_2C5oG6OuEkTAAAAAA==,"Senior Java Backend Developer (Java, Kafka)- Assistant Vice President - C12 - Pune",Citi,https://encrypted-tbn0.gstatic.com/images?q=tbn:ANd9GcR7faBQOdGUADCYL1U26nurqW3ff_-IXxzgyTrY&s=0,https://www.citigroup.com,Citi Careers,Full-time,['FULLTIME'],https://jobs.citi.com/job/pune/senior-java-backend-developer-java-kafka-assistant-vice-president-c12-pune/287/82696481408?utm_campaign=google_jobs_apply&utm_source=google_jobs_apply&utm_medium=organic,False
GeH8YTvinHMM0g_jAAAAAA==,Software engineer-3 (Java Full stack Developer),Mastercard,https://encrypted-tbn0.gstatic.com/images?q=tbn:ANd9GcTVq5irBDQun7mrvJk9DcNbW9FOgT5cozTHdEzu&s=0,https://www.mastercard.com,Built In Pune,Full-time,['FULLTIME'],https://builtinpune.in/job/software-engineer-3-java-full-stack-developer/4054648?utm_campaign=google_jobs_apply&utm_source=google_jobs_apply&utm_medium=organic,False
3ryQ-F1Yz-q__uZpAAAAAA==,Senior Software Engineer (Java Developer / RESTAPI / Microservices),Mastercard,https://encrypted-tbn0.gstatic.com/images?q=tbn:ANd9GcTVq5irBDQun7mrvJk9DcNbW9FOgT5cozTHdEzu&s=0,https://www.mastercard.com,Built In Pune,Full-time,['FULLTIME'],https://builtinpune.in/job/senior-software-engineer-java-developer-restapi-microservices/4383516?utm_campaign=google_jobs_apply&utm_source=google_jobs_apply&utm_medium=organic,False
Q6TavrWyb16aCxp9AAAAAA==,Developer Java/J2EE Pune C11,Early Career,,https://www.kpmguscareers.com,Citi Careers,Full-time,['FULLTIME'],https://jobs.citi.com/job/pune/developer-java-j2ee-pune-c11/287/82658449616?utm_campaign=google_jobs_apply&utm_source=google_jobs_apply&utm_medium=organic,False
RAmP6Q0ufs74qIBMAAAAAA==,Java Fullstack Developer,NTT DATA,https://encrypted-tbn0.gstatic.com/images?q=tbn:ANd9GcSH-kJJf4usVs88xwWi9RzoKCcYwdh4R-8gb1hu&s=0,,NTT DATA Careers,Full-time,['FULLTIME'],https://careers.services.global.ntt/global/en/job/R-132490/Java-Fullstack-Developer?utm_campaign=google_jobs_apply&utm_source=google_jobs_apply&utm_medium=organic,False
CsfeKRlTfGJeA5lZAAAAAA==,Core Java Developer - Pune,Actian Corporation,https://encrypted-tbn0.gstatic.com/images?q=tbn:ANd9GcQRqGY2bcw7tIY6ebyUwHxfpQbfGEyXwnv-dBNS&s=0,https://www.actian.com,Lever,Full-time,['FULLTIME'],https://jobs.lever.co/actian/ac1891af-0748-4361-93d5-c37f795e1311?utm_campaign=google_jobs_apply&utm_source=google_jobs_apply&utm_medium=organic,False
HGMovPtxc8Ci9aA2AAAAAA==,Senior Software Engineer (Java Full Stack),Barclays,https://encrypted-tbn0.gstatic.com/images?q=tbn:ANd9GcQGynjTIX-u7dO0i7gRSZgnEQlZXKEuAV1gahHi&s=0,https://www.barclays.com/,Barclays Careers,Full-time,['FULLTIME'],https://search.jobs.barclays/job/pune/senior-software-engineer-java-full-stack/13015/80675893856?utm_campaign=google_jobs_apply&utm_source=google_jobs_apply&utm_medium=organic,False
6rQHBQfYLEPy6mXYAAAAAA==,TTR Sr. Java developer’,Barclays,https://encrypted-tbn0.gstatic.com/images?q=tbn:ANd9GcQGynjTIX-u7dO0i7gRSZgnEQlZXKEuAV1gahHi&s=0,https://www.barclays.com/,Barclays Careers,Full-time,['FULLTIME'],https://search.jobs.barclays/job/pune/ttr-sr-java-developer/13015/80593158784?utm_campaign=google_jobs_apply&utm_source=google_jobs_apply&utm_medium=organic,False
5JNWMLN1n7rI08R2AAAAAA==,Tech Engineer (Java/J2EE/AzureSQL/Maven/Gitlab)- (Hybrid- Pune),DigiHelic Solutions Pvt. Ltd.,https://encrypted-tbn0.gstatic.com/images?q=tbn:ANd9GcQGqTEwOlgxwYX43jNpVPnSnGtXSbZzk2AWN1ZV&s=0,https://digihelic.com,LinkedIn,Full-time,['FULLTIME'],https://in.linkedin.com/jobs/view/tech-engineer-java-j2ee-azuresql-maven-gitlab-hybrid-pune-at-digihelic-solutions-pvt-ltd-4279859787?utm_campaign=google_jobs_apply&utm_source=google_jobs_apply&utm_medium=organic,False
7NGSzs3hlPaYGPAyAAAAAA==,"Java 8 Streams - TDD, Test Driven Development Developer",CACI Ltd,https://encrypted-tbn0.gstatic.com/images?q=tbn:ANd9GcTSer0CVi0mVWLOYWJ4FxztxtRgxU8kXdHoItcy&s=0,http://www.caci.co.uk/,LinkedIn,Full-time,['FULLTIME'],https://in.linkedin.com/jobs/view/java-8-streams-tdd-test-driven-development-developer-at-caci-ltd-4279892007?utm_campaign=google_jobs_apply&utm_source=google_jobs_apply&utm_medium=organic,False
knhzqQBbPFjACljbAAAAAA==,FX IT Java Engineer,Barclays,https://encrypted-tbn0.gstatic.com/images?q=tbn:ANd9GcQGynjTIX-u7dO0i7gRSZgnEQlZXKEuAV1gahHi&s=0,https://www.barclays.com/,Barclays Careers,Full-time,['FULLTIME'],https://search.jobs.barclays/job/pune/fx-it-java-engineer/13015/80716569264?utm_campaign=google_jobs_apply&utm_source=google_jobs_apply&utm_medium=organic,False
iOWPy9OfQ80hMYKBAAAAAA==,Java Developer - Pune - C11 / Apps Dev Intermed Prgmr Anlyst (R2106041),Early Career,,https://www.kpmguscareers.com,Citi Careers,Full-time,['FULLTIME'],https://jobs.citi.com/job/pune/java-developer-pune-c11-apps-dev-intermed-prgmr-anlyst-r2106041/287/84053790464?utm_campaign=google_jobs_apply&utm_source=google_jobs_apply&utm_medium=organic,False
YI754lc5DzEGJ5Y6AAAAAA==,Full Stack Java Developer- 5-9Years-Pune,Citi,https://encrypted-tbn0.gstatic.com/images?q=tbn:ANd9GcQ1WIARHJ0aEvSnH8SikvgqR4QFC8Pv9VQ_OgaK&s=0,https://www.citigroup.com,LinkedIn,Full-time,['FULLTIME'],https://in.linkedin.com/jobs/view/full-stack-java-developer-5-9years-pune-at-citi-4244035261?utm_campaign=google_jobs_apply&utm_source=google_jobs_apply&utm_medium=organic,False
wQu6v7Lgyb84fynFAAAAAA==,"Java Developer – Java 8, Spring Boot, Angular 8+, Microservices",UST,https://encrypted-tbn0.gstatic.com/images?q=tbn:ANd9GcR1rLv4WKwc6Wb58tB6QjizWerFc8DTNzun-g3S&s=0,http://www.ust.com/,LinkedIn,Full-time,['FULLTIME'],https://in.linkedin.com/jobs/view/java-developer-%E2%80%93-java-8-spring-boot-angular-8%2B-microservices-at-ust-4245126579?utm_campaign=google_jobs_apply&utm_source=google_jobs_apply&utm_medium=organic,False
8VMwFCwhm8Q6LeNMAAAAAA==,"Java Backend Developer( 4+ years into Core Java,Springboot,Microservices) Pune",Worldpay,https://encrypted-tbn0.gstatic.com/images?q=tbn:ANd9GcSdW2O5DIhZ9I_lh3IckwIOzTa-VXAI3sPWa4ls&s=0,http://www.vantiv.com/,Built In,Full-time,['FULLTIME'],https://builtin.com/job/java-backend-developer-should-have-4-years-experience-java-springboot-microservices-pune/6625873?utm_campaign=google_jobs_apply&utm_source=google_jobs_apply&utm_medium=organic,False
4FHFwXWLQnlWTCu8AAAAAA==,Java Backend +  Golang +GCP ( Engineer 5 pune),Orbion Infotech,https://encrypted-tbn0.gstatic.com/images?q=tbn:ANd9GcStfY0-MMcAuHIQh1I4uYSZF180QXImK2IKQg4N&s=0,https://orbioninfotech.com,LinkedIn,Contractor,"['CONTRACTOR', 'CONTRACTOR']",https://in.linkedin.com/jobs/view/java-backend-%2B-golang-%2Bgcp-engineer-5-pune-at-orbion-infotech-4270232169?utm_campaign=google_jobs_apply&utm_source=google_jobs_apply&utm_medium=organic,False
